-- phpMyAdmin SQL Dump
-- version 4.8.5
-- https://www.phpmyadmin.net/
--
-- Servidor: 127.0.0.1:3307
-- Tiempo de generación: 26-11-2019 a las 01:17:55
-- Versión del servidor: 10.3.14-MariaDB
-- Versión de PHP: 7.2.18

SET SQL_MODE = "NO_AUTO_VALUE_ON_ZERO";
SET AUTOCOMMIT = 0;
START TRANSACTION;
SET time_zone = "+00:00";


/*!40101 SET @OLD_CHARACTER_SET_CLIENT=@@CHARACTER_SET_CLIENT */;
/*!40101 SET @OLD_CHARACTER_SET_RESULTS=@@CHARACTER_SET_RESULTS */;
/*!40101 SET @OLD_COLLATION_CONNECTION=@@COLLATION_CONNECTION */;
/*!40101 SET NAMES utf8mb4 */;

--
-- Base de datos: `sistema_examenes`
--
CREATE DATABASE IF NOT EXISTS `sistema_examenes` DEFAULT CHARACTER SET latin1 COLLATE latin1_swedish_ci;
USE `sistema_examenes`;

DELIMITER $$
--
-- Procedimientos
--
DROP PROCEDURE IF EXISTS `Logueo`$$
CREATE DEFINER=`root`@`localhost` PROCEDURE `Logueo` (`NombreUsuario` VARCHAR(200), `Contrasenia` VARCHAR(200))  begin
    SELECT *
    FROM autenticacion A
             join persona P
                  on a.AutenticacionCodigo=p.PersonaAutenticacion
    where a.AutenticacionNombreUsuario=NombreUsuario and a.AutenticacionContrasena=Contrasenia;
end$$

DELIMITER ;

-- --------------------------------------------------------

--
-- Estructura de tabla para la tabla `administrador`
--

DROP TABLE IF EXISTS `administrador`;
CREATE TABLE IF NOT EXISTS `administrador` (
                                               `AdministradorCodigo` char(5) NOT NULL,
                                               `PersonaAdministrador` char(10) NOT NULL,
                                               PRIMARY KEY (`AdministradorCodigo`),
                                               UNIQUE KEY `Administrador_PersonaAdministrador_uindex` (`PersonaAdministrador`)
) ENGINE=InnoDB DEFAULT CHARSET=latin1;

--
-- Volcado de datos para la tabla `administrador`
--

INSERT INTO `administrador` (`AdministradorCodigo`, `PersonaAdministrador`) VALUES
('10000', '9992075739');

-- --------------------------------------------------------

--
-- Estructura de tabla para la tabla `alumno`
--

DROP TABLE IF EXISTS `alumno`;
CREATE TABLE IF NOT EXISTS `alumno` (
                                        `AlumnoCodigo` char(10) NOT NULL,
                                        `PersonaAlumno` char(10) DEFAULT NULL,
                                        PRIMARY KEY (`AlumnoCodigo`),
                                        KEY `FK_Alumno_Persona` (`PersonaAlumno`)
) ENGINE=InnoDB DEFAULT CHARSET=latin1;

--
-- Volcado de datos para la tabla `alumno`
--

INSERT INTO `alumno` (`AlumnoCodigo`, `PersonaAlumno`) VALUES
('9810-RYG80', '0008654689'),
('4317-PHU41', '0009738008'),
('5035-LZM85', '0012185302'),
('9973-JAB99', '0013455439'),
('4042-WJY05', '0025797998'),
('9515-VWH30', '0031629922'),
('9878-ZWD46', '0052991191'),
('1545-OSV98', '0053393127'),
('1401-SRO89', '0096841140'),
('4316-VMB85', '0098609986'),
('0975-FAE01', '0114691626'),
('8121-WBR95', '0138916415'),
('8740-KDD65', '0175805429'),
('5312-MFO81', '0188789334'),
('2591-VYH37', '0194047287'),
('7244-HOJ94', '0210867775'),
('6764-RMD50', '0231910388'),
('8149-PTL74', '0234367710'),
('3705-EOG46', '0250212395'),
('8609-SAD88', '0272076808'),
('8933-QEW00', '0281771160'),
('7818-DYQ45', '0283326279'),
('3623-WXP20', '0325535382'),
('1705-NMR31', '0337270543'),
('1912-RCW41', '0359743421'),
('7594-NCN19', '0367520080'),
('2564-OLJ70', '0413613014'),
('5425-POP95', '0475866043'),
('8888-TIN77', '0504702272'),
('8083-YBY17', '0505324164'),
('3676-RJA92', '0522763371'),
('9522-BQT75', '0525344903'),
('2662-RYM85', '0537874082'),
('5661-DLI73', '0543970431'),
('5752-WXB91', '0548446932'),
('7309-TRI45', '0567632295'),
('0910-ZKJ61', '0596035232'),
('4795-TID96', '0611853487'),
('5912-KLH12', '0627558031'),
('1384-WXN74', '0644632227'),
('1053-KTZ72', '0653501225'),
('2271-PXN57', '0655646264'),
('6479-FYX15', '0694076806'),
('5075-FJF39', '0713838787'),
('2958-BZJ31', '0724355659'),
('4148-YMQ60', '0734023803'),
('2856-EOM16', '0771227118'),
('9708-DPJ02', '0779757586'),
('0072-MOQ72', '0794309823'),
('4918-XJS66', '0796881794'),
('1427-UAC24', '0806323938'),
('5353-TML58', '0826227757'),
('4951-MZJ43', '0835080383'),
('9815-KQT26', '0851490024'),
('2697-YEK78', '0859073240'),
('9414-WZI85', '0901291908'),
('9902-XLY16', '0934394181'),
('4856-CDV41', '0942063615'),
('6582-AXU62', '0957207349'),
('5263-SIR46', '0987865025'),
('7856-WSH13', '0991231779'),
('3322-UPI81', '0991746585'),
('3804-SVZ57', '1000585595'),
('2261-EZO82', '1015896873'),
('0887-ADY33', '1049735323'),
('3739-VAU52', '1060564136'),
('9888-RRH37', '1061659678'),
('0675-ROF67', '1090815442'),
('1236-HAW82', '1111074784'),
('6874-YES16', '1126250428'),
('1662-BVX78', '1171239055'),
('2776-NQB67', '1201906437'),
('6259-KMZ13', '1245992308'),
('5008-YRZ48', '1295125259'),
('8824-UXC74', '1313293963'),
('9588-RCS93', '1342846610'),
('6573-GHB79', '1367864395'),
('8532-UYM87', '1368306274'),
('3582-AXA93', '1469540011'),
('0076-JMH52', '1526100122'),
('1061-KII95', '1549144107'),
('6654-DVI05', '1558991418'),
('8556-KPW06', '1579307450'),
('5683-RHF92', '1662982313'),
('3913-LEL47', '1711203948'),
('8149-UJN72', '1748194715'),
('0246-OWW57', '1777787360'),
('9670-ZJA33', '1785003409'),
('2078-ZBJ84', '1806694822'),
('6875-WQE23', '1827870897'),
('5573-LZL31', '1886605985'),
('3629-SFD19', '1898586915'),
('6342-QCV74', '1900639449'),
('2237-TMO19', '1914829143'),
('6151-NYI13', '1929937500'),
('7739-FSJ85', '1960816880'),
('4184-VVY93', '1969409259'),
('3464-WHF26', '1995319222'),
('5751-ZZA78', '2037097867'),
('2634-ZNC25', '2060204371'),
('3356-XGT48', '2080551623'),
('6970-TOJ54', '2085843886'),
('5865-MKT27', '2089540487'),
('8570-ZVV47', '2117515522'),
('6668-BQD65', '2124995295'),
('4839-SJI34', '2138971345'),
('6967-VKS58', '2188695472'),
('4580-ZKI79', '2189235182'),
('5494-UJP93', '2208192247'),
('5518-WPS19', '2256312722'),
('0043-FWT44', '2264889519'),
('4635-ZSY07', '2294376518'),
('2671-XDW01', '2339164125'),
('6084-ROH48', '2342915722'),
('4983-HXU83', '2343272034'),
('1294-KQS52', '2344122930'),
('9906-FIK37', '2411329587'),
('6690-MRJ23', '2463319571'),
('0116-UQC37', '2572183117'),
('7744-EQX18', '2625830555'),
('6117-JKL69', '2649298557'),
('2069-SBB45', '2661805430'),
('7625-SVU94', '2667481374'),
('7682-SPG08', '2672299757'),
('3667-COM88', '2680524825'),
('5573-QFK77', '2694414198'),
('7856-MBL77', '2695579818'),
('3729-RKY37', '2710215373'),
('6408-GNC01', '2785467749'),
('0195-MWN60', '2795807998'),
('4893-TKT44', '2802487268'),
('9558-ZQY43', '2802567713'),
('7989-ZAK83', '2808302242'),
('6246-LDA60', '2812077148'),
('0125-RFO55', '2822579612'),
('1279-JNU35', '2824341717'),
('9691-HGH44', '2828091721'),
('3921-QRL42', '2833339965'),
('4895-HOF48', '2833614150'),
('5098-QQZ18', '2847391940'),
('3394-OCW77', '2855749623'),
('8802-DHQ84', '2857871086'),
('6172-QZJ43', '2858205793'),
('0882-RQE16', '2865017111'),
('3688-XUU02', '2886914601'),
('8635-AMN72', '2904630323'),
('1236-MEW37', '2915302386'),
('2681-WNN45', '2921322992'),
('6434-KVL47', '2954833355'),
('2148-LZZ68', '2968724555'),
('1855-BRQ74', '2983542116'),
('1026-UZF74', '2995224927'),
('7414-JFV65', '3003628509'),
('6262-NKL14', '3071798868'),
('9330-MRF93', '3109125392'),
('8188-TFR26', '3147960135'),
('1137-EGE02', '3152145305'),
('1329-NVX10', '3156989467'),
('1947-LOC77', '3157875614'),
('3233-CHJ46', '3209114512'),
('0509-SVR67', '3220567508'),
('7746-SAC52', '3227129614'),
('3035-MTV37', '3229351624'),
('4965-KLJ63', '3242367881'),
('5190-VRR92', '3252502631'),
('2830-TIU12', '3288834063'),
('5429-XWZ83', '3291803557'),
('1681-LJO80', '3323372215'),
('7422-XUO41', '3362742573'),
('4408-TOV80', '3367903729'),
('4929-IVV57', '3370048051'),
('8010-DKK12', '3405593277'),
('1000-NCF41', '3427666640'),
('3821-OFC49', '3443082737'),
('9695-HXP36', '3462971288'),
('4827-LFD09', '3527988330'),
('9174-RIG03', '3549524020'),
('5974-UFC93', '3552057280'),
('8811-VCO22', '3570756512'),
('1974-OEJ88', '3574380790'),
('7155-HIO67', '3593598388'),
('7492-HIT30', '3615697073'),
('1985-QDY95', '3701371145'),
('6777-IHC42', '3708608956'),
('2090-SOZ01', '3714437354'),
('2200-IZI53', '3748002505'),
('7209-CFJ21', '3757007157'),
('2709-BOS58', '3758692986'),
('4992-EWH78', '3769553601'),
('7519-DSK97', '3791966543'),
('6307-BQQ86', '3794724459'),
('9021-JUO01', '3808893238'),
('9435-OKG98', '3813091774'),
('9604-DCQ22', '3814322928'),
('7365-SXR53', '3816403390'),
('0502-XIQ09', '3819119335'),
('4947-EIH27', '3822239997'),
('7325-XWN09', '3855485818'),
('7425-YFA34', '3866285577'),
('7061-QUD92', '3871269492'),
('1365-AXM33', '3881334828'),
('3109-BPE46', '3899730818'),
('6202-EAC13', '3912842903'),
('2764-FWW24', '3999420460'),
('3449-HRR91', '4030027900'),
('0205-UGO71', '4042074883'),
('3040-CWM66', '4054452775'),
('7096-MXB68', '4062121108'),
('6797-RNQ93', '4075519564'),
('0480-WCL59', '4095519293'),
('9007-JVN82', '4108175323'),
('8326-OIH78', '4118438026'),
('1359-WIC04', '4165116707'),
('9628-LKS73', '4176313217'),
('9431-RHK31', '4216534205'),
('3261-NPV70', '4230281708'),
('5940-YZB84', '4236893963'),
('3150-GEI91', '4238278909'),
('3877-LCA51', '4272345521'),
('0701-XBS76', '4307197273'),
('3500-NAW54', '4346694432'),
('0056-SVN31', '4380171547'),
('4656-ZIP11', '4382708546'),
('1551-XDP76', '4382817535'),
('3513-IVM09', '4436312876'),
('1005-WAL12', '4480954591'),
('7140-BAJ11', '4517929320'),
('5283-BWI91', '4537197471'),
('3246-JUH21', '4555889243'),
('3122-FNS15', '4563985652'),
('9344-QGO71', '4593295041'),
('2514-DJR90', '4620775978'),
('5712-UXI28', '4627353113'),
('8711-UYG01', '4665002614'),
('5647-GRV81', '4711673624'),
('5517-QQX12', '4714283630'),
('1011-JMJ67', '4728472002'),
('7948-JLM80', '4760875537'),
('3419-ZZO06', '4795436989'),
('1181-QLH84', '4860086740'),
('2932-SUN55', '4868756228'),
('9039-OPH92', '4916582054'),
('2408-NIF21', '4937729281'),
('3953-XMS89', '4942148213'),
('9586-PYN77', '4981567288'),
('9459-APB45', '4985165241'),
('2664-ZRM78', '5013670695'),
('7549-JZO75', '5016492036'),
('2722-RVE35', '5035651833'),
('8146-UJG14', '5039108760'),
('7976-YPA07', '5055936151'),
('4607-RYY67', '5056811014'),
('4874-NEU91', '5058561226'),
('4839-SBU34', '5134938562'),
('4309-WZS80', '5221102025'),
('2027-ASW55', '5250161224'),
('5185-HDG12', '5251854510'),
('9979-FXZ55', '5257237320'),
('4956-TUH24', '5267484847'),
('3114-PLT53', '5294850304'),
('4298-LJO57', '5296056596'),
('7011-KZR40', '5313585695'),
('4096-IZR26', '5326584599'),
('3595-TTM37', '5344351853'),
('0944-MAD20', '5374486113'),
('4822-BAA92', '5386569497'),
('7989-UDT36', '5397583144'),
('9300-GNJ44', '5399929080'),
('7699-UDS16', '5418219470'),
('9172-ETW37', '5423043138'),
('2976-NUR05', '5423888656'),
('3720-NVV86', '5426640234'),
('6104-PUE44', '5438726864'),
('0713-NBV91', '5487831063'),
('5761-LNY48', '5515909447'),
('5474-GGX01', '5546273891'),
('1340-CYZ06', '5580288957'),
('3054-WLH33', '5627639708'),
('6959-BGI42', '5634911575'),
('3808-EEQ30', '5655469833'),
('8210-INT05', '5658075811'),
('9737-SOA92', '5686831938'),
('7195-HAJ18', '5726393114'),
('8624-JNO53', '5755498717'),
('6147-DCS75', '5760641455'),
('6266-RMT57', '5801416066'),
('1198-ETB75', '5817275425'),
('8333-RER52', '5841054868'),
('6663-RKY68', '5853238071'),
('0721-CLO19', '5881336978'),
('9812-PNV01', '5925176681'),
('7132-ADP02', '5976800287'),
('4255-MWE99', '5984018384'),
('6195-NRT59', '6007105176'),
('5547-KHA88', '6028667326'),
('0334-DHG96', '6042274119'),
('5226-RNO56', '6084573455'),
('2161-PLC68', '6088410579'),
('4764-WZB51', '6121338465'),
('0923-NFF68', '6131643633'),
('3855-YZW67', '6132372423'),
('0712-VGQ24', '6141855352'),
('5952-BVR25', '6168532454'),
('1959-TLJ98', '6204331029'),
('2495-BGT44', '6228426392'),
('8242-NUI71', '6267825235'),
('1241-RTA41', '6274973892'),
('6897-KSL43', '6286961089'),
('2797-FLN10', '6290693224'),
('5201-NQO89', '6327793270'),
('9594-RBC11', '6328392144'),
('5368-CDW75', '6370737230'),
('6367-NJU86', '6376708014'),
('5850-HUC51', '6377255861'),
('0060-QBI39', '6420387508'),
('9265-QIA74', '6436130620'),
('4204-GWI83', '6439532382'),
('8384-HEZ78', '6461703684'),
('5779-CJG79', '6466782847'),
('5082-FDB42', '6478519437'),
('0948-JWL11', '6525727903'),
('4111-IXY17', '6527276630'),
('4908-VVP27', '6580547895'),
('1906-CVB81', '6583461098'),
('0621-RCO47', '6669853639'),
('8471-WDQ62', '6671810100'),
('3524-BEZ00', '6711434527'),
('9155-KDL81', '6723984607'),
('8896-UZD82', '6732147083'),
('9947-ZON02', '6733995509'),
('6198-IMJ30', '6740136609'),
('7419-RWP92', '6745963995'),
('1518-ZUL27', '6781037786'),
('9616-XZO17', '6812046758'),
('7515-AXM67', '6820468866'),
('3038-POR91', '6852646466'),
('0220-PTW11', '6874881194'),
('1764-WQS34', '6914094487'),
('4283-SRX94', '6918242836'),
('2003-YLH74', '6954496502'),
('5727-JCS78', '6971459920'),
('1251-LGN47', '7003439563'),
('4949-ZZY84', '7003825772'),
('1458-XRX83', '7030815133'),
('4196-KDD64', '7044731482'),
('7196-IFB02', '7050293423'),
('9806-RCN63', '7064051619'),
('2941-JUY07', '7068859352'),
('0480-NSX74', '7074766295'),
('1454-PAV20', '7097334940'),
('8025-SYB37', '7102917601'),
('5318-CRN35', '7124969458'),
('3298-RPA82', '7130615549'),
('5857-IMR79', '7155894954'),
('6715-SOD98', '7173068146'),
('7830-SVB19', '7184132344'),
('8508-FDI33', '7189408681'),
('3152-UAI75', '7199756655'),
('2427-SGH60', '7201717924'),
('5888-ERN68', '7248328147'),
('4989-RPI61', '7255803588'),
('9667-LJH02', '7261738148'),
('7192-UBJ22', '7287511011'),
('7634-IWF15', '7297115660'),
('7026-DNZ30', '7302577743'),
('6879-XWR94', '7323915750'),
('1378-HJP30', '7332170396'),
('9344-TMH38', '7367044332'),
('6724-NZI37', '7368788380'),
('9952-KQV78', '7423743484'),
('7392-RRU45', '7440707289'),
('7454-CKN34', '7483455306'),
('8597-DIN38', '7497789365'),
('4204-YXD28', '7512782438'),
('3891-UJH35', '7512839245'),
('2206-SMD43', '7523935071'),
('4733-CSB51', '7527795808'),
('4795-OOC43', '7531924572'),
('1441-CJY95', '7546765829'),
('3647-AZK16', '7557058601'),
('2445-BPN48', '7589923771'),
('6757-XWA77', '7607215642'),
('4934-FHO74', '7609121629'),
('7281-EFI76', '7610454749'),
('2689-HCG52', '7638142099'),
('2985-FXO55', '7644412784'),
('1665-SSV44', '7652996824'),
('2436-SLJ40', '7695975808'),
('0390-VJW57', '7722187910'),
('1712-DWX65', '7732434962'),
('8378-MYN84', '7740420968'),
('2585-QCP59', '7761193315'),
('3501-WET98', '7768735106'),
('1356-CGQ54', '7778439475'),
('4199-EYD16', '7781772118'),
('3800-XBD21', '7812103517'),
('8300-QVK55', '7812738954'),
('0376-YZO77', '7826784268'),
('0612-SKX87', '7913819600'),
('4091-KPE29', '7917777135'),
('3177-AKC14', '7937718876'),
('6629-DDP87', '7939859622'),
('4528-IVR14', '7953610408'),
('7024-LCU08', '7981801779'),
('9944-IYL39', '8000201367'),
('9687-FDX75', '8012412197'),
('4019-EME10', '8031395318'),
('3341-QFK58', '8034216838'),
('2333-VGH11', '8035087741'),
('1198-YIA86', '8049392418'),
('2774-DBY41', '8067964596'),
('6659-VUI82', '8080428229'),
('2718-GKR96', '8085225935'),
('7030-PLK67', '8134365854'),
('2517-JPJ09', '8153065054'),
('2519-BCG84', '8156098621'),
('5125-AQY71', '8168879877'),
('2960-TQI20', '8194386839'),
('3161-QUX36', '8196009342'),
('5069-ARN17', '8243529941'),
('6346-HGM93', '8254522731'),
('6538-IDK41', '8291167299'),
('0091-FQR48', '8300678013'),
('3121-NRL59', '8331131737'),
('6124-BWM18', '8377119470'),
('6887-OLC34', '8391340501'),
('1072-FDX22', '8410538314'),
('8593-XGV58', '8453880332'),
('1200-PEH82', '8462276956'),
('5855-TRB52', '8469748130'),
('6286-QDI62', '8522165746'),
('0479-JBL36', '8538329192'),
('9012-NVP84', '8545509605'),
('7378-BOA08', '8557141535'),
('3403-RIP36', '8568360527'),
('8689-DLH70', '8569495824'),
('6414-DPN22', '8637995193'),
('3023-HFS57', '8654029549'),
('6536-GBD95', '8664201897'),
('1844-CZB57', '8686201840'),
('0831-AGF23', '8735946530'),
('4928-EMX74', '8746387689'),
('1309-EOW20', '8777089662'),
('2412-UAW49', '8809899051'),
('0722-OAF30', '8835135491'),
('3448-KHR16', '8897759310'),
('4981-LWI31', '8935260150'),
('2482-DSB52', '8951100032'),
('9966-LUA28', '8951190869'),
('6606-UFB69', '9011956191'),
('1173-EJY48', '9038278741'),
('4510-KVA26', '9044696254'),
('9854-UKR51', '9080199217'),
('4984-QMS28', '9081276441'),
('2220-RVA94', '9118876192'),
('5967-LYO94', '9124855489'),
('5273-HOG04', '9136805092'),
('3098-SSS07', '9141372001'),
('5011-VBS60', '9200173362'),
('6696-CST24', '9235132157'),
('9316-XDD27', '9243069436'),
('1106-SUF51', '9272905671'),
('4443-VOV34', '9279944301'),
('7002-HCK44', '9285980250'),
('0653-VGW71', '9305535416'),
('1065-YHD24', '9335732035'),
('4925-TMA48', '9360744472'),
('7194-TIH49', '9367962075'),
('0805-OHP13', '9372509669'),
('5873-COO91', '9393925241'),
('1185-NMD89', '9401750930'),
('0677-PJZ61', '9409362618'),
('5166-RYO77', '9413669571'),
('4900-DWK20', '9420271995'),
('1375-YUM51', '9421343427'),
('6562-DMC66', '9429185762'),
('3598-GUF78', '9461831706'),
('3866-OON36', '9517302429'),
('5273-XJH72', '9522570756'),
('8612-GMY33', '9568200899'),
('5923-JNR61', '9590706094'),
('8432-TRR90', '9629155713'),
('9994-LCM65', '9648839479'),
('0460-UUE02', '9656756049'),
('6816-LOJ79', '9661749548'),
('5910-JCV30', '9662282231'),
('2586-FUO05', '9662911415'),
('5166-RGO18', '9671449324'),
('9809-YFE69', '9797096600'),
('3526-CEX49', '9803512775'),
('9602-GSJ02', '9812033716'),
('8406-WVA54', '9819732969'),
('6418-BIE35', '9842605661'),
('9842-ZEM94', '9849954127'),
('6479-AAW87', '9856574720'),
('2407-IHN64', '9908422156'),
('0136-FYN15', '9910872362'),
('1665-XOA01', '9956580809'),
('3767-EMJ15', '9978723191'),
('7199-DDZ94', '9991757482');

-- --------------------------------------------------------

--
-- Estructura de tabla para la tabla `alumnorespuesta`
--

DROP TABLE IF EXISTS `alumnorespuesta`;
CREATE TABLE IF NOT EXISTS `alumnorespuesta` (
                                                 `idAlumnoRespuesta` int(11) NOT NULL AUTO_INCREMENT,
                                                 `PlantillaExamenCabeceraAR` char(10) NOT NULL,
                                                 `AlumnoAR` char(10) NOT NULL,
                                                 `PlantillaExamenPreguntaAR` char(10) NOT NULL,
                                                 `PlantillaExamenCabeceraARPEP` char(10) DEFAULT NULL,
                                                 `OpcionMarcada` char(10) DEFAULT NULL,
                                                 PRIMARY KEY (`idAlumnoRespuesta`),
                                                 KEY `FK_AlmunoRespuesta_AlumnoRespuestaCabecera` (`PlantillaExamenCabeceraAR`,`AlumnoAR`),
                                                 KEY `FK_AlmunoRespuesta_PlantillaExamenPregunta` (`PlantillaExamenPreguntaAR`,`PlantillaExamenCabeceraARPEP`)
) ENGINE=InnoDB AUTO_INCREMENT=102 DEFAULT CHARSET=latin1;

--
-- Volcado de datos para la tabla `alumnorespuesta`
--

INSERT INTO `alumnorespuesta` (`idAlumnoRespuesta`, `PlantillaExamenCabeceraAR`, `AlumnoAR`, `PlantillaExamenPreguntaAR`, `PlantillaExamenCabeceraARPEP`, `OpcionMarcada`) VALUES
(1, 'EXA05-8573', '1427-UAC24', 'PRE57-V212', 'EXA05-8573', 'OP675-AK00'),
(2, 'EXA07-2789', '1705-NMR31', 'PRE11-B547', 'EXA07-2789', 'OP222-YN04'),
(3, 'EXA07-2789', '1705-NMR31', 'PRE53-K074', 'EXA07-2789', 'OP629-GV43'),
(4, 'EXA15-8867', '1518-ZUL27', 'PRE61-W467', 'EXA15-8867', 'OP211-KN41'),
(5, 'EXA17-1904', '0621-RCO47', 'PRE49-M743', 'EXA17-1904', 'OP530-WS48'),
(6, 'EXA19-6729', '1106-SUF51', 'PRE10-J187', 'EXA19-6729', 'OP364-HI92'),
(7, 'EXA22-8138', '0072-MOQ72', 'PRE32-S289', 'EXA22-8138', 'OP381-IT53'),
(8, 'EXA22-8138', '1974-OEJ88', 'PRE32-S289', 'EXA22-8138', 'OP381-IT53'),
(9, 'EXA22-8626', '0376-YZO77', 'PRE74-B014', 'EXA22-8626', 'OP151-OH11'),
(10, 'EXA22-8626', '0376-YZO77', 'PRE97-D014', 'EXA22-8626', 'OP439-IB15'),
(11, 'EXA23-7998', '1356-CGQ54', 'PRE31-D818', 'EXA23-7998', 'OP318-RV17'),
(12, 'EXA23-7998', '1356-CGQ54', 'PRE96-R239', 'EXA23-7998', 'OP210-IN14'),
(13, 'EXA24-6095', '1309-EOW20', 'PRE88-Q090', 'EXA24-6095', 'OP346-JJ88'),
(14, 'EXA24-6095', '1309-EOW20', 'PRE90-H807', 'EXA24-6095', 'OP196-BZ82'),
(15, 'EXA28-9815', '0246-OWW57', 'PRE86-F779', 'EXA28-9815', 'OP519-WB52'),
(16, 'EXA28-9815', '0480-NSX74', 'PRE86-F779', 'EXA28-9815', 'OP519-WB52'),
(17, 'EXA28-9815', '0910-ZKJ61', 'PRE86-F779', 'EXA28-9815', 'OP519-WB52'),
(18, 'EXA33-3459', '0480-WCL59', 'PRE02-H371', 'EXA33-3459', 'OP510-NC91'),
(19, 'EXA33-3459', '0480-WCL59', 'PRE12-G675', 'EXA33-3459', 'OP090-RH61'),
(20, 'EXA33-3459', '0480-WCL59', 'PRE20-G843', 'EXA33-3459', 'OP760-VW69'),
(21, 'EXA33-3459', '0480-WCL59', 'PRE26-U458', 'EXA33-3459', 'OP519-YQ46'),
(22, 'EXA33-3459', '1365-AXM33', 'PRE02-H371', 'EXA33-3459', 'OP510-NC91'),
(23, 'EXA33-3459', '1365-AXM33', 'PRE12-G675', 'EXA33-3459', 'OP090-RH61'),
(24, 'EXA33-3459', '1365-AXM33', 'PRE20-G843', 'EXA33-3459', 'OP760-VW69'),
(25, 'EXA33-3459', '1365-AXM33', 'PRE26-U458', 'EXA33-3459', 'OP519-YQ46'),
(26, 'EXA34-9188', '0091-FQR48', 'PRE39-P647', 'EXA34-9188', 'OP431-OO31'),
(27, 'EXA39-3666', '1545-OSV98', 'PRE41-X163', 'EXA39-3666', 'OP421-MP64'),
(28, 'EXA39-3666', '1985-QDY95', 'PRE41-X163', 'EXA39-3666', 'OP421-MP64'),
(29, 'EXA39-3666', '2078-ZBJ84', 'PRE41-X163', 'EXA39-3666', 'OP421-MP64'),
(30, 'EXA40-7273', '1384-WXN74', 'PRE15-K069', 'EXA40-7273', 'OP258-QW89'),
(31, 'EXA40-7273', '1384-WXN74', 'PRE62-W742', 'EXA40-7273', 'OP371-FJ72'),
(32, 'EXA40-7273', '1665-SSV44', 'PRE15-K069', 'EXA40-7273', 'OP258-QW89'),
(33, 'EXA40-7273', '1665-SSV44', 'PRE62-W742', 'EXA40-7273', 'OP371-FJ72'),
(34, 'EXA41-0555', '0805-OHP13', 'PRE00-Y387', 'EXA41-0555', 'OP255-NR20'),
(35, 'EXA41-0555', '0805-OHP13', 'PRE83-B032', 'EXA41-0555', 'OP462-BO00'),
(36, 'EXA41-0555', '1662-BVX78', 'PRE00-Y387', 'EXA41-0555', 'OP255-NR20'),
(37, 'EXA41-0555', '1662-BVX78', 'PRE83-B032', 'EXA41-0555', 'OP462-BO00'),
(38, 'EXA47-1815', '1000-NCF41', 'PRE13-K529', 'EXA47-1815', 'OP228-MY50'),
(39, 'EXA47-1815', '1005-WAL12', 'PRE13-K529', 'EXA47-1815', 'OP228-MY50'),
(40, 'EXA47-1815', '1959-TLJ98', 'PRE13-K529', 'EXA47-1815', 'OP228-MY50'),
(41, 'EXA47-4243', '0701-XBS76', 'PRE10-M801', 'EXA47-4243', 'OP254-UK31'),
(42, 'EXA47-4243', '1855-BRQ74', 'PRE10-M801', 'EXA47-4243', 'OP254-UK31'),
(43, 'EXA48-0701', '0116-UQC37', 'PRE43-Q354', 'EXA48-0701', 'OP223-BV75'),
(44, 'EXA48-0701', '0887-ADY33', 'PRE43-Q354', 'EXA48-0701', 'OP223-BV75'),
(45, 'EXA48-0701', '2003-YLH74', 'PRE43-Q354', 'EXA48-0701', 'OP223-BV75'),
(46, 'EXA51-3644', '0043-FWT44', 'PRE47-N605', 'EXA51-3644', 'OP126-LJ49'),
(47, 'EXA55-4817', '1454-PAV20', 'PRE26-D499', 'EXA55-4817', 'OP744-LK45'),
(48, 'EXA55-4817', '1947-LOC77', 'PRE26-D499', 'EXA55-4817', 'OP744-LK45'),
(49, 'EXA56-5355', '0220-PTW11', 'PRE02-W125', 'EXA56-5355', 'OP564-RE01'),
(50, 'EXA56-5355', '0712-VGQ24', 'PRE02-W125', 'EXA56-5355', 'OP564-RE01'),
(51, 'EXA56-5355', '1378-HJP30', 'PRE02-W125', 'EXA56-5355', 'OP564-RE01'),
(52, 'EXA58-9026', '1665-XOA01', 'PRE60-D319', 'EXA58-9026', 'OP358-BA34'),
(53, 'EXA59-7941', '0195-MWN60', 'PRE23-V464', 'EXA59-7941', 'OP664-JL99'),
(54, 'EXA59-7941', '0195-MWN60', 'PRE85-O887', 'EXA59-7941', 'OP504-KW25'),
(55, 'EXA59-7941', '1241-RTA41', 'PRE23-V464', 'EXA59-7941', 'OP664-JL99'),
(56, 'EXA59-7941', '1241-RTA41', 'PRE85-O887', 'EXA59-7941', 'OP504-KW25'),
(57, 'EXA60-3435', '2069-SBB45', 'PRE12-F220', 'EXA60-3435', 'OP401-CZ46'),
(58, 'EXA60-3435', '2069-SBB45', 'PRE89-S065', 'EXA60-3435', 'OP336-JV81'),
(59, 'EXA61-8424', '0831-AGF23', 'PRE22-C945', 'EXA61-8424', 'OP440-IL27'),
(60, 'EXA61-8424', '1294-KQS52', 'PRE22-C945', 'EXA61-8424', 'OP440-IL27'),
(61, 'EXA61-8424', '2090-SOZ01', 'PRE22-C945', 'EXA61-8424', 'OP440-IL27'),
(62, 'EXA64-9787', '1072-FDX22', 'PRE48-N789', 'EXA64-9787', 'OP553-WO30'),
(63, 'EXA64-9787', '1906-CVB81', 'PRE48-N789', 'EXA64-9787', 'OP553-WO30'),
(64, 'EXA67-8418', '1061-KII95', 'PRE99-Y744', 'EXA67-8418', 'OP354-IZ65'),
(65, 'EXA67-9066', '0713-NBV91', 'PRE96-U137', 'EXA67-9066', 'OP378-YG16'),
(66, 'EXA67-9066', '0944-MAD20', 'PRE96-U137', 'EXA67-9066', 'OP378-YG16'),
(67, 'EXA73-7434', '0479-JBL36', 'PRE62-D851', 'EXA73-7434', 'OP350-MT14'),
(68, 'EXA73-7434', '1912-RCW41', 'PRE62-D851', 'EXA73-7434', 'OP350-MT14'),
(69, 'EXA75-2934', '1551-XDP76', 'PRE12-D079', 'EXA75-2934', 'OP527-BV86'),
(70, 'EXA75-2934', '1551-XDP76', 'PRE52-K753', 'EXA75-2934', 'OP526-ZJ06'),
(71, 'EXA75-2934', '1551-XDP76', 'PRE74-A181', 'EXA75-2934', 'OP356-UB77'),
(72, 'EXA77-3796', '0722-OAF30', 'PRE33-C274', 'EXA77-3796', 'OP148-ZE94'),
(73, 'EXA79-8473', '1279-JNU35', 'PRE30-R244', 'EXA79-8473', 'OP022-UR10'),
(74, 'EXA79-8473', '1359-WIC04', 'PRE30-R244', 'EXA79-8473', 'OP022-UR10'),
(75, 'EXA83-1362', '1181-QLH84', 'PRE17-D252', 'EXA83-1362', 'OP409-MQ75'),
(76, 'EXA83-1362', '1181-QLH84', 'PRE54-P735', 'EXA83-1362', 'OP222-KD20'),
(77, 'EXA83-1362', '1181-QLH84', 'PRE65-G261', 'EXA83-1362', 'OP289-FJ35'),
(78, 'EXA83-1362', '1236-HAW82', 'PRE17-D252', 'EXA83-1362', 'OP409-MQ75'),
(79, 'EXA83-1362', '1236-HAW82', 'PRE54-P735', 'EXA83-1362', 'OP222-KD20'),
(80, 'EXA83-1362', '1236-HAW82', 'PRE65-G261', 'EXA83-1362', 'OP289-FJ35'),
(81, 'EXA83-1362', '1681-LJO80', 'PRE17-D252', 'EXA83-1362', 'OP409-MQ75'),
(82, 'EXA83-1362', '1681-LJO80', 'PRE54-P735', 'EXA83-1362', 'OP222-KD20'),
(83, 'EXA83-1362', '1681-LJO80', 'PRE65-G261', 'EXA83-1362', 'OP289-FJ35'),
(84, 'EXA83-1362', '1712-DWX65', 'PRE17-D252', 'EXA83-1362', 'OP409-MQ75'),
(85, 'EXA83-1362', '1712-DWX65', 'PRE54-P735', 'EXA83-1362', 'OP222-KD20'),
(86, 'EXA83-1362', '1712-DWX65', 'PRE65-G261', 'EXA83-1362', 'OP289-FJ35'),
(87, 'EXA86-2925', '0125-RFO55', 'PRE97-Z747', 'EXA86-2925', 'OP173-CC41'),
(88, 'EXA86-2925', '1764-WQS34', 'PRE97-Z747', 'EXA86-2925', 'OP173-CC41'),
(89, 'EXA86-4723', '0677-PJZ61', 'PRE50-W644', 'EXA86-4723', 'OP088-QF62'),
(90, 'EXA86-4723', '0882-RQE16', 'PRE50-W644', 'EXA86-4723', 'OP088-QF62'),
(91, 'EXA86-4723', '1401-SRO89', 'PRE50-W644', 'EXA86-4723', 'OP088-QF62'),
(92, 'EXA95-5718', '1200-PEH82', 'PRE95-J387', 'EXA95-5718', 'OP286-RD91'),
(93, 'EXA95-9354', '1251-LGN47', 'PRE04-C142', 'EXA95-9354', 'OP100-WY92'),
(94, 'EXA95-9354', '1251-LGN47', 'PRE15-S102', 'EXA95-9354', 'OP200-XO42'),
(95, 'EXA95-9354', '1251-LGN47', 'PRE52-B056', 'EXA95-9354', 'OP198-QZ30'),
(96, 'EXA95-9354', '1251-LGN47', 'PRE71-Q730', 'EXA95-9354', 'OP226-GO77'),
(97, 'EXA95-9354', '1251-LGN47', 'PRE78-V663', 'EXA95-9354', 'OP255-IB63'),
(98, 'EXA95-9354', '1251-LGN47', 'PRE98-Y168', 'EXA95-9354', 'OP315-AB53'),
(99, 'EXA96-6088', '0721-CLO19', 'PRE37-L213', 'EXA96-6088', 'OP323-RA50'),
(100, 'EXA99-7030', '0334-DHG96', 'PRE29-L414', 'EXA99-7030', 'OP268-WL77'),
(101, 'EXA99-7030', '0334-DHG96', 'PRE46-O634', 'EXA99-7030', 'OP560-CO36');

-- --------------------------------------------------------

--
-- Estructura de tabla para la tabla `alumnorespuestacabecera`
--

DROP TABLE IF EXISTS `alumnorespuestacabecera`;
CREATE TABLE IF NOT EXISTS `alumnorespuestacabecera` (
                                                         `PlantillaExamenCabecera` char(10) NOT NULL,
                                                         `Alumno` char(10) NOT NULL,
                                                         `FechaDeExamen` date NOT NULL,
                                                         `PuntajeObtenido` decimal(5,2) DEFAULT NULL,
                                                         PRIMARY KEY (`PlantillaExamenCabecera`,`Alumno`),
                                                         KEY `FK_AlumnoRespuestaCabecera_Alumno` (`Alumno`)
) ENGINE=InnoDB DEFAULT CHARSET=latin1;

--
-- Volcado de datos para la tabla `alumnorespuestacabecera`
--

INSERT INTO `alumnorespuestacabecera` (`PlantillaExamenCabecera`, `Alumno`, `FechaDeExamen`, `PuntajeObtenido`) VALUES
('EXA01-8036', '0076-JMH52', '2001-10-06', '12.68'),
('EXA04-0233', '1026-UZF74', '2010-08-17', '22.77'),
('EXA05-8573', '1427-UAC24', '2008-09-30', '94.44'),
('EXA07-2789', '1705-NMR31', '2004-06-19', '36.52'),
('EXA09-8740', '1065-YHD24', '2017-12-07', '15.57'),
('EXA11-8799', '0975-FAE01', '2013-01-21', '82.06'),
('EXA11-8799', '1185-NMD89', '2018-07-04', '90.85'),
('EXA15-8867', '1518-ZUL27', '2007-06-24', '82.29'),
('EXA17-1904', '0621-RCO47', '2009-12-16', '42.84'),
('EXA19-6729', '1106-SUF51', '2015-11-10', '61.41'),
('EXA20-9135', '0612-SKX87', '2008-05-02', '13.15'),
('EXA22-8138', '0072-MOQ72', '2008-09-29', '88.53'),
('EXA22-8138', '1974-OEJ88', '2013-11-10', '79.66'),
('EXA22-8626', '0376-YZO77', '2015-05-18', '84.25'),
('EXA23-7998', '1356-CGQ54', '2003-04-27', '25.17'),
('EXA24-6095', '1309-EOW20', '2018-08-13', '86.33'),
('EXA28-9815', '0246-OWW57', '2006-08-08', '44.25'),
('EXA28-9815', '0480-NSX74', '2018-04-14', '62.95'),
('EXA28-9815', '0910-ZKJ61', '2007-11-02', '80.12'),
('EXA33-3459', '0480-WCL59', '2002-11-07', '74.41'),
('EXA33-3459', '1365-AXM33', '2013-10-08', '38.58'),
('EXA34-9188', '0091-FQR48', '2007-08-08', '46.07'),
('EXA36-8291', '0653-VGW71', '2002-06-16', '46.50'),
('EXA39-3666', '1545-OSV98', '2017-07-16', '19.45'),
('EXA39-3666', '1985-QDY95', '2018-09-22', '78.88'),
('EXA39-3666', '2078-ZBJ84', '2004-09-18', '34.03'),
('EXA40-7273', '1384-WXN74', '2014-07-21', '34.85'),
('EXA40-7273', '1665-SSV44', '2002-05-20', '67.03'),
('EXA40-7951', '0205-UGO71', '2000-10-27', '90.11'),
('EXA41-0555', '0805-OHP13', '2000-10-28', '71.17'),
('EXA41-0555', '1662-BVX78', '2016-11-28', '75.12'),
('EXA47-1815', '1000-NCF41', '2015-02-09', '57.56'),
('EXA47-1815', '1005-WAL12', '2011-12-26', '4.11'),
('EXA47-1815', '1959-TLJ98', '2009-06-27', '85.60'),
('EXA47-4243', '0701-XBS76', '2014-10-07', '6.46'),
('EXA47-4243', '1855-BRQ74', '2001-05-10', '80.18'),
('EXA48-0701', '0116-UQC37', '2010-06-17', '91.76'),
('EXA48-0701', '0887-ADY33', '2013-09-01', '47.32'),
('EXA48-0701', '2003-YLH74', '2000-01-26', '98.83'),
('EXA51-3644', '0043-FWT44', '2000-01-13', '3.95'),
('EXA52-0019', '1137-EGE02', '2013-02-28', '94.24'),
('EXA55-4817', '1454-PAV20', '2018-08-03', '98.14'),
('EXA55-4817', '1947-LOC77', '2019-02-01', '39.69'),
('EXA56-5355', '0220-PTW11', '2019-07-07', '32.43'),
('EXA56-5355', '0712-VGQ24', '2009-02-16', '57.65'),
('EXA56-5355', '1378-HJP30', '2009-12-17', '25.43'),
('EXA57-0781', '2027-ASW55', '2003-03-31', '16.32'),
('EXA58-9026', '1665-XOA01', '2010-01-30', '63.31'),
('EXA59-7941', '0195-MWN60', '2011-07-30', '82.64'),
('EXA59-7941', '1241-RTA41', '2006-03-02', '92.75'),
('EXA60-3435', '2069-SBB45', '2000-03-23', '91.54'),
('EXA60-4920', '0136-FYN15', '2003-05-16', '1.53'),
('EXA60-4920', '0675-ROF67', '2007-02-28', '62.62'),
('EXA60-4920', '1198-YIA86', '2008-03-16', '19.06'),
('EXA61-8424', '0831-AGF23', '2013-08-30', '7.14'),
('EXA61-8424', '1294-KQS52', '2013-04-22', '49.82'),
('EXA61-8424', '2090-SOZ01', '2009-06-25', '94.04'),
('EXA64-9787', '1072-FDX22', '2008-11-25', '80.83'),
('EXA64-9787', '1906-CVB81', '2004-05-14', '65.37'),
('EXA67-4545', '0056-SVN31', '2014-10-29', '70.16'),
('EXA67-8418', '1061-KII95', '2014-01-31', '35.42'),
('EXA67-9066', '0713-NBV91', '2001-01-04', '87.67'),
('EXA67-9066', '0944-MAD20', '2001-12-10', '37.07'),
('EXA68-3237', '1458-XRX83', '2018-02-17', '99.71'),
('EXA68-3237', '1844-CZB57', '2012-11-19', '31.60'),
('EXA72-6268', '0502-XIQ09', '2010-04-23', '54.65'),
('EXA72-6268', '1329-NVX10', '2004-05-29', '51.06'),
('EXA73-7434', '0479-JBL36', '2011-07-19', '42.64'),
('EXA73-7434', '1912-RCW41', '2014-05-08', '89.68'),
('EXA75-2934', '1551-XDP76', '2011-03-07', '82.60'),
('EXA77-1454', '0060-QBI39', '2002-04-15', '5.06'),
('EXA77-1454', '0390-VJW57', '2018-10-18', '79.84'),
('EXA77-1454', '1236-MEW37', '2000-01-07', '68.99'),
('EXA77-3796', '0722-OAF30', '2007-06-28', '5.58'),
('EXA77-6699', '1375-YUM51', '2009-07-25', '34.92'),
('EXA78-8798', '0948-JWL11', '2010-11-29', '28.29'),
('EXA79-8473', '1279-JNU35', '2006-12-02', '85.31'),
('EXA79-8473', '1359-WIC04', '2007-10-04', '15.78'),
('EXA82-0110', '1011-JMJ67', '2001-12-12', '49.70'),
('EXA82-0110', '1340-CYZ06', '2001-07-14', '5.02'),
('EXA82-0110', '1441-CJY95', '2017-12-31', '9.09'),
('EXA83-0667', '0460-UUE02', '2010-11-13', '11.23'),
('EXA83-0667', '1198-ETB75', '2004-01-02', '63.46'),
('EXA83-1362', '1181-QLH84', '2013-05-21', '22.20'),
('EXA83-1362', '1236-HAW82', '2006-11-16', '87.81'),
('EXA83-1362', '1681-LJO80', '2010-02-03', '98.60'),
('EXA83-1362', '1712-DWX65', '2000-02-01', '90.48'),
('EXA83-2070', '1053-KTZ72', '2006-07-12', '67.97'),
('EXA83-2070', '1173-EJY48', '2018-04-10', '41.51'),
('EXA86-2925', '0125-RFO55', '2002-01-31', '83.06'),
('EXA86-2925', '1764-WQS34', '2012-06-20', '2.31'),
('EXA86-4723', '0677-PJZ61', '2001-05-10', '18.85'),
('EXA86-4723', '0882-RQE16', '2010-06-20', '50.81'),
('EXA86-4723', '1401-SRO89', '2000-02-06', '2.82'),
('EXA88-3823', '0923-NFF68', '2004-02-05', '94.58'),
('EXA88-9900', '0509-SVR67', '1999-12-26', '4.79'),
('EXA95-5718', '1200-PEH82', '2002-07-10', '85.15'),
('EXA95-9354', '1251-LGN47', '2002-12-31', '1.62'),
('EXA96-6088', '0721-CLO19', '2006-01-31', '57.42'),
('EXA99-7030', '0334-DHG96', '2016-02-22', '78.95');

-- --------------------------------------------------------

--
-- Estructura de tabla para la tabla `autenticacion`
--

DROP TABLE IF EXISTS `autenticacion`;
CREATE TABLE IF NOT EXISTS `autenticacion` (
                                               `AutenticacionCodigo` int(11) NOT NULL AUTO_INCREMENT,
                                               `Contrato` char(10) DEFAULT NULL,
                                               `AutenticacionNombreUsuario` varchar(150) NOT NULL,
                                               `AutenticacionContrasena` varchar(150) NOT NULL,
                                               PRIMARY KEY (`AutenticacionCodigo`),
                                               UNIQUE KEY `AutenticacionNombreUsuario` (`AutenticacionNombreUsuario`),
                                               KEY `FK_Autenticacion_Contrato` (`Contrato`)
) ENGINE=InnoDB AUTO_INCREMENT=1003 DEFAULT CHARSET=latin1;

--
-- Volcado de datos para la tabla `autenticacion`
--

INSERT INTO `autenticacion` (`AutenticacionCodigo`, `Contrato`, `AutenticacionNombreUsuario`, `AutenticacionContrasena`) VALUES
(1, '1860-WPQ07', 'dlyste0', 'CEnYIWuJkbj'),
(2, '2485-KLR11', 'tfurmedge1', 'LEfg6S'),
(3, '9394-RAT47', 'breede2', 'zXva7gr'),
(4, NULL, 'slavigne3', 'IYr7KIjoMiE'),
(5, NULL, 'rstruys4', 'sucFoMkw'),
(6, '0322-GLD13', 'dabercromby5', 'f9XOdjtpebY'),
(7, '2303-ZMA72', 'aginger6', 'LL03bW2SOJB'),
(8, NULL, 'pharsant7', 'fe6eHQ06E9j'),
(9, NULL, 'fvidloc8', 'OCwQjtm'),
(10, '6330-DKM08', 'acasier9', 'lfv38U'),
(11, NULL, 'mkindera', '1A7aWvNhetw'),
(12, NULL, 'mgallacherb', 'yKkvZv'),
(13, NULL, 'lbromidgec', 'tnQvw4Ta5T'),
(14, '0967-LYF55', 'msnoddend', 'qnRv8mp6FtqS'),
(15, '5188-RIG24', 'mwanke', 'fjwACJS6Cs'),
(16, '3344-LOK52', 'jduplockf', 'mMxfQCvm16'),
(17, '6606-TLN53', 'rweinhamg', 'UDCByGuW2V'),
(18, '8287-UGC64', 'ffidalh', 'PypO6OP4Aa'),
(19, NULL, 'saaronsoni', '6RGDaMDqQxzx'),
(20, NULL, 'mriderj', 'rAMA1Wa'),
(21, NULL, 'tbenchk', '2sPgpQsL'),
(22, NULL, 'pbiddlestonel', 'MNLSqCS35g'),
(23, '1283-UKY97', 'dmixerm', 'Roex228tnAhg'),
(24, '2153-MXR89', 'rfardonn', 'AVjIRcLIKSI'),
(25, '7039-FCK09', 'nhenzleyo', 'On2zfK'),
(26, '2159-TDJ04', 'cmaccrossanp', 'v2fXd2'),
(27, '3812-JRM84', 'bgarvaghq', 'MbKQWG'),
(28, NULL, 'vrobelr', 'G4fPThBKY1P'),
(29, '2217-IAP49', 'msanchizs', 'WRWgN1xw43H'),
(30, '2657-PBG48', 'efoucart', 'D2bxfcD2'),
(31, '3809-ILW55', 'jbromontu', 'r9DkwYvhDvrX'),
(32, NULL, 'rperrittv', 'QPNXKoeo'),
(33, '1647-SPL48', 'jvonderemptenw', 'MbfeL1'),
(34, '5706-OKD36', 'cbuckthorpx', '0OwdPgpX4'),
(35, NULL, 'tazemay', '17fJIDNs0aD'),
(36, '7399-HIR65', 'eteacyz', 'AYv7jAN5SB'),
(37, '4384-OFT89', 'fblaes10', 'euASJo'),
(38, '4328-KRM22', 'ggunter11', '5aNJkLwKqfWS'),
(39, '5566-VMN13', 'emanners12', 'StE5OzUrE7'),
(40, NULL, 'kminichi13', 'ktNofDaeo'),
(41, '8184-RVL26', 'wbeeck14', 'fezwrO'),
(42, '0474-UDQ54', 'rshuker15', 'O2XaTmZWJih'),
(43, '0140-SNO02', 'mninnotti16', 'B1t9ItyUdz'),
(44, '7078-COX47', 'akenderdine17', 'xErqp4G3bbC'),
(45, '8184-RVL26', 'jjovasevic18', 'Aig6ONWowFm'),
(46, '0342-UXU99', 'cpolini19', 'hLwvhmXmMH'),
(47, '1645-MEH87', 'cnovik1a', '4AmYo7v'),
(48, '2458-FYR43', 'eglozman1b', 'JH7hcUMdSCw'),
(49, '5391-HIY66', 'tgrolle1c', 'IkTSOwFjDE'),
(50, '7079-IEZ09', 'umerfin1d', '5pvvh8lN'),
(51, '9661-FBQ50', 'ljaneczek1e', 'dqf80QgV'),
(52, NULL, 'rmacgorrie1f', 'CRTqTPW'),
(53, NULL, 'nstirman1g', 'S762Lg'),
(54, '6752-MZD84', 'sfennick1h', 'd2Um8p1RksH'),
(55, '1573-MHU09', 'ldumke1i', 'hlXqFLiRQDa'),
(56, NULL, 'gbrundale1j', 'Kw5H7XApT'),
(57, '5504-VVQ89', 'akliemann1k', 'dFFiviMNtt'),
(58, NULL, 'eeccleshare1l', 'XNsIn534RV'),
(59, '6753-SWX90', 'sstrother1m', 'yCEuRL6Xqx'),
(60, NULL, 'apears1n', '9A56km'),
(61, '4638-BTA31', 'etimberlake1o', 'EDs0AkJ'),
(62, '7670-IZM88', 'atocqueville1p', 'ziW7ExJw'),
(63, '0365-QUL46', 'ssoutherill1q', '90Dw69gp'),
(64, '6695-FNQ19', 'hcottel1r', 'PalRXKfS8'),
(65, NULL, 'mmongan1s', 'JZ5c5dM'),
(66, '3456-HPV80', 'mgreer1t', '2yc7ZD1h769'),
(67, NULL, 'ddellabbate1u', '14KOt3wsYmnd'),
(68, NULL, 'krowlett1v', 'Y5NEAjF5T'),
(69, '6595-GVZ75', 'jhouselee1w', 'GTkqfu8Wz'),
(70, '6271-ZGV68', 'mbushell1x', '92LVK8Arm'),
(71, '0779-SNV02', 'breyson1y', 'MZypTxuv'),
(72, '0716-BDB53', 'ksatteford1z', 'K7Rqzv4v'),
(73, '1618-QVH15', 'gpavinese20', 'GQOiCzJrGxU'),
(74, '0559-LXS01', 'kkippins21', 'Qvg6Pio'),
(75, '7535-RNM03', 'kbolte22', 'W9Be84e'),
(76, NULL, 'rrandles23', '6fkfg8llp4'),
(77, '0968-AKE16', 'gfollan24', 'bxsrNnpBwA'),
(78, '6330-DKM08', 'egirardet25', '1vSOn9Ulg'),
(79, '9114-OSB08', 'bkitley26', 'oA8jcR0'),
(80, NULL, 'mstalley27', 'isIYGFB'),
(81, '4494-KHI70', 'ecausley28', 'm4B7EeWYm0'),
(82, '7754-JSQ46', 'fbettlestone29', '6MtZDUxHxSW'),
(83, NULL, 'kjoffe2a', 'w4G19die'),
(84, NULL, 'ntoor2b', 'sYgpTKLCTW6'),
(85, '1949-JRW48', 'vquinlan2c', '3TgoyQfEw7'),
(86, '7188-MQZ78', 'fguilbert2d', 'doxESO'),
(87, '9253-VME70', 'mell2e', 'XxLLdy'),
(88, '1510-NJM86', 'aclarey2f', 'VcI3F9'),
(89, '9906-BNS79', 'lstockings2g', 'oiQpjsW'),
(90, NULL, 'aeichmann2h', 'U20Ou4X'),
(91, NULL, 'spaynter2i', 'j9ipC4'),
(92, '3166-LSE80', 'rkivelle2j', 'sgw5xUq6'),
(93, NULL, 'mjoannic2k', 'Ue2SvrTG8R'),
(94, '4565-URB93', 'rallkins2l', '1HGb6J'),
(95, '1978-EAL15', 'pswabey2m', 'mKim9fot3xgO'),
(96, '5026-GSX58', 'nkarran2n', 'HBoKgH42'),
(97, '4892-JRK91', 'svann2o', 'vhsvaGNiaV'),
(98, '8035-NMZ73', 'msherratt2p', 'g5rqfAciq'),
(99, '1743-YCY12', 'hfumagalli2q', 'ZQuoY7QB2'),
(100, '8286-XFN29', 'gangerstein2r', 'dueg5qJ'),
(101, '5842-BQY70', 'sgardiner2s', 'DTDlog'),
(102, '8530-EFD06', 'edunkerley2t', 'vpxZ3eF'),
(103, '4511-RBK36', 'mbunyan2u', 'MmFW9TsQj'),
(104, '4138-NFU46', 'fcardwell2v', 'A6LyJnTNxXFD'),
(105, NULL, 'eburtt2w', 'Zbt8uDI'),
(106, '4970-RXK59', 'fsaddington2x', 'Gm7L4Onrv05'),
(107, NULL, 'ethebe2y', 'ZJaAm4u06l4'),
(108, '1326-UBV44', 'jtinniswood2z', 'eenErEK0G'),
(109, '0550-EUI19', 'ycodling30', '4EkzSMDR7'),
(110, '5880-QZN35', 'ldethloff31', 'LNPckqnB8S'),
(111, NULL, 'dkristoffersson32', 'Qf44JhEU68'),
(112, '9994-PGQ19', 'cscullin33', 'RgYtH1HHiZjx'),
(113, NULL, 'lrothon34', 'llHxhmeE'),
(114, '4544-NPC67', 'clansdown35', 'BaKL8DbguV7o'),
(115, NULL, 'fattenburrow36', 'lhyWPkmNZ1k'),
(116, NULL, 'byeoman37', 'CaJ9KvVGAYV'),
(117, '5827-XEN17', 'bmaling38', 'CL4B5rvV'),
(118, '5375-RFF95', 'pcunningham39', 'GESclb'),
(119, '7535-RNM03', 'bharken3a', 'GvWk5P'),
(120, '8185-JPG45', 'ddrummond3b', 'eG6UB1zH'),
(121, NULL, 'lminchenton3c', '6hp3Z2RL'),
(122, '7943-PNM78', 'sbryden3d', 'fRbfARmc'),
(123, '7574-SZF23', 'aanstis3e', 'ZVDTrka'),
(124, NULL, 'mschimek3f', 'q1Kg06NZfMu'),
(125, NULL, 'dkybbye3g', 'NFcUS8ZW4Tx'),
(126, '0931-UFT90', 'dreicherz3h', '8USzNRqkP26t'),
(127, '9767-DST76', 'evictor3i', 'bY8PwYY'),
(128, '8162-BMV36', 'kgrason3j', 'Qa9rXQ3H8h'),
(129, '2472-VFR23', 'ebuckley3k', 'fc9bKeI'),
(130, '2125-QOB26', 'jellesmere3l', 'cXl2WDI'),
(131, '4202-WOU14', 'paindriu3m', 'IhYtb2'),
(132, NULL, 'wbeaze3n', 'JPYJy67R6'),
(133, NULL, 'dgutcher3o', 'iLxH5Uk'),
(134, '0750-YXN26', 'sreiling3p', 'Gehv4H'),
(135, '4565-URB93', 'wdeely3q', 'nq3Y2ZVU'),
(136, '1476-FSY23', 'abukowski3r', 'lurt44D2PQF'),
(137, '9772-AZU48', 'mledur3s', 'zHuZJ9c'),
(138, '7268-CLI93', 'smursell3t', '9j6TMXmR'),
(139, NULL, 'lrait3u', 'wLkcG4qg3'),
(140, '3009-NYH15', 'krousell3v', 'jXBUMUsVtw6'),
(141, NULL, 'cnichol3w', 'j3t4WwqZvNa'),
(142, NULL, 'cjessope3x', 'aIfyfF29kmz'),
(143, '5203-ODC53', 'zredsall3y', 'VqtkVFY0'),
(144, '6200-PLF92', 'vmuzzullo3z', '5j8OMaSkpnmF'),
(145, '7510-GGL18', 'tbiasini40', 'MbFZQszjmL'),
(146, '6092-KYM57', 'mhartigan41', 'HgEhtz'),
(147, '5172-JAI16', 'sslucock42', 'w6SSqP9HngF'),
(148, NULL, 'gcourtman43', 'SyvkwZOOnSJX'),
(149, '7655-HPL98', 'cgrouen44', 'xHUD4Dp54Ug5'),
(150, NULL, 'lhair45', 'Hqk5LrqRYGXY'),
(151, '3948-IGW35', 'vsingyard46', 'zAXDIsIVg9s'),
(152, '8633-PIQ77', 'dgiacopazzi47', 'XvSSofO'),
(153, NULL, 'tgaize48', 'd8l3hN'),
(154, NULL, 'athom49', 'PfrptCC'),
(155, '8512-SOY75', 'mretallack4a', '55vwTdX'),
(156, '5631-HIA61', 'dbolle4b', 'Qu74fyTY9'),
(157, '0882-IAR87', 'cvasenin4c', 'FsbVYKwUN0'),
(158, '1600-SHO65', 'awasielewicz4d', 'ZXar0blGzm3'),
(159, NULL, 'adunk4e', 'bKaXBIeQb8'),
(160, NULL, 'alazell4f', 'J5piIdqRVnyV'),
(161, NULL, 'rfitzgilbert4g', 'cJ9DCBw'),
(162, NULL, 'hledington4h', 'L34D3zjcQI'),
(163, '1279-UBA93', 'gmcshirie4i', 'SymVCz9svu'),
(164, '8206-XJS70', 'jkeneford4j', 'jrSywhgTEw'),
(165, NULL, 'mcomberbeach4k', 'zkkH2hZjlAN'),
(166, NULL, 'tmcmurdo4l', 'MME30E'),
(167, '8305-CWI24', 'abeldon4m', 'rK4TsBH'),
(168, NULL, 'eiorio4n', 'KJ4tYFc6dMT'),
(169, '9417-UDM74', 'nbulfield4o', 'k1xuG1i'),
(170, '5386-ULK44', 'rkeech4p', 'GRPC7DUG'),
(171, '5919-BIK83', 'aalanbrooke4q', 'e5JaBFGXqBG'),
(172, NULL, 'vwilmott4r', 'x5KFgxv5ktKR'),
(173, NULL, 'arounsefull4s', 'VWVLznsENO'),
(174, NULL, 'gbatterbee4t', 'vGwWRjYM3'),
(175, '1300-JLH17', 'jstelli4u', 'lrA7tUr'),
(176, '4601-WZY68', 'ebenesevich4v', 'gb5ao2V'),
(177, NULL, 'labys4w', '7w6J9Vob3Om'),
(178, '7597-IES07', 'egero4x', 'WjwkOs'),
(179, NULL, 'lfewell4y', 'ZQRWGh'),
(180, '9224-PQP88', 'sdenzilow4z', '04Jspp1'),
(181, NULL, 'kzeale50', 'srGUMn'),
(182, '9799-EVB89', 'cbaggett51', 'OoxbWeFi'),
(183, '7399-QWY70', 'glemarie52', 'Xq1SeIYLT'),
(184, '7507-FWH00', 'lcattellion53', 'PLqQ5QF'),
(185, NULL, 'nwadesworth54', '6EvpVzo'),
(186, '1035-WJJ20', 'dminihane55', 'OjZOAfs6y6l0'),
(187, '1279-CYX93', 'fpesak56', 'TSb52oh'),
(188, '0229-TDS68', 'rabrahami57', 'bhvZjy9'),
(189, '1115-LXH21', 'lmelior58', 'aiQvW2BZs'),
(190, NULL, 'gclipsham59', 'w1zqFcz6'),
(191, '3544-IJF38', 'rpittet5a', 'Xn50ibmTW75'),
(192, '8162-BMV36', 'ebrogioni5b', 'ZL7dowC9m'),
(193, NULL, 'bsaltwell5c', 'f6cDYrR'),
(194, NULL, 'sheigold5d', 'xQwXyhujO'),
(195, NULL, 'brenbold5e', 'asDQlgG82'),
(196, '0903-OZH42', 'cjanaszkiewicz5f', 'CWpvs3mqrjT'),
(197, '4970-RXK59', 'njimeno5g', 'a8ndcPcReb'),
(198, '6820-PNH00', 'rmcavaddy5h', '8voVkC'),
(199, NULL, 'csherborne5i', 'FinluDtzg'),
(200, NULL, 'hcompfort5j', 'qYQqm8B'),
(201, NULL, 'amcelory5k', '9wvQVQz5gpp'),
(202, '4437-KAT00', 'ggane5l', 'azxnRONF'),
(203, '7928-ZEG72', 'hricardot5m', 'HB5s0jBTs'),
(204, NULL, 'jzimmermanns5n', 'uNA22qsr'),
(205, NULL, 'gtincey5o', 'pXve8w6DE'),
(206, '2764-ZQD85', 'bgillum5p', 'OBw6Upq2qgJK'),
(207, NULL, 'pcopins5q', 'F56W2tZe'),
(208, NULL, 'alathaye5r', 'e8MqS1cgxso'),
(209, '2472-HKT09', 'astitfall5s', 'lYyHCM1qx0Ng'),
(210, NULL, 'jupstell5t', 'BttpWwCM'),
(211, '4344-LZI84', 'dhanster5u', 'MiZCjNCALn'),
(212, '1102-OSI89', 'sbarsby5v', 'ixMDhamt'),
(213, NULL, 'rtivenan5w', 'Fo19lhelM'),
(214, '1721-XWD42', 'maleksandrev5x', 'UKONOXY'),
(215, '7912-KOI47', 'glawton5y', 'lJGfnr'),
(216, '6720-TCT19', 'hmaleck5z', '0cOyLMJJ80ob'),
(217, '8691-ONJ62', 'eeldridge60', 'h4eBtAK3'),
(218, '7399-QWY70', 'nsket61', 'Jc8X9ZuQE'),
(219, '8355-LKX43', 'lskeemer62', 'oIL4QV0O'),
(220, '2844-KSI49', 'gackwood63', 'tZ1CKPP7'),
(221, '8049-SWP50', 'mhartlebury64', 'Z1M6xAe'),
(222, '6531-KOQ70', 'jantyukhin65', 'UwWkUJjx'),
(223, NULL, 'ecathcart66', 'pnIXdyPXqLF'),
(224, '7510-GGL18', 'bduckett67', 'iFpcwv'),
(225, NULL, 'ebleasdale68', 'wEB5M245oky'),
(226, NULL, 'pdenecamp69', 'TDLwgXAUQ'),
(227, '4388-PRM29', 'jmcilenna6a', 'wwJf3MRv'),
(228, NULL, 'gdomotor6b', 'droXbkX'),
(229, '3379-HQP73', 'bosmon6c', 'QWYjfLfKI'),
(230, NULL, 'apiet6d', 'xVmG8SE1'),
(231, '9220-EQR78', 'jbullivent6e', '8LLxYI'),
(232, NULL, 'amcinteer6f', 'g2eKgv'),
(233, '7123-ZFU44', 'zdonat6g', 'ZHbjmOb5I'),
(234, '2689-RQU30', 'whellings6h', 'Knf55qaw'),
(235, NULL, 'twoloschin6i', 'NRoPrQJ'),
(236, NULL, 'marmin6j', '3YHfPkoPhog'),
(237, '5460-QBP89', 'spele6k', 'g6Ut15'),
(238, NULL, 'fzimmermeister6l', 'PObqfSj'),
(239, '4271-DLS83', 'lwillshaw6m', 'Mt38Hb'),
(240, NULL, 'bcod6n', 'KmFIDW1mek'),
(241, '0402-WKY92', 'wcheltnam6o', 'tA6MA4DEM'),
(242, '1060-PRV10', 'asetterthwait6p', '3g1ZMygc6rV7'),
(243, NULL, 'jwalley6q', '36YdtramtpF'),
(244, '5251-ZZY67', 'mdumbell6r', '3oc1wwYlU6'),
(245, '5601-HPL75', 'kgilcriest6s', 'LHfIGLO5Gd'),
(246, '0890-UJO99', 'mmatyashev6t', 'R50SKu'),
(247, '0312-MPQ86', 'mlonie6u', 'WFTQF3Dyiz'),
(248, '7926-JHB17', 'yleprevost6v', 'VAkGD4f'),
(249, '8467-BFD25', 'nvere6w', 'GGszbn12FW'),
(250, NULL, 'glazell6x', 'iPtChCe'),
(251, '4865-EBC11', 'ddunkerley6y', 'XKQy8qTiSL'),
(252, NULL, 'mpeeters6z', 'UnUbFyUPDc'),
(253, NULL, 'rjoder70', 'E4syuBYPGc'),
(254, '7836-CSG61', 'abreissan71', 'oKMq3hr'),
(255, NULL, 'laxford72', 'wskT5p4iY'),
(256, NULL, 'ktschursch73', 'VMych3u'),
(257, NULL, 'phuebner74', 'wSGumYPN'),
(258, '8512-SOY75', 'fjobin75', 'ZyIncdJw5K9'),
(259, '3203-MIP22', 'mbraunlein76', 'RV5Nj1bZNR'),
(260, NULL, 'awrack77', '9FX1QujVfCm'),
(261, NULL, 'mricciardo78', '49ZMortyO5Do'),
(262, '9652-CUF85', 'rsousa79', 'IgqDjL'),
(263, NULL, 'ycarstairs7a', 'oa8pNYB'),
(264, '5178-JEV76', 'pflory7b', 'bzeMXpW'),
(265, NULL, 'lewells7c', 'orbyVZ4'),
(266, NULL, 'bffoulkes7d', 'tZ06emqu'),
(267, NULL, 'kcurnick7e', 'Emy1eCv0NF'),
(268, NULL, 'tlanghor7f', 'aigDWw'),
(269, '8477-NSB00', 'kjohann7g', '9MrQN0jn'),
(270, '8172-XBS10', 'jpirkis7h', '0ZWZYOn'),
(271, '3217-WHJ25', 'amcgilben7i', 'DbkIfr'),
(272, '4199-LXJ69', 'cmarty7j', '9Dqy826Akg3k'),
(273, NULL, 'rgarwill7k', 'z2CPP2Ei'),
(274, NULL, 'mginnelly7l', 'RhkcILuOS'),
(275, NULL, 'cgrowcock7m', 'xqTZFtlXqh'),
(276, '8860-GIA25', 'spulster7n', 'wx2Gpk6bpJj'),
(277, '3232-ZUY54', 'bpeaker7o', 'Pg7cK25c'),
(278, NULL, 'gfransinelli7p', 'Rw7B2y'),
(279, '4887-ZGA32', 'flabbet7q', 'oqDbqnCb2EpF'),
(280, NULL, 'gfaltin7r', 'Lt7fqXOMDM6B'),
(281, NULL, 'gadaway7s', 'J49tsXQcKBl'),
(282, NULL, 'vbaxstair7t', 'fCpwbRe9lzM'),
(283, '6606-TLN53', 'cvanderson7u', 'ZgvFWQn'),
(284, NULL, 'epardi7v', 'IS5jGxigH'),
(285, '9281-BTJ31', 'jmahaddie7w', 'pyK0CBKx'),
(286, NULL, 'mpinsent7x', 'zawiUE7CPkS'),
(287, NULL, 'tdulwitch7y', 'qva9Pmykf'),
(288, '8882-DLJ74', 'pgaymer7z', '8wIOKrV4M3'),
(289, NULL, 'meilles80', 'YoguGUN'),
(290, NULL, 'tcorrison81', 'WsEZjP'),
(291, NULL, 'dakast82', 'yIUnYD7uZg'),
(292, NULL, 'nbeetham83', '4ZV7Up'),
(293, NULL, 'rbleackley84', 'NF0IpNDMPU'),
(294, NULL, 'rjeffress85', '7dteofZBFzn'),
(295, '0364-FIU17', 'zserck86', 'yqe3ikFWP'),
(296, NULL, 'gsimeon87', 'hoyYCSEee7Vl'),
(297, NULL, 'dgibberd88', 's2X5ZA'),
(298, '3809-ILW55', 'nesmonde89', 'P3ybheod3HZ'),
(299, NULL, 'ogurg8a', '3fXZU4VK'),
(300, NULL, 'bsteggals8b', 'cUNCDKoeba'),
(301, NULL, 'caxtell8c', 'E3xFQhGA'),
(302, '6619-AZZ90', 'soffin8d', 'okwb0n'),
(303, '4147-HJL38', 'mdella8e', 'UobhDocT'),
(304, '9236-OEU11', 'cmcmurty8f', 't4mY03zm0CF'),
(305, '3928-FAB75', 'cdeverick8g', 'wM7VwfLDKdT'),
(306, '5733-IPZ03', 'mbenner8h', 'Sfm8uZj4J'),
(307, NULL, 'opagden8i', '9RcJc6JH7Es'),
(308, '9772-XKE20', 'lyanshonok8j', 'ZBfWWyIOI'),
(309, NULL, 'ainfantino8k', 'gzZZ2xWq'),
(310, '0903-ICJ94', 'rrumbelow8l', '7JzPEEgh'),
(311, NULL, 'squimby8m', 'YLUUP32U'),
(312, '1006-XRY62', 'acianelli8n', '96vky3GH'),
(313, NULL, 'fbalsdon8o', 'WYv0c8R'),
(314, NULL, 'abreeze8p', '2YAAqHk3'),
(315, '3879-PJR94', 'awarke8q', 'NrhQdFpipzix'),
(316, '9808-ISC13', 'btrewinnard8r', 'kU8QNvqx'),
(317, NULL, 'fedgley8s', 'gicQZj'),
(318, '8548-IQP66', 'apurselow8t', '0jb2Zx'),
(319, '4199-LXJ69', 'mrehme8u', '0zqrv5LPb'),
(320, NULL, 'loughton8v', 'XsKCTvnNu'),
(321, NULL, 'rbourgaize8w', 'URtWB4'),
(322, NULL, 'rline8x', 'Res4NqcQLR'),
(323, NULL, 'omarfe8y', 'cPDxklwhbwvv'),
(324, NULL, 'dcringle8z', 'hERaVoHkls0A'),
(325, NULL, 'mbirchall90', 'DAEcOPiJoOae'),
(326, '7164-OIH35', 'jrenn91', '0x4SfJ3x'),
(327, '1035-WJJ20', 'ihickinbottom92', 'ayOzi0Pr1v'),
(328, '5567-ODI03', 'mkemp93', 's0E0QS'),
(329, NULL, 'rharwick94', 'FngQFM58jpv'),
(330, NULL, 'kleake95', 'tqzbkbh'),
(331, NULL, 'tthomerson96', 'K9swPDsdgv'),
(332, '0832-YNX25', 'sfrediani97', 'ZHzSQTZ'),
(333, '9627-XJN94', 'bkennler98', 'SIg6KSliQ'),
(334, '4384-OFT89', 'lfrise99', '9IP1xB'),
(335, '9508-OTQ19', 'egobourn9a', 'qH7fxa7tv'),
(336, NULL, 'tschneidau9b', '0FjAT7yHT'),
(337, NULL, 'ajudd9c', 'SfX8elowHb'),
(338, '9281-BTJ31', 'kserjeant9d', '1HT3RQp1Ddbw'),
(339, '1707-ZSU27', 'jshiril9e', 'YhSbVe'),
(340, NULL, 'ddalesco9f', 'YyZzwSAS'),
(341, '0490-YWF54', 'jfinlason9g', '6guKcwikI'),
(342, NULL, 'omckenzie9h', 'fbsSTPtyOTg'),
(343, '7432-WTV65', 'jfroud9i', '4OXHlA64L'),
(344, NULL, 'mdilawey9j', 'YEkoASJz'),
(345, NULL, 'spelos9k', 'WIGVOGQOx'),
(346, NULL, 'szealander9l', 'd7j6EtpXkm'),
(347, '5733-IPZ03', 'elevey9m', 'D7NS0hZUV'),
(348, NULL, 'tdivell9n', '3Avq8tiPp'),
(349, NULL, 'dramsier9o', 'GV3cWk5f7E'),
(350, NULL, 'velizabeth9p', 'JtMWPGbo'),
(351, NULL, 'tbleckly9q', '9YRELdxrQFcE'),
(352, NULL, 'mmcgavigan9r', '2B1cWiqvQ'),
(353, '4971-SMA59', 'smillea9s', 'hpVLdjy'),
(354, '8530-EFD06', 'zstockey9t', '5dvmpMHzRpg'),
(355, '0290-WKB31', 'mthomelin9u', 'bATQ0saR'),
(356, '3526-LJI84', 'jcorker9v', 'm4zRhyPveE7e'),
(357, NULL, 'jwitcomb9w', 'DNV3A3G'),
(358, '1401-CXM05', 'rrizzone9x', 'lhObLQf'),
(359, '0143-VOL24', 'bbraam9y', 'dJ96e1TBn0Hd'),
(360, NULL, 'edory9z', 'QapV1fCSIlK'),
(361, '4887-ZGA32', 'umcgilla0', 'FtjHlyuag'),
(362, '8153-UCB57', 'gcunnowa1', 'hpSFHyH'),
(363, '4892-JRK91', 'mtigwella2', 'DplyHWj5Fq'),
(364, '2541-HNJ94', 'plockyera3', 'SuFpwUzulto'),
(365, '4596-ORC16', 'mnendicka4', 'tQzRCr'),
(366, NULL, 'sgoldsburya5', 'auq9xTi0yRg'),
(367, NULL, 'ajohnigana6', 'eTPoJUQInCS'),
(368, NULL, 'lcroxona7', 'uUAbc2'),
(369, '5806-ALB14', 'mdigmana8', 'ClmoGwsOq'),
(370, '5912-AMH02', 'sferronea9', 'UoGwfwQz2al'),
(371, '8727-UKN86', 'yfoardaa', 'JEIzLSnB'),
(372, '5504-VVQ89', 'wmayowab', 'UU2VMRuUO'),
(373, NULL, 'cspowageac', 'mPAgIRjp'),
(374, NULL, 'hgoodyad', 'PXqyijeZf'),
(375, NULL, 'efackrellae', 'lFScUcsqd1T'),
(376, NULL, 'jsimmankaf', 'mMGHDfize'),
(377, '1978-EAL15', 'panglimag', 'B6Eyx68l'),
(378, '1557-DUN10', 'cyakubovah', '0DZTSfm6'),
(379, NULL, 'ibampkinai', 'rxKpc7'),
(380, '0029-WXL45', 'tlockleyaj', 'ibvO3w'),
(381, NULL, 'cblandak', '5Egn0Bl858'),
(382, '9772-AZU48', 'atinstonal', 'DtesXU6'),
(383, '1300-JLH17', 'amelloiam', 'K42Ed0a'),
(384, '7914-FVF21', 'tcasonan', 'ONAjIU7UiS5'),
(385, NULL, 'loveringtonao', 'tZhtm0vpFPwO'),
(386, NULL, 'wparemanap', 'VXbrc97c'),
(387, NULL, 'hableyaq', 'HWeVfBIatCu'),
(388, '4864-MKP44', 'jgurryar', 'dmAZ5WgLKRM'),
(389, '9067-OXI76', 'fmannersas', '6hBo4VGV'),
(390, '2142-KVH52', 'bbreederat', 'UxjppAaPN'),
(391, '2006-ANV00', 'mibbersonau', 'HPOsXmrMKOx'),
(392, '7394-DCQ10', 'icolebornav', 'dUfTivrxdp9A'),
(393, NULL, 'cnormantaw', 'dUR2urxC1'),
(394, NULL, 'dbillingsleyax', 'FnpmJtMDpmD2'),
(395, '2830-NGO66', 'lcrilleyay', '7fzzmDCQ'),
(396, NULL, 'tbirdwhistleaz', 'gp8TsR'),
(397, NULL, 'kdouglasb0', 'LUJILTVRm'),
(398, NULL, 'ashelleyb1', '0EW7Jxqe'),
(399, NULL, 'lhouricanb2', 'wO6ed305Z'),
(400, NULL, 'mhinkesb3', 'YBBngN'),
(401, NULL, 'lsevilleb4', 'arZW4Q'),
(402, '1824-MPD76', 'eclossb5', 'NGCQzoCmV'),
(403, '0579-YPA20', 'kvazquezb6', 'gJJ5UL'),
(404, NULL, 'wdecullipb7', 'LmdGcz'),
(405, NULL, 'gvairowb8', 'IYfOH0cpweye'),
(406, '4035-CHT69', 'ebruhnkeb9', '9SGc20ZTwBYF'),
(407, '3272-IPM56', 'upetricba', 'm6tpaUKNn'),
(408, NULL, 'swildishbb', 'JyoRPXCsn'),
(409, NULL, 'bcriplebc', 'Str4UnlcyJ'),
(410, NULL, 'tzamboniaribd', 'UKNiN68E'),
(411, NULL, 'qmustobe', 'qPZsYG4i'),
(412, '0666-IGU93', 'gbigginsbf', 'dOzwi89q8J'),
(413, '7262-RAU62', 'csaggbg', '1skuOu11qm'),
(414, NULL, 'jplummbh', '1LL0Pr'),
(415, NULL, 'gspencerbi', '6101OVTB'),
(416, NULL, 'lcurnokkbj', 'CAyWRtnby1J'),
(417, '1440-SQP61', 'aserjeantsonbk', 'TAfMFubeh'),
(418, NULL, 'emerrganbl', 'lWynMZtTc94'),
(419, '0042-JPP02', 'wepinebm', '7v8Isut'),
(420, '4046-QEO59', 'nkytebn', 'QB7JopEPL'),
(421, '3948-IGW35', 'cobraddenbo', '5eyuxOa8h'),
(422, NULL, 'kkrojnbp', '3iqOnvykh5pq'),
(423, NULL, 'ccattenachbq', '8aEL0Mg8'),
(424, '5513-OMC49', 'jrodenhurstbr', 'S9jOonn'),
(425, '2296-FNV67', 'dbemandbs', 'KlFrkzHHNkia'),
(426, '5134-GQW71', 'cdomanekbt', 'jqP32L9'),
(427, '9951-HJD10', 'etompkinbu', 'QEtodD'),
(428, NULL, 'mmelbournbv', 'WwTHD3hg'),
(429, NULL, 'abloombw', 'KDPWNclSwail'),
(430, NULL, 'yeringeybx', 'vmwyrzLtl'),
(431, '9872-NHW43', 'ctoopby', 'ZtBduWNk0oi'),
(432, '1585-ABD78', 'aduftonbz', 'oPhgXr'),
(433, '4227-MCX86', 'lcornc0', 'hgqAWfb00'),
(434, '8807-BQS96', 'leggarc1', 'dHut1exp1tbG'),
(435, '9418-HRG35', 'dblencoec2', 'T4TRURzeIi1'),
(436, '9037-MZE84', 'gketchc3', '10Vvyw'),
(437, NULL, 'tpickerinc4', 'NHbH4iCNl'),
(438, '3460-VWR14', 'gaartsenc5', 'whQNLf2ey'),
(439, '5134-GQW71', 'ksimkinsc6', '2QCxgfi'),
(440, '2844-KSI49', 'crippingallc7', 'gLWPzrf'),
(441, '5972-XCH89', 'glyddenc8', 'fEsT6G6'),
(442, '0700-YUI10', 'kdentithc9', 'INRPJ3oJyMvE'),
(443, NULL, 'jdzeniskevichca', '0gMOHmzpJ'),
(444, '1986-HCJ25', 'cladbrookcb', 'zYC9ytwlebdJ'),
(445, '0021-UBR77', 'iswangercc', 'TOpCwXnW'),
(446, NULL, 'ssaffrincd', 'xAhdlkvU9yi'),
(447, NULL, 'nhorburghce', '99nhCxPMuzv'),
(448, NULL, 'lshelbournecf', 'AybKdQchVfWm'),
(449, '6155-CUC09', 'dhakeycg', 'Rjq2LX'),
(450, '3530-GFA03', 'gcapstakech', 'c0JkJ4K2'),
(451, NULL, 'nlambillionci', 'fBdbjXBoAA'),
(452, NULL, 'pmougelcj', 'byf7EpU'),
(453, NULL, 'rsycamoreck', 'XdVI1QH'),
(454, '4544-NPC67', 'bespinocl', 'ZxW7aKCv5TZ'),
(455, '6725-DYO19', 'cewenscm', 'J0nMzccA'),
(456, '7503-VTW36', 'bgullamcn', 'pzOtS2iS'),
(457, '9677-DVL03', 'askeggco', 'qcmMGH'),
(458, NULL, 'heubankcp', 'nsFRrpa14XR'),
(459, '4269-NET60', 'mdambrosicq', 'vp2jANWIIa'),
(460, NULL, 'aspearcr', '4ZIOFLwHVxwu'),
(461, '0013-YHY79', 'rjeanscs', 'qQL9HmY'),
(462, '4844-DNP19', 'rhewsonct', '3CgTwf67dT1'),
(463, NULL, 'gmenauteaucu', 'lHIyYgh'),
(464, NULL, 'cmccutheoncv', 'q5Luv2ZLrUU1'),
(465, '6710-ADG65', 'osheldrickcw', '2UTYfmUmU'),
(466, '8831-HXK24', 'cjacombcx', 'BP7Iy3'),
(467, '6725-DYO19', 'sdiniscocy', 'szOqLR'),
(468, NULL, 'eredoncz', 'i8KksNB'),
(469, NULL, 'gbarsond0', '6QZgPJ6h7'),
(470, '1713-ERW96', 'hmacdonaldd1', 'D0weSwZSfspV'),
(471, NULL, 'aalnerd2', '7DUsHWwJ9i'),
(472, '3859-MVR19', 'dhadfieldd3', 'cLGAZkbPEG'),
(473, '4672-AWQ35', 'aposend4', 'jLTRDRmxs5W6'),
(474, '8505-GES23', 'hevreuxd5', 'ETd5ncXnHf8R'),
(475, '9644-EHN56', 'wknowlingd6', 'bkuojb37v'),
(476, '9237-KMO20', 'owhitnalld7', 'KMnkWmhP'),
(477, '9918-KLI10', 'eboylandd8', 'Ayjs2Lbh'),
(478, NULL, 'rbeneditd9', 'eaoYjK5Ilzc'),
(479, NULL, 'cweondda', 'EWSNJVG'),
(480, '9241-APD14', 'msherebrookedb', 'Q3K9Pu'),
(481, '6619-AZZ90', 'mportressdc', 'e1hx8UZkoV'),
(482, NULL, 'meverlydd', 'mqL2eKLWm'),
(483, '3879-PJR94', 'kbushelde', 'ojkAa0S'),
(484, '1603-NYF51', 'cfairndf', 'pwDPVwp'),
(485, '5743-SSW36', 'dgoltondg', 'KTDRsc45rz'),
(486, '3102-TEV53', 'fhaddingtondh', 'pxqUwK'),
(487, '5817-HRE84', 'testabrookdi', 'oq4AvzAlbzw'),
(488, '3203-MIP22', 'byerralldj', '9i8oy186'),
(489, '7176-KCV90', 'rhaggerstonedk', 'uRODry3cO1'),
(490, NULL, 'lcasarolidl', 'XZcZN9L6TO'),
(491, '5285-FZC46', 'poclovandm', 'WTXNgC'),
(492, NULL, 'tsymondn', 'wN8PFRU'),
(493, NULL, 'dpavlenkodo', '3qcPFCXI7'),
(494, '0143-VOL24', 'shuffadinedp', 'N0k9oq'),
(495, '7549-NHI31', 'mfancettdq', 'OwgGouy16Xqb'),
(496, '7370-YRV40', 'lbourhilldr', 'gAogYnpgZ'),
(497, '7125-AVX04', 'ngammageds', 'XL4umw'),
(498, '6526-GYQ91', 'lgoaredt', '5iESknFx7q'),
(499, NULL, 'kmariottedu', 'RpEGR3DRZ'),
(500, NULL, 'ggladechedv', 'PAP5SF'),
(501, NULL, 'ccullindw', 'z8h8qE'),
(502, NULL, 'astampferdx', '6TZ3KHQ25G'),
(503, NULL, 'npreshawdy', 'qfZZi3JtPJiw'),
(504, '2006-ANV00', 'mconnickdz', 'IT5qS9e4vlC'),
(505, NULL, 'kdinise0', 'c6L44cLWBMl'),
(506, NULL, 'claphorne1', 'xK6z8849rL'),
(507, '7089-IES96', 'rbeneixe2', 'BrekrT7gV57g'),
(508, NULL, 'sgrevese3', '19dtnM3H5'),
(509, '5466-ROJ82', 'vandreee4', 'Sh5RwGgVRJ'),
(510, '6608-KOH38', 'rbagge5', 'rGBaob'),
(511, '8467-BFD25', 'opascoee6', '19LpJ5hmLQn0'),
(512, '4892-JRK91', 'kbamberye7', 'KZDEt7AhWnx'),
(513, NULL, 'wwittone8', 'iuesQR7rfI'),
(514, '7741-KHY95', 'jfurslande9', 'L8EN3DZ'),
(515, '3220-MIP22', 'vvanderweedenburgea', 'B52EGG'),
(516, NULL, 'ofaradayeb', 'pYqB78fj'),
(517, NULL, 'kaughtonec', '14KaEx7tZL'),
(518, '2015-GKS67', 'rpickstoned', 'tU2huylMOzWc'),
(519, '6235-FZZ75', 'mcogaree', '50DMLeDCwrMM'),
(520, '5566-VMN13', 'mfernsef', 'JTJ4IW'),
(521, '4046-YMD30', 'rsimeonseg', 'pFEtqfVhJ'),
(522, '5718-BKY04', 'jwaterwortheh', 'QBqSncawfBQ'),
(523, '9675-DXM76', 'cvassayei', 'Eaiur5nHOGsX'),
(524, NULL, 'zvidelerej', 'wnssMuuma2RA'),
(525, '9529-PPB26', 'vbentzek', 'TDFY5H'),
(526, NULL, 'cobroganel', 'iKI9MFuDgYa'),
(527, NULL, 'dcrummieem', 'SQZiv6Ygj'),
(528, NULL, 'mgaymeren', 'XpoZV9PJ1xyZ'),
(529, '0967-LYF55', 'hvergoeo', '09JwpY4RuEV'),
(530, '8113-WHV96', 'agammackep', '3FkJxAn0'),
(531, NULL, 'rthirlwelleq', 'JHafbTeYf0'),
(532, '1295-AGS83', 'fcageer', 'lEAa6V'),
(533, '6916-SNR68', 'mdavsleyes', 'wKdn4mdO'),
(534, NULL, 'vkennfordet', 'AX1jo1ipc'),
(535, NULL, 'nbohlereu', 'imhtOZIyHOk'),
(536, NULL, 'kfearonev', 'iY5n9gdfee5j'),
(537, NULL, 'emiskellyew', 'Tp1RJR1'),
(538, '7399-HIR65', 'msapwellex', 'mC4gcdIW'),
(539, NULL, 'bshervingtoney', 'IK673Fr0V'),
(540, '0948-LGQ03', 'athulbornez', 'wagsLA'),
(541, '5919-BIK83', 'rjaynef0', 'rozJMxr'),
(542, '3765-CJZ53', 'rcayserf1', 'LRxb43rokc'),
(543, NULL, 'jkemsonf2', '4keCh2hdLHGz'),
(544, '7399-HIR65', 'hroufff3', 'CIB1KSd'),
(545, '6301-XHN55', 'gbortolettif4', 'YthzGNux'),
(546, NULL, 'apettisf5', 'nywlfP0'),
(547, '5659-ZQK83', 'cmarrisf6', 'NY1MtaLt'),
(548, NULL, 'ralveyf7', 'qwzClmnhqf2N'),
(549, '6845-OZR16', 'zdidsburyf8', 'TqkNxNJO'),
(550, '2773-YUI67', 'malbenf9', 'SYWLDg'),
(551, NULL, 'fbeekenfa', 'fvAsFgBbbI90'),
(552, '6069-WDO99', 'vdickonfb', 'Az0JPHBM'),
(553, NULL, 'cplumfc', 'vD9gYDfJrSP3'),
(554, '8947-DBC11', 'tfludgatefd', 'OzjY9uY'),
(555, NULL, 'hmirandafe', '6I2lWewJnkze'),
(556, '1620-CJS77', 'aartinff', 'J9qB61CGa'),
(557, '3350-XVM11', 'ncowernfg', 'DOaZMD9ni'),
(558, '1958-OVR72', 'mmargarsonfh', 'TxyCLS'),
(559, NULL, 'cpattyfi', 'ewdx7DdT4KxC'),
(560, NULL, 'rpetrollifj', 'tOGZt8GEM'),
(561, '1318-GOJ42', 'greinfk', '91ZoAbQPA'),
(562, '1713-ERW96', 'speatfl', 'Fn2BSPDU04'),
(563, NULL, 'jfairpofm', 'ogGQ8lkYBVZ'),
(564, NULL, 'hdanilevichfn', 'XhNeEZxLK5'),
(565, '3106-MBQ41', 'kobradainfo', 'bx70fk'),
(566, NULL, 'rgraserfp', '5sETjcm'),
(567, '7892-ALZ83', 'lpeterifq', 'kMR6glUPlcQH'),
(568, NULL, 'wdegouyfr', 'QV0s7c'),
(569, NULL, 'gbrotherheadfs', 'jZPkDsagNi'),
(570, '0302-KNU24', 'kisakovicft', 'mbH3XatMg02'),
(571, '5743-SSW36', 'grohanfu', 'I753mpSqSm4'),
(572, NULL, 'apiolafv', 'CIuZ1u12'),
(573, '1476-FSY23', 'bhabbinfw', 'zV7bdzezRbQu'),
(574, '0744-MXQ42', 'awoolstenholmesfx', 'Gtiw4GbUJ'),
(575, '5504-VVQ89', 'rpittendreighfy', 'ut5kjsNFCJZ'),
(576, '7687-BPP28', 'edantoniofz', 'Tf8smVj41QS'),
(577, NULL, 'eringroseg0', 'DIeamnyOU'),
(578, NULL, 'jhacong1', 'sLzNRkZOFyK'),
(579, NULL, 'sbranchflowerg2', 'HEahE46p'),
(580, NULL, 'sdewireg3', '6mecxMbNM'),
(581, NULL, 'carraultg4', 'y43EWGCYm'),
(582, '1117-SUX31', 'bgowthropg5', 'HFC1cxlS'),
(583, NULL, 'carmorg6', 'qf0rFF'),
(584, NULL, 'eberrygung7', '1Qj89iw'),
(585, '8616-PKV69', 'cbasilig8', 'E8HJzw'),
(586, NULL, 'mgrenehamg9', 'GNviKrLGZHV'),
(587, '4209-PUJ59', 'dfaichga', 'WLRaWMRjjaN'),
(588, '8805-GEZ78', 'gpaunsfordgb', 'o10S7KujjoEO'),
(589, NULL, 'ccrawshaygc', 'dN1Get311dRO'),
(590, '7243-XAL45', 'akelliegd', 'KhhsBe'),
(591, '1860-WPQ07', 'mpontege', 'RDdyhRhuCe'),
(592, NULL, 'tchavesgf', 'EszhIiEYbpU'),
(593, '4971-SMA59', 'nchessungg', 'ZGYMeUY'),
(594, '2006-ANV00', 'ledelmanngh', 'mndvvY4r2D'),
(595, '9037-MZE84', 'ktintogi', 'N3oFY5iD'),
(596, '6840-USP92', 'ttoohergj', 'Ap2Lnh8q8q'),
(597, NULL, 'mmazdongk', 'jq3r3h'),
(598, NULL, 'mmatthewsgl', 'lsLmOfpp79'),
(599, NULL, 'hstretegm', 'FnImbUXUwSj'),
(600, '0290-WKB31', 'awymangn', 'zN6Azv7oThe'),
(601, NULL, 'crexgo', '3EDDxi'),
(602, '8491-WUH10', 'fsalamangp', 'kjI9I0Uwg'),
(603, '8011-VPW77', 'edopplergq', '69FI2uPX'),
(604, NULL, 'kparcallgr', 'bEHSEbrcM6'),
(605, NULL, 'ftandygs', 'B1xDChAc0x'),
(606, '8831-HXK24', 'ccompfordgt', 'VhYARF'),
(607, '9799-EVB89', 'gjezardgu', 'PLaLgIqYlYj'),
(608, NULL, 'bmatzelgv', 'WC9AdNpwd'),
(609, NULL, 'fsuthrengw', '22Bntdp7sEhN'),
(610, NULL, 'zwhitebreadgx', 's2AjdfG0'),
(611, NULL, 'ecaddygy', 'AzCUx3KYCyNq'),
(612, '0360-HTY12', 'ynewlandsgz', 'ICy3YWpls'),
(613, '2248-NMT15', 'sleveyh0', 'hrTM74DP86'),
(614, '1986-HCJ25', 'roakhillh1', 'S5TNJeS'),
(615, '4431-MWQ11', 'mwandsh2', '05rxuGoE2cb'),
(616, '9918-XUC33', 'spardewh3', '3QitROKA'),
(617, '0389-ZMS61', 'mlembckeh4', 'Ow1xhf3KK'),
(618, '7176-KCV90', 'arodolfh5', 'opZjGVhNTD'),
(619, '5414-FER26', 'gcleynaerth6', 'Lip7d6GH409'),
(620, NULL, 'dwalshh7', 'ppe7uZnVh'),
(621, NULL, 'abissonh8', 'FkASgx'),
(622, NULL, 'hgawthroph9', 'X67IamLPf'),
(623, '5603-SGB05', 'edudbridgeha', 'TsV7rb8ddOWa'),
(624, NULL, 'ctrevershb', 'djks1w'),
(625, '5972-XCH89', 'kkingsfordhc', 'xx2zymg'),
(626, NULL, 'zmckayhd', 'ovsVBAmb'),
(627, '1713-ERW96', 'kanglesshe', 'dB49dp'),
(628, '3460-VWR14', 'vfontanethf', '1n4umZF'),
(629, NULL, 'ykearnshg', 'SCt9iPyKDxJ'),
(630, NULL, 'hwoodthorpehh', 'riTRuhIQxNrZ'),
(631, NULL, 'fdrachehi', '3Iq7TI01yQu'),
(632, NULL, 'amclaganhj', 'kktuUHPJhMB'),
(633, '1962-RMG25', 'bwoodstockhk', 'Tx7ODK'),
(634, '3363-ERE67', 'gjelfhl', 'qd0GYaN8U'),
(635, NULL, 'mklemthm', 'sOBaWeztNu'),
(636, '9994-RLZ58', 'cpossellhn', 'oIoNXVlPa'),
(637, '2017-WYG69', 'fwilborho', 'KryeogcZKb'),
(638, '4849-EVX20', 'alatheehp', 'rSUdUX3u13H'),
(639, '7262-RAU62', 'kbotcherbyhq', 'PEc45HQxWSP1'),
(640, NULL, 'kkinsleyhr', 'JhiUtrlVeoA'),
(641, NULL, 'fdeaveshs', 'tPQF1sRPrtd'),
(642, NULL, 'ldockrayht', 'YMvcyEFwKVLz'),
(643, '3820-WYJ58', 'mlettsonhu', 'RMlk2nB8Q'),
(644, NULL, 'thaynesfordhv', 'n0lroi'),
(645, NULL, 'hpelehw', 'XMawWnsYGXT'),
(646, NULL, 'ssyriehx', '0ZLK8f0vG8'),
(647, '7370-YRV40', 'tchristofehy', '375mS1IPgpbq'),
(648, '3166-LSE80', 'lodonohuehz', 'zMi3ogJNPV2'),
(649, '7399-HIR65', 'lgennerichi0', '0VZnRvW6CT7'),
(650, NULL, 'kcopleyi1', 'fUdAARMzd'),
(651, '4745-RDI86', 'gbelfordi2', 'CEvCmnTJ'),
(652, '6140-SHB46', 'stolfreyi3', 'K5EXSrD5fec'),
(653, NULL, 'greimeri4', 'rZEZVL'),
(654, '3440-RNP58', 'amassingeri5', 'XcN76QJ'),
(655, '9224-PQP88', 'atredinnicki6', 'L1pfxFfZgyLU'),
(656, NULL, 'cbengefieldi7', 'QcIt7o6Np'),
(657, NULL, 'ggasnelli8', 'QOUkoRMk7er8'),
(658, '3596-UXA14', 'ltayleri9', '3BlnqfUo1cB'),
(659, '5706-OKD36', 'calmakia', 'PkEAXzR7Xk'),
(660, NULL, 'edamettiib', 'zXZ1BAXkuf'),
(661, NULL, 'uoddaic', '1ls5Symm'),
(662, NULL, 'sstealeyid', 'csjcPZcL6Q'),
(663, '9378-NOB61', 'uminigoie', 'YF1q3Dsi87J'),
(664, '3574-CVN52', 'awhorallif', 'TM9n2vWufe'),
(665, '0443-ANZ09', 'zcrosierig', 'jAFkIA4Oe'),
(666, NULL, 'gkirwinih', 'pmXo2zA'),
(667, '4544-NPC67', 'wmuttockii', 'FUGma85g'),
(668, NULL, 'idanyij', 'YFULHLd5nVs'),
(669, '4654-AFN67', 'mgulbergik', 'zojI2bl'),
(670, '2634-UNQ21', 'bbanburyil', 'Gk20yfO'),
(671, '6140-SHB46', 'druosim', 'WA0mQ2XdR0DQ'),
(672, '3986-VFO38', 'hwashbrookin', 'F7U6SyeDW8D'),
(673, NULL, 'fcasaccioio', 'ivEInbBBGIpL'),
(674, '2125-QOB26', 'ceffordip', 'ncvmghqim'),
(675, '1986-HCJ25', 'shalmiq', 'G64MmMW'),
(676, NULL, 'cgaunsonir', 'kWpvbk0C'),
(677, NULL, 'gfigginsis', '6KF0cs5t'),
(678, NULL, 'fgoldthorpit', 'pI7fsBn'),
(679, NULL, 'rhaslockeiu', 'yOvcFV9t'),
(680, '3960-CPF17', 'kgreenfieldiv', 'aTvNgfctOXd6'),
(681, '8598-AMZ19', 'cmacrinniw', 'n0GR2TGx'),
(682, '5928-SHA77', 'momannionix', '9pWmhVHrDRU'),
(683, '9659-ARK17', 'bpaskeiy', 'A1ulCQ08LL'),
(684, '5919-BIK83', 'rreysoniz', 'NNLe07Gh260F'),
(685, NULL, 'dphilippouj0', 'LaNMvNwNoMw2'),
(686, NULL, 'mdartonj1', '7vibtunSbJqS'),
(687, NULL, 'krubinj2', 'yBG8QGwk'),
(688, '5138-KAF59', 'fsinnottj3', 'tG7jdPCUN7bO'),
(689, NULL, 'adegregarioj4', 'JVHqTDdvgHwd'),
(690, '0881-OZD75', 'fdenerleyj5', 'O0u4mFRWqO82'),
(691, NULL, 'mgalegoj6', 'TMXRPkf'),
(692, NULL, 'cdawnayj7', 'EErzSbi7QUm7'),
(693, '1573-MHU09', 'adaingerfieldj8', 'U373FLQCVg'),
(694, '5631-HIA61', 'cmalekj9', 'Ftkahsu7MC'),
(695, '4502-LYV22', 'nfibbittsja', 'wBvYWux'),
(696, '2041-BKF33', 'ljamblinjb', 'mpsDBEWUc'),
(697, '6187-PNZ21', 'mmorrisseyjc', 'qvmsk3za'),
(698, '3606-SGP32', 'ecasalijd', '1ze3mBnI'),
(699, NULL, 'ifilipputtije', 'dWWAFQqDK'),
(700, '6930-FMM98', 'livanenkojf', 'ZefYdy'),
(701, '5251-ZZY67', 'cwaughjg', 'uxz3dL6qMJqS'),
(702, NULL, 'ydearlovejh', 'U96LaG'),
(703, '4849-EVX20', 'dguilleji', 'ZxgyPt43U'),
(704, '2844-KSI49', 'ljonesjj', 'fgZ6q48ViKb9'),
(705, NULL, 'ncristoforjk', '1co9QMKy'),
(706, NULL, 'fpetrushkevichjl', '8Z5syMB'),
(707, '6526-GYQ91', 'jdowjm', 'ulrnya6HYbs'),
(708, '3166-LSE80', 'ejanotajn', 'q3z1hJcOkz'),
(709, '7943-PNM78', 'arichardsonjo', 'HCxE6LgvF'),
(710, '8512-SOY75', 'kdanskenjp', 'oKyC1h4tjlX'),
(711, '5460-QBP89', 'msteffansjq', 'pWr4HYp'),
(712, '9636-IDJ91', 'ofordjr', 'E9EgQ6Ke'),
(713, NULL, 'hbonhomejs', 'bUyalKqiAl'),
(714, '4500-EEY26', 'sbreesejt', 'qX5OlS'),
(715, '1420-ZEI15', 'nradborneju', 'k5ZO6Zbeu0Y3'),
(716, '5026-GSX58', 'pmckeandjv', 'HMJDAN'),
(717, '0832-YNX25', 'tjanecekjw', '6YzHVc4TvQpm'),
(718, NULL, 'rguillermanjx', 'glqJtlLkH'),
(719, '7655-HPL98', 'asorjy', 'CL07N5UFwj'),
(720, '0600-ROV20', 'ccatteljz', 'DmeVJi8i'),
(721, '9159-CXB55', 'lbrongerk0', 'EiVuTbD6LUAG'),
(722, NULL, 'uhobbingk1', '9NhS6Gcs1'),
(723, NULL, 'hcampsk2', 'ZoTj9CG2f'),
(724, '0364-FIU17', 'rsheppeyk3', '5p8HqDGfn'),
(725, NULL, 'olearoidk4', 'zWtMGrr'),
(726, '5174-ZHS29', 'atollerk5', 'e6ns6G27'),
(727, '0666-IGU93', 'sbruynsk6', 'UKVWxJRw'),
(728, '5017-JFD29', 'rabramovicik7', '3Um9mIQDYK'),
(729, '2129-HVZ68', 'mpetrowskyk8', 'zeUO1C'),
(730, '8691-ONJ62', 'cmaierk9', '25XmMeBxAl'),
(731, '1279-UBA93', 'swarryka', 'Q2VZDTMbs'),
(732, NULL, 'sjakubskikb', 'eM1PHixC'),
(733, NULL, 'searlkc', '0gSSp1'),
(734, '1931-UZG10', 'bomearakd', 'txAzpt'),
(735, NULL, 'jpauleke', '5SYa3gY9'),
(736, NULL, 'mcalvenkf', 'X1RZXz'),
(737, NULL, 'hcoldtartkg', 'o9shYcL2FtE'),
(738, '7189-PDF88', 'dbachkh', 'v9rw6yYe42'),
(739, NULL, 'cyerillki', 'Qrz5CTjhhqxI'),
(740, NULL, 'aolesenkj', 'bF9jOOTA'),
(741, '0579-YPA20', 'gmabonekk', 'HQJxQv'),
(742, '3739-EVF86', 'breeveskl', 'zqKQBkT'),
(743, NULL, 'abollumkm', '3kkG2uC'),
(744, '9767-DST76', 'balfonsokn', 'bTVPHMh9eqs'),
(745, NULL, 'vtedorenkoko', '1ay0SiS'),
(746, '2154-CBQ04', 'epepperillkp', 'vT4d1f'),
(747, NULL, 'thoughtkq', 'wfgh10'),
(748, NULL, 'mwhippkr', 'UzOTYdByHR'),
(749, '1557-DUN10', 'iwoolertonks', 'wt2SRJgJKC'),
(750, '0013-YHY79', 'cmendelkt', 'T4L8Rv34nz2X'),
(751, NULL, 'scullinaneku', '0FaEdJiPcyE'),
(752, NULL, 'coganesiankv', 'FdsVpcl2c22'),
(753, NULL, 'sclemanceaukw', 'tjip2qK'),
(754, '0365-QUL46', 'fcoalburnkx', 'sxoDHg8Vw'),
(755, NULL, 'aschelligky', '8plkyMz2RmY'),
(756, '2061-WLT71', 'sautiekz', 'q3MZZnHu'),
(757, '4237-LUM62', 'gmaddisonl0', '4sH7N8'),
(758, '1060-PRV10', 'sridehalghl1', 'iPh6qY'),
(759, '0678-CLX78', 'nstanionl2', 'bHWjFn'),
(760, '4902-AIW86', 'sparmbyl3', 'MOBspFe4EQU'),
(761, NULL, 'rbodimeadel4', 'XooRPK6nh2j'),
(762, NULL, 'abridgwaterl5', 'RJCKLOq2z'),
(763, NULL, 'ppetrasl6', 'qliY5cO'),
(764, '9376-PYF90', 'aeddisforthl7', 'd5tSP07uC'),
(765, '3436-UZZ15', 'dkinvanl8', 'udCwOeah4'),
(766, '4864-MKP44', 'mbarnardl9', 'HJBFwHJ'),
(767, '2324-RXE25', 'sskillenla', 'vcEYspFB'),
(768, '3272-IPM56', 'ehannenlb', 'gZk779qF'),
(769, NULL, 'bfinckenlc', 'aK9zVzrFWO4'),
(770, '5203-ODC53', 'abennerld', 'rP20BnM5u'),
(771, '9555-DYR50', 'rwortersle', 'uCn7M5Tz45'),
(772, NULL, 'imortlocklf', 'wghwBaePxOb'),
(773, NULL, 'tfogtlg', 'f52iu9gkbHl3'),
(774, '0545-ABH50', 'lmaccumeskeylh', 'j34YL9u'),
(775, '3822-OED83', 'ptweddellli', 'ikE8hI'),
(776, '3596-UXA14', 'fwhittletonlj', 'N0NJoG2SQ'),
(777, NULL, 'arubertlk', 'wYzV3Lhfhi5'),
(778, '2117-LAB22', 'emouldll', 'AtXFFNn'),
(779, '0545-ABH50', 'trickerlm', 'cJvGa1'),
(780, '0365-QUL46', 'pgrigsonln', 'LNGbC2w'),
(781, '2217-IAP49', 'jwaitinglo', 'f8y8NKUj'),
(782, '8364-DSO28', 'sdomineylp', 'pYWv0chuuGE'),
(783, '4786-EWF09', 'cmatitiaholq', 'cIgAuoNaE'),
(784, NULL, 'egeardlr', 'RTanVYgVYPi'),
(785, NULL, 'ehegartyls', 'TxcnudKMaT'),
(786, '5380-JTJ72', 'wcordnerlt', 'APzeFKAPDt'),
(787, '2994-TER19', 'ebunnerlu', 'G3VCgKrgPF1K'),
(788, NULL, 'sfallenslv', 'dP7zcZ'),
(789, '4864-MKP44', 'kmurrilllw', 'MSCD2axic'),
(790, '7870-HNR37', 'lkingabylx', '9quzpc'),
(791, NULL, 'cleveyly', 'XZk8LF'),
(792, '1658-SKE32', 'vpedersenlz', 'ccKQQIX3'),
(793, NULL, 'kwhilesm0', 'JkYLpMb3W'),
(794, NULL, 'hsallterm1', '5cmkW17V'),
(795, NULL, 'cmcmichanm2', 'tGG0hYA32Ge'),
(796, '2457-DTY46', 'pskymm3', 'FXqNIaBl'),
(797, '5733-IPZ03', 'ogeeringm4', 'k0jgzs'),
(798, '0948-LGQ03', 'wbaskerfieldm5', 'S6OgvvM7eC8M'),
(799, NULL, 'cblancowem6', 'slGyrRiVjHOk'),
(800, '1453-UXY76', 'hgoundrillm7', 'oMHHZy'),
(801, '4500-EEY26', 'wjohniganm8', 'GncFr8It8XW'),
(802, NULL, 'fdjurdjevicm9', 'UXXIqR1kLf'),
(803, NULL, 'ctuxellma', '7IWabyUwDfOo'),
(804, '4471-PIY93', 'rbrestonmb', 'zMjQxLzL3Mp'),
(805, '4271-DLS83', 'awaldockmc', 'uuy8Pt'),
(806, '2863-GTV66', 'ljoutapaviciusmd', '6xM2UDZ6kU18'),
(807, '5919-BIK83', 'lskittleme', 'Eto1ccuesOdf'),
(808, '7641-GMP52', 'jseamenmf', 'SGlUZaIBe'),
(809, NULL, 'ghallsworthmg', 'yUPOhMK'),
(810, NULL, 'rgrogonomh', 'MLZVbG8IDb'),
(811, '3606-DLH89', 'umackrillmi', 'N7NPSufv'),
(812, NULL, 'abartolomivismj', 'hlBZ1LynAS'),
(813, NULL, 'eregismk', 'vbkuzsuLQ'),
(814, NULL, 'dbabbml', 'Dq6zhiRFJ'),
(815, '9897-UAL48', 'rblazicmm', 'jAVA53dK1H'),
(816, NULL, 'nmctavymn', 'bg5Z1en91T'),
(817, NULL, 'gabelevitzmo', 'jh5FqPZPPa'),
(818, NULL, 'ameganymp', 'Q8Q8Mn'),
(819, NULL, 'rwindrassmq', 'bGW2JR'),
(820, NULL, 'ledgemr', 'PEunZ0cwz1'),
(821, '0229-TDS68', 'egiblinms', 'AYXs8AFg'),
(822, '5733-IPZ03', 'dbussettimt', 'RqYb8OfE'),
(823, NULL, 'maimericmu', 'oZRxKUAUt'),
(824, '5817-HRE84', 'tfulepmv', 'X1pFkZt'),
(825, NULL, 'sgreenardmw', 'kVUYoFf6AC2H'),
(826, NULL, 'rduranmx', '1STnGd0'),
(827, NULL, 'hplumridgemy', '8sqRa1lDwF6'),
(828, NULL, 'hguysmz', 'qgjKKB0'),
(829, NULL, 'mkinnern0', 'Zk7nN0Ermo'),
(830, NULL, 'abozwardn1', 'kkQ1bHl3AO'),
(831, NULL, 'dshemmingn2', 'MXv7xpKaGyxK'),
(832, NULL, 'wlidbettern3', 'NHtvHRycm'),
(833, '3770-BEX80', 'aharuardn4', 'rR4qjnAG'),
(834, '1231-VVN12', 'mkiten5', 'hUDfvHVKFc'),
(835, NULL, 'glinfittn6', 'tzr8Dl8T'),
(836, NULL, 'mhuelinn7', 'X9mAr8TNTio'),
(837, NULL, 'ldoultonn8', 'krynVRm6'),
(838, NULL, 'mknotten9', '059XzAw9p1D'),
(839, '0716-BDB53', 'rhazaelna', 'a2iRcAV6U7g'),
(840, '1787-LYZ74', 'rboylesnb', 'sSvqO6'),
(841, '7059-EKG82', 'ngingellnc', 'qmoRYF'),
(842, '6575-ERN94', 'cschleswigholsteinnd', 'e9qk7skoj'),
(843, '3144-SGH52', 'pbrighamne', 'GpFVUyUT0az'),
(844, NULL, 'hstookenf', 'RMwds4fEXTtD'),
(845, '7741-KHY95', 'knisiusng', 'TY0krO'),
(846, NULL, 'awinnisternh', 'Otioafbf'),
(847, '9675-DXM76', 'nfilponi', 'Br6m2ifsV'),
(848, '1390-PPV38', 'wdutsonnj', 'g58CNnj3OS'),
(849, '5362-NFQ45', 'ddallemorenk', 'B075RFGm'),
(850, NULL, 'gloftnl', 'YaRQuhp'),
(851, NULL, 'tolandernm', 's9wt0pPbwHy'),
(852, '1958-OVR72', 'toxborrownn', 'dB88txKAfv'),
(853, '2355-DWT70', 'ktudgeno', 'Tbu9hNt'),
(854, NULL, 'lkiddnp', 'GVfBQ5Z3gufN'),
(855, '0778-FTZ43', 'aesomenq', 'CAtHXo'),
(856, '6270-TCS57', 'owoodlandsnr', '1REFB8x5c'),
(857, NULL, 'whalburtonns', 'QYf5BBW2oHKw'),
(858, '4902-AIW86', 'kberthomiernt', 'hXLUK0RLA'),
(859, NULL, 'gardleynu', '2RIJZDfpeZ1a'),
(860, '6059-IAJ58', 'ddinisconv', 'C2UujspV'),
(861, '4045-FGB30', 'jbrommagenw', 'bNLbqai2U4'),
(862, '6798-DHW39', 'acorknx', 'IOUbu5P'),
(863, NULL, 'ddybellny', 'EGl2Xby2sI'),
(864, NULL, 'sdowlingnz', 'i92ywvuDp0G'),
(865, '5718-BKY04', 'sholylando0', 'kRYG3rC3Kr'),
(866, '2404-CXG59', 'tstrippo1', '4OzQ3JVZG'),
(867, '5250-XJU63', 'swastallo2', 'kN2HF0'),
(868, '2585-GAG12', 'efarraghero3', 'FLKpvj0G7'),
(869, '7503-VTW36', 'tcampagneo4', 'MucDkeXdPg'),
(870, NULL, 'mvoiseyo5', 'HCwI5tOnCQ'),
(871, '0537-PQE30', 'lterbruggeno6', '8LUOxwT22c'),
(872, '2956-XIV75', 'thovendeno7', 'ah5iyulD'),
(873, NULL, 'lmathewsono8', 'Nhg3chq'),
(874, '7701-SUF73', 'kwelfairo9', 'sAgxi5'),
(875, NULL, 'asecretanoa', 'DPE91etEtZ'),
(876, '9982-TGO51', 'acomettoiob', 'EmHd5rH1RSSF'),
(877, NULL, 'jcowderyoc', 'LMRZlf'),
(878, '7105-HFC93', 'asollonod', 'Uf3r2tLn3ff'),
(879, '7618-RGG90', 'ndutnalloe', 'N1hADy'),
(880, NULL, 'jsemeredof', 'wX4o8d4'),
(881, '7892-ALZ83', 'hpilcherog', 'ak40wOeV'),
(882, NULL, 'sdiplockoh', '99qYOPlrz09B'),
(883, '6301-HHX19', 'cwindowsoi', 'AjDHJWiQ'),
(884, NULL, 'dsidryoj', 'aB91fqs4bobC'),
(885, '2821-KTM11', 'rdaniellook', 'hw6nCBY07mG'),
(886, '5817-HRE84', 'mgrollol', 'JG16ejId'),
(887, NULL, 'hbaskeyfieldom', 'oZ7X3VfbPGRY'),
(888, '1413-ZVF33', 'ctesyroon', 'xfXsDGn3Apb'),
(889, NULL, 'bhastwelloo', 'uEXgVeYBSR'),
(890, NULL, 'gothenop', 'ZrZkqf19I'),
(891, NULL, 'nimpeyoq', 'J1AH5JFFW0d2'),
(892, NULL, 'johmsor', 'MGkWupEhr'),
(893, '1618-QVH15', 'lcrenageos', 'BYFqIMb'),
(894, '7771-XXK77', 'cravensot', 'zGjT7Am'),
(895, '2994-TER19', 'corysou', 'f1dfBjROIPnW'),
(896, '0467-VAX51', 'jdirandov', 'aX7DDOa'),
(897, '1824-MPD76', 'etominiow', 'qZUX2W4dd'),
(898, '7123-ZFU44', 'ntwinboroughox', 'FePUevcs'),
(899, NULL, 'egermanoy', '0Vq0lia'),
(900, '9394-RAT47', 'bpoltunoz', 'jjYzmTS'),
(901, NULL, 'eravilusp0', 'QUoPfm2rG'),
(902, NULL, 'mkirkebyep1', 'i7hUTjY'),
(903, '2519-CUZ73', 'oraddanp2', 'CtTpvU'),
(904, NULL, 'gpietrowskip3', 'keFSe69GhjWo'),
(905, '2521-NWO10', 'ufretterp4', 'vIbHPeu7bHq8'),
(906, '5386-ULK44', 'lfisbyp5', '18h7A9I2s08z'),
(907, '2589-UAC99', 'ecoyettp6', 'aP1sqxI'),
(908, '0312-MPQ86', 'dferrymanp7', '3cNfGqzHQU'),
(909, NULL, 'ilagop8', 'loZyFroL'),
(910, '2844-KSI49', 'rwetherellp9', 'ZoL0Pzl'),
(911, NULL, 'dbarnewellepa', 'iiQuNb'),
(912, '5202-LRW71', 'vhowgillpb', 'Ag0hXuNw7C5'),
(913, '1989-FHS39', 'ttatepc', 'UhaQkGtOigLa'),
(914, '4388-PRM29', 'gspeendenpd', 'OtRTfkDo'),
(915, '2785-FDP91', 'hmorduepe', 'jGyvdMnlB4'),
(916, '2153-MXR89', 'pchopinpf', 'WemHm902kG'),
(917, '2222-ZOI97', 'kwildorpg', 'M4JovOHvk'),
(918, '0779-SNV02', 'aofalloneph', 'iJljjLawk'),
(919, NULL, 'tpierropi', '4kVrCwyGV'),
(920, NULL, 'cfollisspj', 'SZ2rtk'),
(921, '3025-VMO05', 'cmckelveypk', 'luEcfvty2L'),
(922, '9496-BNN28', 'mjelkpl', '5biTTIv4uS5'),
(923, NULL, 'ajulyanpm', 'DnCnecrHb'),
(924, '1508-OWY12', 'ndugoodpn', 'fLkQ4oP8Oq'),
(925, '3655-ISG75', 'gcolampo', 'WGSHx1G3xtS2'),
(926, NULL, 'kspearepp', '1rj6Q5dd'),
(927, NULL, 'mswynepq', 'dAbZkwVQqO'),
(928, '3820-WYJ58', 'ssmailpr', 'D7Uo6RL'),
(929, '4700-FLW10', 'jcastlesps', '33UCs0JG'),
(930, NULL, 'wbalmapt', 'cNqhrrp'),
(931, '8807-BQS96', 'amogglepu', 'z06w6pYNs8k'),
(932, '8746-KPM36', 'mturfuspv', 'uxCq1Yg4'),
(933, '5460-QBP89', 'cpennycockpw', 'lgdYwE'),
(934, '5061-FKB76', 'tircepx', 'FsALd5BiZ'),
(935, NULL, 'triceardspy', '2imFtsf'),
(936, NULL, 'alangcastlepz', 'WvFU3izM'),
(937, '5817-HRE84', 'gelverstonq0', 'yLAxTkXj3'),
(938, '1401-CXM05', 'csprosonq1', 'SZXSOeZo0YE'),
(939, '8043-YLY17', 'idanilewiczq2', 'EbWDLUFL'),
(940, NULL, 'cberryq3', 'NdJfsxZ'),
(941, NULL, 'lfurstq4', 'r8eELlceNI'),
(942, '6726-EWO61', 'mdymokeq5', 'nxevyz1P'),
(943, '5585-KAH75', 'mluskq6', '3KgHsvDN3'),
(944, NULL, 'ttoulminq7', '1IxUgGunm'),
(945, '6367-VPQ84', 'rpattiniq8', 'IpWJH0F'),
(946, NULL, 'lhellwichq9', 'L1U53Z'),
(947, '4688-UQD10', 'mbeckfordqa', 't7baJ8UA'),
(948, NULL, 'fbryanqb', 'ZkNRjQpzdO'),
(949, '1931-UZG10', 'bspawtonqc', 'bL6gxR'),
(950, '4949-HCY64', 'edabnerqd', 'fqDkqkHwdX'),
(951, '1636-DRP07', 'ecargillqe', 's1JPzp'),
(952, '5513-OMC49', 'dstolbergqf', 'sKMAMQaBp'),
(953, '2017-WYG69', 'lwreakesqg', 'ZAaYrFnZU2q'),
(954, NULL, 'jdematteisqh', 'PczMJn'),
(955, '3344-LOK52', 'rnawtonqi', 'KdJzHfYS'),
(956, '7505-BFO20', 'lsilversmidqj', 'N5HKiKuG'),
(957, '1617-URJ01', 'gdreusqk', '0N8dse7eD'),
(958, '4881-SRE63', 'esimoncelliql', 'KZlTu6bCX'),
(959, '5113-CAX97', 'wbuckstonqm', 'jKiPjrs2DRQ'),
(960, '9621-DID05', 'mconnueqn', 'WExPKV1iVN2d'),
(961, '4046-QEO59', 'iaffleckqo', '2OR9zW'),
(962, '6092-KYM57', 'thortqp', 'uf9eVU'),
(963, '0896-PSX70', 'adikleqq', 'XkG2KyDd'),
(964, NULL, 'llottringtonqr', 'wv3p4H0'),
(965, '4430-UXF47', 'asherlawqs', '2QWyfYxdbh1'),
(966, NULL, 'bshellsheereqt', 'QZHPF2f'),
(967, NULL, 'lensorqu', 'kiPzWhTRFR'),
(968, NULL, 'pmacneishqv', 'pHovp4Dw'),
(969, '8727-UKN86', 'pmattioliqw', 'beaNmYSU7pGX'),
(970, NULL, 'goverstallqx', 'SYYbyiGYD'),
(971, NULL, 'zfeighneyqy', 'v7PJ8ZS92'),
(972, NULL, 'dblitzerqz', 'ZtMCS0I2dUg'),
(973, '9474-KTO04', 'gdimnager0', 'KUiTkNv'),
(974, NULL, 'acamdenr1', 'm6vxVr'),
(975, '0777-XGY38', 'dpolandr2', 'VFoSTkXMpHw'),
(976, NULL, 'hkunertr3', 'cUj7Z2Vgw1'),
(977, NULL, 'nraymenr4', 'ZNvnTMsf'),
(978, '1079-MZR16', 'isawreyr5', 'BDXHF55OOx'),
(979, '4046-QEO59', 'gdreamerr6', 'lRQgJZEN'),
(980, '1060-PRV10', 'crebichonr7', 'De68rw7qo0'),
(981, NULL, 'araynhamr8', '1y4gyj'),
(982, NULL, 'lshaeferr9', 'Esjg8OCH6i8a'),
(983, '2642-LEC59', 'groarkra', 'PtEXMzo'),
(984, '5790-DXW13', 'folyonovrb', 'XxDhuvWGrZ'),
(985, '2327-AVY57', 'jmakeswellrc', 'Mc1YH8FLBC'),
(986, '2335-TEH34', 'aistonrd', 'jmKEmRI'),
(987, '0907-HBC18', 'smellmothre', '1u4XcUekZ2'),
(988, NULL, 'sdolderrf', 'SyYPLJZgKkH'),
(989, '2991-NJI88', 'cpetscheltrg', '6X8buffG'),
(990, '0678-CLX78', 'jbushnellrh', 'ecFPI7aI71'),
(991, '1279-UBA93', 'pdadleyri', 'C5QlbEgJbzk'),
(992, NULL, 'yfedorskirj', 'bUMzeVisw'),
(993, NULL, 'fclendeningrk', 'NzqQMiiLL'),
(994, '0666-IGU93', 'selsyrl', 'xwykvhV'),
(995, '4881-SRE63', 'sboaysrm', 'w48eRU12xaiS'),
(996, NULL, 'dtheakerrn', 'BJjQ9bMTx'),
(997, '0226-NOU29', 'dbeesonro', 'sNU35Z'),
(998, '7347-ZKJ58', 'jdorranrp', 'IGWex8wkH'),
(999, '5919-BIK83', 'darmfirldrq', 'SZTBsbU9'),
(1000, '8270-JQR15', 'aridewoodrr', 'rNssS4zAyZt'),
(1002, NULL, 'admin', 'admin');

-- --------------------------------------------------------

--
-- Estructura de tabla para la tabla `contrato`
--

DROP TABLE IF EXISTS `contrato`;
CREATE TABLE IF NOT EXISTS `contrato` (
                                          `ContratoCodigo` char(10) NOT NULL,
                                          `Empresa` char(10) DEFAULT NULL,
                                          `ContratoEstado` bit(1) NOT NULL,
                                          `ContratoFechaInicio` date NOT NULL,
                                          `ContratoFechaFin` date NOT NULL,
                                          PRIMARY KEY (`ContratoCodigo`),
                                          KEY `FK_Contrato_Empresa` (`Empresa`)
) ENGINE=InnoDB DEFAULT CHARSET=latin1;

--
-- Volcado de datos para la tabla `contrato`
--

INSERT INTO `contrato` (`ContratoCodigo`, `Empresa`, `ContratoEstado`, `ContratoFechaInicio`, `ContratoFechaFin`) VALUES
('0006-VUG39', '22SQDJ-520', b'0', '1998-07-28', '2017-06-05'),
('0013-YHY79', '71EOKL-713', b'0', '1996-10-27', '2014-09-22'),
('0021-UBR77', '34WUCL-417', b'0', '1996-06-21', '2012-07-28'),
('0029-WXL45', '32MGST-247', b'1', '1998-11-30', '2012-12-02'),
('0036-HAN08', '40MHVO-828', b'1', '1996-10-23', '2014-12-18'),
('0039-TBB82', '77RLEP-666', b'1', '1996-07-24', '2002-09-14'),
('0042-JPP02', '32KQEY-508', b'1', '1997-05-04', '2007-09-20'),
('0045-RIY19', '02TBIC-549', b'1', '1998-09-16', '2007-04-26'),
('0115-UWE41', '28QIDC-160', b'0', '1996-03-17', '2013-08-08'),
('0128-DAH08', '88DGSV-635', b'0', '1999-10-24', '2014-05-01'),
('0140-SNO02', '87ABNM-409', b'0', '1999-08-23', '2010-03-05'),
('0143-QRF03', '25HGEQ-492', b'1', '1997-08-20', '2004-06-11'),
('0143-VOL24', '64CMOW-292', b'1', '1999-08-02', '2018-04-11'),
('0169-VFB46', '39BNGR-086', b'1', '2000-08-16', '2016-03-19'),
('0171-EVC24', '20YRLC-796', b'1', '1999-11-17', '2003-12-17'),
('0202-WYF52', '99QKFD-138', b'1', '1996-07-04', '2015-12-17'),
('0224-IOU66', '54KYZA-815', b'1', '1999-01-18', '2007-08-18'),
('0226-NOU29', '19RQKU-386', b'1', '1998-10-29', '2006-04-17'),
('0229-TDS68', '91GTKH-417', b'0', '1997-12-27', '2015-06-29'),
('0235-ZRU57', '82BIFZ-531', b'0', '1998-01-15', '2017-02-18'),
('0244-JXP99', '34FCOR-696', b'0', '2000-12-05', '2016-10-19'),
('0254-NUX13', '51GTFB-086', b'0', '1999-10-23', '2013-01-04'),
('0267-BJK45', '34AKZE-123', b'1', '1996-11-09', '2005-08-15'),
('0272-FCG00', '66KPSH-723', b'0', '1996-02-19', '2004-08-12'),
('0290-NCT71', '01VTPV-536', b'0', '1999-03-09', '2002-12-15'),
('0290-WKB31', '47XIPU-218', b'0', '1999-02-10', '2018-12-10'),
('0292-AXA40', '65HHYE-525', b'1', '1999-04-14', '2012-07-15'),
('0293-MXA32', '72XTWM-308', b'1', '1997-07-01', '2009-09-25'),
('0302-KNU24', '56JHKJ-054', b'1', '1999-08-26', '2004-01-22'),
('0306-THJ73', '85WEWG-863', b'0', '2000-07-04', '2002-11-13'),
('0310-ENH93', '49UNDI-761', b'1', '1999-05-23', '2008-06-04'),
('0312-MPQ86', '88NYJN-792', b'0', '1996-10-04', '2008-03-28'),
('0322-GLD13', '67RRLG-226', b'0', '1999-06-19', '2001-05-01'),
('0342-UXU99', '66RBZI-248', b'1', '2000-05-05', '2004-09-14'),
('0344-KGV36', '80GQBG-005', b'0', '2000-08-24', '2011-08-10'),
('0345-NZH43', '71FVDN-485', b'0', '1997-09-21', '2013-01-23'),
('0360-HTY12', '91GUKW-823', b'1', '2000-12-10', '2018-06-16'),
('0362-IAF23', '77ZLRA-581', b'0', '1999-11-24', '2018-12-12'),
('0364-FIU17', '23KNHW-053', b'1', '1996-02-20', '2013-10-10'),
('0365-QUL46', '86UNTB-777', b'1', '1999-10-11', '2009-11-29'),
('0366-YPL16', '42EEIX-268', b'1', '2000-08-01', '2002-01-22'),
('0368-VXN82', '79ELZK-881', b'0', '1997-03-29', '2016-10-31'),
('0371-ZMF23', '33ZHFQ-986', b'1', '2000-02-23', '2016-10-12'),
('0386-KKO09', '44VSNM-393', b'0', '1996-01-23', '2016-06-19'),
('0389-ZMS61', '09AMFG-732', b'0', '1996-06-09', '2014-07-21'),
('0402-WKY92', '02ZNJX-805', b'1', '1998-06-15', '2010-03-05'),
('0411-HYF70', '69DTQJ-857', b'1', '1999-09-22', '2005-07-23'),
('0412-MSR76', '84EYHN-353', b'1', '1999-09-11', '2005-03-07'),
('0415-QSJ12', '32YGVS-839', b'0', '1996-06-06', '2015-12-31'),
('0443-ANZ09', '51DXJU-173', b'0', '1996-04-14', '2017-11-11'),
('0458-GTD57', '33YRJW-344', b'0', '1998-01-19', '2014-10-31'),
('0467-VAX51', '43SNMJ-575', b'1', '1999-05-05', '2019-03-31'),
('0474-UDQ54', '83OXIO-983', b'1', '2000-02-27', '2003-11-20'),
('0479-MDK01', '21UWLS-090', b'1', '2000-06-09', '2004-09-05'),
('0490-YWF54', '56NJPG-993', b'0', '2000-01-26', '2016-03-27'),
('0493-EIP68', '53LNXK-505', b'1', '1998-11-02', '2006-02-10'),
('0496-LYI24', '97XKMH-670', b'0', '1997-11-19', '2013-05-05'),
('0497-CKN36', '66RNMB-527', b'0', '1997-08-19', '2018-10-01'),
('0501-SOK22', '60VPEM-034', b'1', '2000-11-04', '2017-05-26'),
('0504-RTT18', '01CZIT-378', b'0', '1996-04-03', '2016-05-04'),
('0537-PQE30', '77RTIY-903', b'1', '1996-11-02', '2014-12-09'),
('0545-ABH50', '48IVCL-278', b'1', '1999-04-08', '2007-09-30'),
('0550-EUI19', '31ZAPK-125', b'0', '1997-04-05', '2001-12-14'),
('0559-BRB45', '55SVKW-757', b'1', '2000-01-24', '2004-09-27'),
('0559-LXS01', '09HPWQ-011', b'0', '1998-06-12', '2019-08-22'),
('0561-TGD71', '95LSVL-661', b'0', '1996-08-18', '2003-04-02'),
('0571-TNP30', '32AMCL-801', b'1', '1999-11-07', '2007-09-09'),
('0579-YPA20', '46KXEG-133', b'0', '2000-06-16', '2004-11-24'),
('0591-AKV73', '02BBRA-768', b'0', '1996-11-25', '2004-11-15'),
('0598-ICF42', '96RMCQ-783', b'0', '1999-04-05', '2014-10-26'),
('0600-ROV20', '19EODC-608', b'1', '1998-06-04', '2015-08-05'),
('0601-IOX31', '87RQCK-054', b'1', '1997-02-21', '2010-01-29'),
('0653-FDM18', '13MWGJ-780', b'0', '1996-03-24', '2017-11-01'),
('0658-RFM16', '91VFOR-912', b'1', '1997-10-02', '2013-07-25'),
('0666-IGU93', '46NTJG-540', b'0', '1997-10-20', '2010-04-19'),
('0671-AES89', '11RENA-530', b'1', '1997-09-04', '2008-08-25'),
('0678-CLX78', '02QUEK-759', b'0', '1996-03-10', '2003-05-26'),
('0698-TYB17', '18TZXW-050', b'0', '1998-10-27', '2011-10-07'),
('0700-YUI10', '29RAXG-792', b'0', '1999-12-17', '2015-04-29'),
('0716-BDB53', '90DZPY-412', b'1', '1999-02-16', '2009-02-02'),
('0717-UXR97', '52GJNV-232', b'0', '1997-01-02', '2005-12-25'),
('0744-MXQ42', '91YQGR-423', b'1', '1997-02-12', '2002-07-24'),
('0749-IXL47', '35OWXZ-084', b'0', '1997-05-06', '2004-11-25'),
('0750-YXN26', '73MTGZ-543', b'0', '1999-02-28', '2011-03-15'),
('0760-DQU07', '34QTDB-333', b'1', '1996-11-13', '2016-11-17'),
('0777-XGY38', '42KODU-961', b'1', '1999-12-20', '2014-06-03'),
('0778-FTZ43', '47JFDX-927', b'1', '1996-05-15', '2007-01-08'),
('0779-SNV02', '97APSN-398', b'1', '1998-02-01', '2004-11-05'),
('0787-LNU31', '20SXTB-063', b'1', '1998-04-12', '2010-12-04'),
('0794-EEB06', '18DECV-389', b'1', '1999-11-14', '2004-07-22'),
('0803-QVN06', '02APCG-473', b'0', '1996-05-18', '2014-11-26'),
('0832-YNX25', '17GLEH-518', b'1', '2000-06-03', '2007-05-25'),
('0845-BWH68', '16ULSZ-256', b'0', '1996-04-19', '2003-01-15'),
('0855-WMI86', '28YOLH-076', b'0', '1998-10-17', '2008-02-28'),
('0874-JJK84', '18JXRX-118', b'1', '2000-12-16', '2017-10-04'),
('0881-OZD75', '33MROM-257', b'0', '1999-02-19', '2005-02-01'),
('0882-IAR87', '34JQVY-007', b'0', '1996-01-09', '2005-08-01'),
('0883-FYO24', '00XPUB-049', b'1', '1998-08-09', '2019-04-21'),
('0884-HSI37', '40DEVE-089', b'0', '2000-01-16', '2014-06-17'),
('0885-FDQ03', '79AUZZ-465', b'1', '1996-11-24', '2004-09-17'),
('0890-UJO99', '71HWQT-650', b'1', '1996-07-29', '2012-02-15'),
('0896-PSX70', '67WYKO-382', b'1', '1996-08-18', '2013-09-28'),
('0903-ICJ94', '14KEMY-145', b'1', '1996-01-26', '2018-10-21'),
('0903-OZH42', '98FBUC-543', b'1', '1999-06-30', '2015-03-31'),
('0907-HBC18', '46NIKR-680', b'1', '1997-04-16', '2012-02-04'),
('0931-UFT90', '16PYRR-716', b'1', '1997-09-14', '2011-11-14'),
('0941-BWX72', '34DAXX-304', b'1', '1997-10-21', '2002-02-17'),
('0945-TVV39', '35NHUX-386', b'1', '1997-04-30', '2016-12-19'),
('0946-RWQ68', '55UDYQ-454', b'1', '2000-09-28', '2009-07-08'),
('0948-LGQ03', '29UCKI-685', b'1', '1996-09-10', '2012-12-27'),
('0955-ZCK19', '28EOTP-673', b'1', '1996-10-21', '2016-06-13'),
('0960-IAX06', '41XDCO-603', b'0', '1997-08-02', '2002-04-26'),
('0967-LYF55', '88QCJV-039', b'1', '1996-08-08', '2017-04-04'),
('0968-AKE16', '05OFFK-909', b'0', '1996-07-19', '2010-11-07'),
('0979-RLQ81', '63DULK-288', b'1', '2000-11-02', '2014-01-07'),
('0980-PCC05', '34FXKD-357', b'1', '1998-09-12', '2015-12-22'),
('0980-PQL30', '15GVJO-300', b'1', '2000-03-02', '2017-09-06'),
('1006-XRY62', '66ILOD-477', b'0', '1997-01-10', '2003-11-14'),
('1008-NEM39', '68ADMR-746', b'0', '1996-02-17', '2002-08-20'),
('1035-WJJ20', '04JVUR-144', b'0', '1996-08-24', '2019-06-10'),
('1036-VRK77', '38WSDO-108', b'0', '1998-05-20', '2011-07-27'),
('1042-UBB96', '17XZWC-589', b'1', '1997-06-02', '2012-02-22'),
('1060-PRV10', '58HCKC-811', b'1', '1996-12-06', '2003-12-05'),
('1079-MZR16', '27ZZQI-891', b'0', '1996-03-20', '2006-06-30'),
('1080-ZOT61', '33JORG-769', b'0', '1997-02-14', '2012-03-22'),
('1089-TLK50', '90PNMK-305', b'1', '1998-05-26', '2010-12-07'),
('1093-RWS75', '10DOLS-163', b'1', '1996-04-02', '2006-07-10'),
('1096-PXT66', '51IWJV-952', b'0', '1999-11-20', '2012-01-06'),
('1098-YRA87', '61DHHV-447', b'0', '1997-12-20', '2010-08-29'),
('1102-OSI89', '23XVRW-604', b'0', '1996-03-07', '2009-02-20'),
('1111-GNH62', '68UTAB-648', b'1', '1997-07-27', '2012-10-26'),
('1115-LXH21', '70WSAT-949', b'0', '1999-05-03', '2001-11-21'),
('1117-SUX31', '98JMFQ-358', b'0', '1996-11-16', '2015-12-16'),
('1122-DZI12', '95GMYA-931', b'0', '1999-01-01', '2018-02-05'),
('1122-OSF94', '90ZPMO-130', b'1', '1996-11-24', '2011-05-17'),
('1125-EVS50', '69PPJQ-205', b'1', '1999-10-16', '2015-03-06'),
('1161-KEX94', '01GIVQ-706', b'1', '1999-01-26', '2015-10-24'),
('1172-CQF26', '42VNBA-391', b'0', '1996-04-11', '2014-05-19'),
('1193-XTO30', '05PUYS-233', b'1', '1998-06-18', '2013-10-23'),
('1204-UYR59', '56RMIW-460', b'0', '1998-11-03', '2015-09-15'),
('1208-WPV18', '91WBHB-005', b'1', '1997-06-24', '2012-10-30'),
('1210-XSV82', '59IMFS-462', b'0', '1998-12-24', '2016-12-30'),
('1231-VVN12', '07DVIU-029', b'1', '2000-04-22', '2002-03-19'),
('1231-ZBN69', '59NCCZ-311', b'1', '2000-12-26', '2012-02-06'),
('1239-GLA01', '39IOWE-550', b'0', '1999-03-12', '2009-04-10'),
('1263-OCC41', '43BHLW-927', b'1', '1997-09-20', '2011-08-05'),
('1272-QSS69', '37CGSE-766', b'1', '2000-02-12', '2010-12-26'),
('1279-CYX93', '51DYQE-651', b'1', '1998-07-10', '2004-01-02'),
('1279-UBA93', '29YHQJ-136', b'0', '2000-04-25', '2014-09-05'),
('1283-UKY97', '64LSZG-911', b'1', '1999-08-18', '2013-01-09'),
('1295-AGS83', '16GRSI-430', b'0', '1996-09-24', '2019-07-06'),
('1300-JLH17', '76KAVT-820', b'0', '2000-10-05', '2010-07-08'),
('1305-BOA60', '97CDZH-660', b'1', '2000-12-20', '2013-08-30'),
('1318-GOJ42', '70ADUD-906', b'0', '1999-11-06', '2004-01-05'),
('1326-UBV44', '54UKEM-573', b'0', '1996-04-14', '2017-09-30'),
('1337-FGO01', '38DXWZ-370', b'0', '1997-07-19', '2016-03-30'),
('1337-XRU48', '69UQIX-687', b'0', '2000-03-30', '2001-10-19'),
('1351-EFE02', '50WMPL-007', b'0', '2000-04-18', '2015-09-04'),
('1376-EMM93', '12UORL-785', b'1', '1996-09-23', '2018-06-11'),
('1381-PFT33', '15SQSZ-432', b'1', '1997-12-31', '2008-03-20'),
('1390-PPV38', '92ZZRO-285', b'0', '1998-07-18', '2017-01-30'),
('1390-TDP42', '10DRUL-264', b'1', '1999-06-29', '2018-07-09'),
('1401-CXM05', '46PHYW-309', b'1', '1997-09-08', '2018-01-23'),
('1404-XQD06', '62GYHZ-618', b'0', '1997-09-09', '2013-01-26'),
('1413-ZVF33', '70VGVT-203', b'0', '1997-07-16', '2011-08-10'),
('1420-ZEI15', '62DQUL-974', b'0', '1998-02-06', '2010-06-26'),
('1440-SQP61', '51YDTB-137', b'0', '2000-12-21', '2008-05-16'),
('1453-UXY76', '88HPTZ-571', b'0', '1997-12-16', '2005-03-13'),
('1476-CKB11', '82PJMS-148', b'0', '1998-12-11', '2016-10-29'),
('1476-FSY23', '18ENQY-267', b'0', '2000-10-13', '2017-04-01'),
('1481-LLY44', '20UVPM-456', b'1', '1997-08-10', '2008-05-08'),
('1494-GLU81', '27ZMCN-076', b'0', '1997-08-01', '2018-10-26'),
('1502-HLO14', '89WCVK-818', b'1', '1996-06-06', '2001-06-05'),
('1508-OWY12', '50MHSH-579', b'0', '1996-08-29', '2011-02-19'),
('1510-NJM86', '28KHSF-787', b'1', '1997-10-09', '2007-02-03'),
('1511-ODP76', '61QFKC-327', b'1', '1998-08-11', '2010-09-13'),
('1514-LHW42', '18AFNR-406', b'1', '1997-10-24', '2013-01-14'),
('1529-HFM02', '32GSME-275', b'0', '1999-09-15', '2015-01-06'),
('1557-DUN10', '76ZIUI-108', b'0', '1998-07-06', '2017-10-02'),
('1573-MHU09', '64BPQO-217', b'0', '1997-05-04', '2007-11-27'),
('1585-ABD78', '81QBZL-571', b'0', '1997-05-09', '2009-10-31'),
('1600-SHO65', '36FMJA-410', b'1', '2000-06-11', '2017-03-29'),
('1603-NYF51', '74WMOB-054', b'1', '1998-09-08', '2009-09-08'),
('1604-DVQ40', '86MHAE-170', b'1', '1996-02-12', '2009-11-25'),
('1604-NFC61', '19UGWD-273', b'1', '2000-10-17', '2007-07-22'),
('1617-URJ01', '50BTCC-047', b'0', '1999-10-28', '2005-08-11'),
('1618-QVH15', '37ELHA-879', b'1', '1999-03-20', '2003-02-03'),
('1620-CJS77', '97ZDHN-707', b'1', '1996-10-10', '2004-02-17'),
('1636-DRP07', '82RGJN-201', b'1', '1997-08-07', '2006-05-23'),
('1638-GWH79', '42ZOUL-898', b'0', '1998-08-26', '2010-06-28'),
('1645-MEH87', '45UGER-241', b'1', '1997-04-12', '2017-05-09'),
('1647-SPL48', '54LHZW-036', b'0', '1997-03-07', '2010-10-24'),
('1658-SKE32', '09ZZUS-839', b'0', '1997-05-29', '2009-01-03'),
('1682-KHA32', '27RMRU-127', b'1', '1998-08-25', '2018-11-02'),
('1692-LMG67', '94RKWI-380', b'1', '1997-07-29', '2005-09-07'),
('1707-ZSU27', '85KJSB-426', b'1', '1998-05-10', '2017-05-23'),
('1709-RKS87', '08PNAI-095', b'0', '1997-11-08', '2014-08-15'),
('1713-ERW96', '29SJFH-261', b'1', '2000-12-11', '2013-08-28'),
('1721-XWD42', '96PXHF-444', b'1', '1996-12-20', '2012-07-03'),
('1743-YCY12', '44SQSL-299', b'0', '2000-12-10', '2005-08-23'),
('1753-PIX76', '61KXXQ-031', b'1', '1996-11-08', '2013-09-17'),
('1787-LYZ74', '78ZLWY-191', b'0', '2000-06-24', '2004-01-03'),
('1817-PGT01', '68UADW-205', b'0', '1996-02-03', '2017-09-18'),
('1824-MPD76', '72SNNN-912', b'0', '2000-03-02', '2017-12-06'),
('1860-WPQ07', '48LRZW-546', b'0', '1999-08-02', '2001-04-06'),
('1868-KSO98', '24HKTL-472', b'1', '1997-01-25', '2017-11-26'),
('1883-IVE42', '19DUSI-771', b'1', '1998-07-23', '2014-12-05'),
('1900-BPG66', '22MXBD-703', b'0', '1999-05-11', '2011-08-29'),
('1917-ADB47', '65PRIC-672', b'1', '2000-05-14', '2001-04-20'),
('1931-UZG10', '60ASOX-507', b'1', '1996-08-20', '2017-09-07'),
('1934-MRQ29', '03NUGD-800', b'1', '2000-02-21', '2007-01-01'),
('1949-JRW48', '85ZDIU-003', b'1', '2000-07-17', '2005-10-16'),
('1958-OVR72', '33EBKH-820', b'1', '1996-09-02', '2017-01-29'),
('1960-QTT84', '79KFRP-659', b'1', '1998-11-27', '2005-03-12'),
('1962-RMG25', '87IVXY-856', b'0', '1999-05-08', '2005-02-06'),
('1978-EAL15', '13JPXC-696', b'0', '2000-02-02', '2017-11-27'),
('1982-PZM35', '47QIOC-374', b'1', '1998-05-22', '2009-02-08'),
('1986-HCJ25', '37HFZZ-988', b'1', '2000-08-04', '2004-10-12'),
('1989-FHS39', '08HRLN-736', b'1', '1996-05-15', '2016-12-23'),
('1991-KJW95', '70PZHA-421', b'1', '1999-08-26', '2007-07-29'),
('1991-UXC78', '09UBLF-713', b'1', '1999-01-26', '2019-04-06'),
('2006-ANV00', '97UNLO-471', b'1', '1999-07-01', '2004-02-28'),
('2007-ALG21', '00ZRLH-428', b'1', '1998-01-23', '2009-08-09'),
('2015-GKS67', '03ILYH-992', b'1', '1997-11-02', '2004-05-20'),
('2017-WYG69', '47OJJG-888', b'0', '1996-02-27', '2009-05-10'),
('2041-BKF33', '83KLMV-424', b'0', '1996-03-12', '2014-04-23'),
('2055-EJB25', '48NKZQ-979', b'1', '1998-11-11', '2009-05-04'),
('2061-WLT71', '78NNGM-041', b'0', '1996-06-01', '2007-09-18'),
('2106-KGB28', '32KQAM-853', b'1', '1996-09-07', '2014-03-11'),
('2117-LAB22', '13JOYX-950', b'0', '1998-09-26', '2017-05-10'),
('2117-XBF09', '60SWNH-559', b'0', '1999-08-15', '2003-01-09'),
('2125-QOB26', '24FRDM-267', b'0', '1999-11-20', '2009-05-17'),
('2129-HVZ68', '12TIKV-051', b'1', '1997-12-30', '2014-11-13'),
('2142-KVH52', '97ZFLM-012', b'0', '1997-01-17', '2013-12-11'),
('2144-VKY19', '95CHVG-769', b'0', '1997-12-15', '2010-06-22'),
('2153-MXR89', '38GNNL-666', b'1', '1997-09-02', '2003-04-24'),
('2154-CBQ04', '57YTGE-106', b'0', '2000-12-23', '2008-10-17'),
('2159-TDJ04', '80UPRY-473', b'1', '1999-09-15', '2019-01-20'),
('2178-IMY22', '88SKJF-625', b'1', '1997-01-29', '2017-06-14'),
('2212-EHW56', '19IBFD-218', b'1', '2000-09-16', '2014-07-23'),
('2215-NLJ56', '17XNKA-986', b'1', '1997-07-31', '2004-11-25'),
('2217-IAP49', '21ZTZV-635', b'0', '1999-03-04', '2019-02-08'),
('2222-ZOI97', '14RXJQ-711', b'1', '1998-09-09', '2001-03-18'),
('2230-ULE82', '56DEEX-564', b'1', '1996-02-19', '2008-10-20'),
('2235-JNU78', '18ABTZ-510', b'1', '1996-07-08', '2001-02-25'),
('2248-NMT15', '61KJPA-636', b'1', '1996-09-20', '2011-02-04'),
('2256-JPY17', '79HLAW-240', b'1', '2000-11-17', '2005-12-13'),
('2259-JRT72', '11SLHU-721', b'1', '1999-11-05', '2006-05-26'),
('2261-IWL80', '84HRZF-866', b'0', '1998-10-19', '2013-04-30'),
('2264-SAX79', '69SQAG-143', b'0', '1999-04-16', '2013-09-01'),
('2270-MMO02', '03EBLJ-665', b'1', '1999-12-26', '2019-05-29'),
('2278-VXY71', '82XVBI-488', b'0', '1999-09-10', '2019-07-29'),
('2296-FNV67', '05PHYB-577', b'1', '1998-01-23', '2016-06-08'),
('2303-ZMA72', '27FGHE-049', b'1', '1998-02-01', '2012-02-16'),
('2317-BRS72', '70TACH-704', b'1', '1997-08-26', '2008-01-21'),
('2324-RXE25', '78MAAP-454', b'0', '1999-09-18', '2007-12-21'),
('2325-RWB03', '19MDOG-641', b'0', '1999-08-14', '2011-09-11'),
('2327-AVY57', '85GLGC-360', b'1', '1997-06-30', '2001-07-02'),
('2335-TEH34', '25BKJQ-806', b'0', '1996-01-04', '2001-05-17'),
('2355-DWT70', '65SSHH-332', b'0', '1996-03-15', '2004-06-03'),
('2395-OPM98', '59NWVL-714', b'1', '1997-01-09', '2003-12-05'),
('2404-CXG59', '36ICNE-619', b'1', '2000-06-10', '2009-03-31'),
('2406-NWD60', '07ESQC-495', b'0', '1997-06-17', '2019-06-26'),
('2415-QCT67', '88DLBD-721', b'0', '1999-04-16', '2007-11-16'),
('2444-PLJ24', '68JDLX-796', b'0', '2000-12-27', '2008-11-23'),
('2457-DTY46', '08SGNG-971', b'1', '2000-06-08', '2016-01-03'),
('2458-FYR43', '14XCRK-872', b'0', '1996-04-05', '2013-02-15'),
('2470-JTB52', '89DIJL-228', b'1', '2000-12-24', '2004-06-23'),
('2472-HKT09', '18NAOO-668', b'1', '1999-02-25', '2010-08-06'),
('2472-VFR23', '72BRQP-747', b'1', '1998-03-21', '2018-04-20'),
('2484-GAR94', '82JJQN-839', b'0', '1997-11-14', '2019-05-18'),
('2485-KLR11', '74WFYI-283', b'0', '2000-05-12', '2007-01-27'),
('2519-CUZ73', '49BMVI-610', b'0', '2000-09-20', '2014-08-04'),
('2521-NWO10', '34JPJX-532', b'0', '2000-10-04', '2018-08-12'),
('2541-HNJ94', '12FBUG-693', b'0', '2000-06-05', '2015-09-22'),
('2547-RVR63', '73HPKN-451', b'1', '2000-02-05', '2016-05-14'),
('2585-GAG12', '62DJDD-302', b'1', '1996-12-14', '2012-01-26'),
('2589-UAC99', '09XLIA-234', b'1', '1997-08-03', '2002-08-24'),
('2590-HLI27', '16EESN-353', b'0', '1998-10-15', '2007-12-27'),
('2602-BQV35', '99SJKI-899', b'0', '1999-05-23', '2014-04-11'),
('2619-OYU93', '86GBVM-546', b'1', '1999-09-07', '2002-05-12'),
('2634-UNQ21', '23KJFN-551', b'0', '1998-09-11', '2011-09-11'),
('2642-LEC59', '22XBPG-514', b'0', '1999-06-24', '2008-12-03'),
('2645-KQG71', '56ADCX-241', b'1', '2000-01-28', '2006-06-29'),
('2657-PBG48', '84EFFA-731', b'1', '1999-04-22', '2001-02-28'),
('2666-XSU41', '02TOEZ-394', b'1', '1998-02-28', '2011-04-10'),
('2671-PVX01', '52ALDW-050', b'1', '1998-08-17', '2001-09-30'),
('2675-JPK08', '04BOKC-074', b'0', '1997-05-09', '2015-07-11'),
('2689-RQU30', '79XWVX-114', b'1', '1996-02-06', '2011-05-21'),
('2693-WPS90', '05VPXU-545', b'1', '2000-02-19', '2016-05-17'),
('2746-WSR14', '75LDZM-968', b'1', '1996-07-19', '2006-03-16'),
('2756-RFX43', '47YWEV-395', b'0', '1996-01-11', '2016-12-31'),
('2764-ZQD85', '02BWXZ-203', b'1', '1997-12-26', '2018-11-04'),
('2773-YUI67', '25YQPL-163', b'1', '1997-09-15', '2003-03-24'),
('2781-KAH87', '86DNUZ-446', b'1', '2000-11-23', '2014-08-18'),
('2785-FDP91', '06OPMN-350', b'0', '1996-02-08', '2009-05-15'),
('2795-XBM35', '92HHLQ-721', b'0', '1998-12-04', '2009-01-22'),
('2815-JEM76', '13EVIX-540', b'0', '1998-06-06', '2016-12-26'),
('2819-RDX88', '27EGIA-600', b'0', '1997-11-21', '2012-07-26'),
('2821-KTM11', '77XFYO-610', b'1', '1996-02-27', '2017-01-19'),
('2830-NGO66', '67OYSB-495', b'0', '1999-10-13', '2008-12-08'),
('2844-KSI49', '50ORLL-601', b'1', '1997-03-25', '2016-08-06'),
('2853-QZG03', '97HHNR-051', b'0', '1996-04-26', '2008-04-30'),
('2860-MTF64', '45NOVG-217', b'0', '1998-04-18', '2007-06-16'),
('2863-GTV66', '72UHPW-576', b'0', '1997-03-15', '2017-06-08'),
('2909-QLB45', '99FXIB-870', b'1', '1996-12-20', '2017-10-05'),
('2915-RPZ48', '31EXBB-847', b'0', '2000-10-05', '2017-06-26'),
('2920-ODE77', '97DITG-110', b'0', '1999-08-05', '2009-11-08'),
('2922-XWZ03', '55XKQJ-162', b'1', '2000-09-18', '2006-12-17'),
('2931-IIG83', '76DBHB-247', b'1', '2000-11-06', '2018-08-22'),
('2953-YFY94', '10XNXR-463', b'0', '1996-09-23', '2002-10-04'),
('2956-XIV75', '19HGYY-661', b'1', '2000-06-21', '2010-02-22'),
('2960-NTR76', '79OIBY-367', b'1', '1999-06-27', '2009-04-29'),
('2970-WMI61', '88ASAK-391', b'0', '1999-03-27', '2018-02-04'),
('2990-VMT69', '31OBRW-177', b'0', '1998-04-06', '2016-06-20'),
('2991-NJI88', '25JCGQ-408', b'0', '1996-05-10', '2008-07-21'),
('2992-IMD88', '72MMQG-696', b'1', '1999-03-07', '2013-01-29'),
('2994-TER19', '32IWXG-263', b'1', '1999-08-28', '2012-05-12'),
('3009-NYH15', '59IEYU-803', b'0', '1997-06-15', '2018-06-21'),
('3015-NHS43', '16XZPV-136', b'1', '1998-04-13', '2008-09-01'),
('3025-VMO05', '35FZLV-940', b'1', '1996-04-20', '2004-05-18'),
('3026-MSU02', '24ULMM-895', b'0', '1996-07-06', '2015-09-01'),
('3033-ETU22', '71JOBQ-994', b'1', '2000-10-01', '2010-05-05'),
('3045-FQU70', '49ZAZL-283', b'0', '2000-05-08', '2002-08-16'),
('3047-ENF77', '23PECC-216', b'0', '2000-01-03', '2011-02-13'),
('3058-FRZ43', '24WQAE-575', b'1', '2000-06-16', '2001-09-08'),
('3065-NVV79', '62SECI-648', b'0', '1996-06-20', '2006-11-19'),
('3070-QSN36', '31KXSZ-769', b'1', '1999-03-30', '2008-11-23'),
('3079-DJH03', '99NOYO-659', b'1', '1996-02-03', '2015-10-08'),
('3096-JDU22', '65YCST-698', b'0', '1997-09-29', '2007-11-13'),
('3097-STR25', '66LEHW-478', b'0', '1998-12-15', '2009-01-03'),
('3098-PHK17', '61RYXZ-823', b'0', '1998-04-06', '2016-07-14'),
('3102-TEV53', '86FORJ-244', b'1', '1998-01-22', '2016-07-26'),
('3106-MBQ41', '08TSVA-854', b'1', '2000-06-07', '2011-07-27'),
('3109-AWZ99', '59DEJL-934', b'1', '1997-12-22', '2017-08-11'),
('3122-AQM58', '30PZHS-607', b'1', '1997-11-01', '2013-04-23'),
('3126-CAB41', '75UXKV-189', b'1', '1998-03-08', '2002-05-29'),
('3131-RNQ95', '75UFVY-533', b'0', '2000-05-21', '2015-03-17'),
('3144-SGH52', '64HCWL-175', b'1', '1997-10-12', '2008-09-29'),
('3166-LSE80', '70LNSN-875', b'0', '1996-06-16', '2014-09-12'),
('3185-YDD54', '49YQRO-735', b'1', '2000-11-22', '2003-04-04'),
('3195-VUV62', '03LZGP-382', b'1', '2000-01-06', '2003-03-17'),
('3203-MIP22', '46NIEB-218', b'0', '1996-02-24', '2003-10-05'),
('3217-WHJ25', '60AQQH-031', b'1', '1996-03-19', '2009-11-19'),
('3220-MIP22', '68SQBX-694', b'1', '1999-07-27', '2018-05-23'),
('3225-VDJ53', '01GCEX-535', b'1', '1997-02-16', '2014-07-23'),
('3232-ZUY54', '99KYJP-171', b'0', '1996-05-18', '2010-08-11'),
('3249-VIV30', '76QTOG-976', b'1', '1999-06-13', '2009-11-14'),
('3264-GDW31', '94THJW-069', b'0', '1997-11-16', '2018-09-25'),
('3272-IPM56', '79ERWJ-237', b'1', '1996-12-23', '2003-02-28'),
('3273-XNK54', '96UCMG-031', b'0', '1996-06-08', '2009-12-14'),
('3275-OQS27', '07PGSU-996', b'0', '2000-12-26', '2012-05-09'),
('3320-GUN97', '90NOIW-969', b'0', '1997-09-21', '2015-06-29'),
('3344-LOK52', '62ZYKJ-649', b'0', '2000-10-03', '2004-03-14'),
('3350-XVM11', '34OGJG-868', b'1', '2000-09-19', '2018-01-05'),
('3359-TOK91', '13OCVG-830', b'1', '1996-04-10', '2014-05-01'),
('3363-ERE67', '11QJPS-655', b'1', '1999-06-13', '2006-08-30'),
('3369-SUG59', '32CWTP-799', b'1', '1999-03-26', '2003-11-09'),
('3379-HQP73', '36ICSQ-007', b'0', '1999-11-16', '2009-03-24'),
('3384-ITL43', '15ZWBO-239', b'1', '1999-04-01', '2017-03-13'),
('3406-GXE64', '69FLQG-429', b'1', '1999-01-28', '2004-07-02'),
('3428-ZMT84', '88ICQK-551', b'0', '1998-06-26', '2018-12-04'),
('3432-LOM61', '19HYSL-325', b'0', '1999-07-01', '2016-09-22'),
('3436-UZZ15', '65BDYL-622', b'1', '1999-09-13', '2012-12-31'),
('3440-RNP58', '68RTIJ-306', b'1', '1996-07-25', '2012-02-14'),
('3444-VND85', '36AKCG-531', b'0', '1999-09-08', '2012-04-21'),
('3456-HPV80', '61RWVJ-077', b'1', '1996-03-26', '2018-09-12'),
('3460-VWR14', '03NQTC-218', b'0', '1997-06-02', '2009-11-01'),
('3490-CSA38', '93NKJK-560', b'1', '2000-12-26', '2008-06-16'),
('3493-YRJ24', '01KNPH-684', b'0', '2000-03-05', '2002-08-08'),
('3512-TSA13', '44UFMF-576', b'1', '1998-03-23', '2007-04-09'),
('3526-LJI84', '29TVTC-388', b'1', '1997-01-01', '2012-08-25'),
('3530-GFA03', '73RXBQ-908', b'1', '1999-05-26', '2008-08-17'),
('3533-QQF82', '99JQPA-420', b'1', '1999-01-03', '2010-10-12'),
('3544-IJF38', '76KCHE-421', b'1', '1997-06-13', '2015-03-09'),
('3548-SHD04', '35HNEE-934', b'1', '2000-11-14', '2019-04-16'),
('3574-CVN52', '34OFMV-740', b'0', '1999-04-17', '2005-02-10'),
('3575-GOA44', '09HHKE-876', b'0', '1997-11-13', '2003-04-03'),
('3596-UXA14', '08YTRI-254', b'0', '1999-10-15', '2017-12-02'),
('3597-DQR86', '48LRDM-968', b'1', '1996-05-24', '2008-03-05'),
('3606-DLH89', '60SXSQ-387', b'0', '2000-04-05', '2015-04-19'),
('3606-PKG89', '34YLGG-053', b'1', '1997-05-13', '2010-07-03'),
('3606-SGP32', '68LSOC-620', b'1', '2000-07-23', '2006-09-26'),
('3637-WJY40', '43QIAK-120', b'1', '1997-09-20', '2001-05-17'),
('3655-ISG75', '42KNOC-926', b'1', '1997-02-27', '2004-07-25'),
('3656-TFJ20', '05BMXZ-182', b'1', '1996-01-13', '2012-03-03'),
('3719-RZN87', '27XQUC-792', b'1', '1997-12-09', '2011-11-13'),
('3729-KRA32', '83QBUR-579', b'1', '1997-06-28', '2017-04-13'),
('3739-EVF86', '83XYCG-613', b'1', '1997-07-28', '2015-07-03'),
('3742-ZZD16', '14UCCX-206', b'0', '1997-03-31', '2013-11-01'),
('3765-CJZ53', '90GONP-030', b'1', '1996-01-13', '2012-02-29'),
('3770-BEX80', '76KOQC-441', b'1', '1997-01-18', '2009-10-03'),
('3778-VRT35', '03QWXE-968', b'1', '2000-08-08', '2011-11-06'),
('3789-PBE63', '26TETC-167', b'0', '2000-08-16', '2018-09-28'),
('3809-ILW55', '86ITBB-634', b'0', '1996-08-13', '2015-07-26'),
('3812-JRM84', '50SUWG-015', b'0', '1996-11-18', '2015-09-07'),
('3820-WYJ58', '77BKPQ-872', b'0', '1996-01-07', '2003-11-07'),
('3822-OED83', '19WGKQ-867', b'0', '1996-09-08', '2019-03-28'),
('3844-SSY02', '57ZVTI-017', b'0', '2000-12-03', '2014-07-12'),
('3859-MVR19', '22EDAM-844', b'0', '1998-03-04', '2002-11-16'),
('3860-UKH29', '59NFJR-070', b'1', '1997-05-22', '2014-01-10'),
('3878-GQS84', '17ERKA-054', b'0', '2000-10-21', '2001-09-04'),
('3879-PJR94', '14WYTP-137', b'1', '1998-11-27', '2019-03-28'),
('3882-IGS39', '03DYFB-716', b'0', '1997-09-19', '2015-12-23'),
('3884-EHG31', '20ITRL-143', b'1', '1998-04-25', '2018-04-17'),
('3907-ZQA15', '26WGDP-427', b'0', '2000-04-05', '2016-04-26'),
('3927-DJN07', '09CAQG-797', b'1', '1999-03-15', '2013-02-25'),
('3928-FAB75', '73ZYOC-008', b'1', '1999-11-06', '2019-08-03'),
('3942-APD97', '01BAZQ-354', b'1', '2000-10-31', '2014-10-27'),
('3948-IGW35', '64HMDS-281', b'0', '1997-10-06', '2001-03-10'),
('3960-CPF17', '69HIWH-149', b'1', '1999-09-03', '2015-03-22'),
('3986-VFO38', '09QDXF-515', b'0', '2000-02-14', '2007-04-26'),
('3990-RQH31', '25WDHN-355', b'0', '1997-05-27', '2002-03-20'),
('3995-WCZ03', '02QJRI-443', b'0', '1999-04-10', '2004-04-04'),
('4003-JIY87', '08YUFT-174', b'1', '1999-12-20', '2015-09-20'),
('4006-RJO60', '60KSMS-643', b'1', '1997-03-19', '2017-01-08'),
('4023-ILF46', '73WFRT-631', b'1', '1996-09-28', '2013-08-14'),
('4035-CHT69', '42IKTY-261', b'0', '1996-08-10', '2012-12-03'),
('4045-FGB30', '22PWNJ-569', b'0', '1996-12-21', '2010-12-11'),
('4046-QEO59', '95AFTI-617', b'0', '1997-09-01', '2006-09-08'),
('4046-YMD30', '05ZKKJ-363', b'1', '2000-04-13', '2019-02-05'),
('4048-DVW03', '60GUDJ-778', b'1', '1998-10-17', '2011-07-24'),
('4085-QOX41', '35ICXU-467', b'1', '1998-11-08', '2007-12-20'),
('4090-IDX86', '86DRCM-124', b'1', '1996-04-03', '2009-08-03'),
('4093-AHY70', '38UOEF-642', b'0', '1996-12-25', '2016-10-04'),
('4114-MND11', '39BIAJ-990', b'0', '1996-10-18', '2017-02-06'),
('4138-DWU63', '34FLBQ-209', b'1', '1999-05-04', '2004-06-15'),
('4138-NFU46', '82BTRV-082', b'1', '1999-08-22', '2008-04-04'),
('4147-HJL38', '13PMTQ-771', b'1', '1998-07-24', '2016-03-22'),
('4199-LXJ69', '27UFDR-636', b'1', '2000-01-24', '2002-04-25'),
('4200-PKM38', '85ACHT-571', b'1', '1997-08-14', '2006-06-02'),
('4202-WOU14', '56TOPZ-787', b'0', '2000-08-01', '2010-07-05'),
('4209-PUJ59', '32QQQZ-525', b'1', '1999-08-06', '2001-04-06'),
('4215-WZW82', '78CIVG-955', b'0', '1996-03-24', '2013-09-25'),
('4218-JOI40', '97UYYU-308', b'0', '1997-07-07', '2016-11-21'),
('4227-MCX86', '27NVRT-940', b'0', '1999-10-29', '2017-11-25'),
('4237-LUM62', '70LOTX-700', b'1', '1999-04-02', '2003-02-16'),
('4260-LCJ28', '33DVOK-385', b'1', '1997-12-13', '2012-10-11'),
('4263-YSA00', '39FSFN-821', b'0', '1998-11-29', '2012-10-10'),
('4269-NET60', '56PWBW-815', b'1', '1996-09-16', '2010-06-03'),
('4271-DLS83', '80JBRB-178', b'0', '1996-05-10', '2012-01-17'),
('4295-OUH68', '36PZMQ-872', b'0', '1996-08-24', '2012-03-02'),
('4319-KQJ57', '13ZQGC-231', b'1', '1999-11-07', '2016-07-06'),
('4328-KRM22', '68DFOM-236', b'0', '1998-08-22', '2017-12-24'),
('4338-ZKY03', '84SDYW-632', b'0', '1997-09-26', '2012-10-15'),
('4344-LZI84', '67AYSH-014', b'1', '1999-10-30', '2012-01-23'),
('4380-QMT65', '70ZOPJ-633', b'0', '1997-04-01', '2005-08-03'),
('4383-YKT26', '84UYUW-128', b'1', '1998-10-04', '2013-05-01'),
('4384-OFT89', '00CORF-449', b'1', '1998-03-11', '2008-05-20'),
('4388-PRM29', '82UZNB-637', b'1', '2000-07-18', '2015-03-22'),
('4406-QRC10', '02CCCT-940', b'1', '1996-04-30', '2014-07-04'),
('4408-BHA82', '43BKFX-993', b'0', '1997-05-06', '2016-11-19'),
('4430-UXF47', '62MAQD-561', b'0', '2000-08-24', '2016-12-21'),
('4431-MWQ11', '65TYNQ-882', b'1', '1999-01-03', '2018-11-18'),
('4434-XSU22', '66VLBR-022', b'0', '1999-08-14', '2006-03-23'),
('4437-KAT00', '44QUDX-728', b'1', '1996-02-06', '2011-09-28'),
('4466-UIF04', '28JJQY-650', b'0', '1998-03-19', '2014-07-05'),
('4467-WWC55', '21KNVC-775', b'1', '1997-12-30', '2018-02-28'),
('4471-PIY93', '59DMSM-143', b'0', '1997-01-13', '2007-02-23'),
('4474-FEK78', '30KLKK-227', b'0', '2000-12-25', '2006-02-03'),
('4489-QJV95', '60LRWL-118', b'1', '1997-07-15', '2011-08-01'),
('4494-KHI70', '28OCEA-805', b'0', '1997-03-01', '2009-07-04'),
('4500-EEY26', '46DSRT-860', b'0', '2000-07-28', '2008-03-31'),
('4502-LYV22', '44EZFZ-762', b'1', '2000-07-13', '2003-12-27'),
('4505-RGN73', '84MGXW-187', b'0', '1999-09-01', '2013-06-03'),
('4506-SNU68', '71YERF-228', b'1', '1998-02-02', '2016-10-16'),
('4511-RBK36', '96ZWEZ-482', b'1', '1997-01-07', '2016-07-15'),
('4523-OGA23', '74KKKS-671', b'0', '1999-07-21', '2008-04-26'),
('4526-PHS53', '53PUQB-997', b'0', '1996-11-10', '2018-06-06'),
('4529-IAN68', '68AWNT-045', b'0', '1997-03-10', '2008-12-23'),
('4544-NPC67', '65AWKP-293', b'0', '1996-05-27', '2003-10-20'),
('4547-KPL47', '91XVVH-863', b'1', '1998-03-05', '2003-06-11'),
('4565-URB93', '22FJDQ-493', b'0', '1996-02-22', '2014-07-07'),
('4567-BYQ88', '38VAGH-218', b'0', '1997-12-22', '2015-10-16'),
('4567-SWE44', '88ZKLD-192', b'1', '1998-05-12', '2004-11-26'),
('4569-HCQ86', '98YTYK-497', b'0', '2000-10-08', '2007-12-21'),
('4576-FKG89', '71OZQW-944', b'0', '1999-03-11', '2007-11-17'),
('4596-ORC16', '69CFEU-045', b'1', '2000-12-19', '2019-06-24'),
('4600-ZGD06', '90MTEU-688', b'0', '2000-10-17', '2011-08-08'),
('4601-WZY68', '42DMFM-453', b'1', '2000-03-20', '2003-06-02'),
('4638-BTA31', '21EPYA-814', b'1', '1997-02-27', '2002-12-25'),
('4652-AZZ06', '14HSQV-784', b'0', '1996-08-24', '2012-07-05'),
('4654-AFN67', '11JWLV-120', b'1', '1996-09-28', '2004-11-06'),
('4658-HCP09', '34JHZN-033', b'0', '1999-12-03', '2005-06-02'),
('4672-AWQ35', '89OQOE-615', b'1', '1998-04-04', '2009-02-05'),
('4688-UQD10', '54TNVT-349', b'0', '1999-04-07', '2009-04-03'),
('4700-FLW10', '96FZCG-269', b'1', '1996-11-08', '2001-10-07'),
('4721-IKE52', '06LBAS-474', b'1', '1996-04-27', '2008-06-23'),
('4740-CMP55', '75VSAB-581', b'1', '2000-03-11', '2011-08-10'),
('4745-RDI86', '73ACIQ-369', b'1', '1999-04-15', '2019-06-26'),
('4777-HWK20', '38OQTC-976', b'1', '1997-10-10', '2018-07-24'),
('4785-SVL43', '58EJCI-637', b'1', '1999-05-06', '2010-08-17'),
('4786-EWF09', '90YRLX-305', b'1', '1998-03-17', '2012-01-09'),
('4787-OGK46', '53UPWI-509', b'0', '2000-03-28', '2003-03-17'),
('4794-OPZ74', '33XCET-947', b'1', '2000-01-06', '2017-06-23'),
('4823-KJV94', '38INEX-962', b'0', '1998-04-20', '2009-03-22'),
('4842-QGS05', '32GPNS-065', b'0', '1998-05-22', '2009-10-26'),
('4844-DNP19', '95WBSW-780', b'1', '1996-09-21', '2004-06-11'),
('4849-EVX20', '91ZKIA-503', b'1', '1996-05-27', '2017-07-20'),
('4862-UYA51', '39TSWV-857', b'0', '1996-03-05', '2016-06-23'),
('4864-MKP44', '05VXBN-736', b'0', '2000-06-08', '2016-01-15'),
('4865-EBC11', '27YONV-523', b'1', '1996-11-29', '2003-02-22'),
('4881-SRE63', '99GPYR-637', b'0', '1999-12-14', '2015-08-09'),
('4887-ZGA32', '88KLVP-202', b'0', '1999-08-12', '2014-07-25'),
('4892-JRK91', '61RBQN-356', b'1', '1997-06-17', '2015-04-27'),
('4902-AIW86', '52IMGF-304', b'0', '1996-07-23', '2009-07-09'),
('4933-GPW39', '52NLLE-997', b'0', '2000-08-27', '2004-09-13'),
('4935-XMO84', '19ZOOW-689', b'1', '1998-03-29', '2002-07-20'),
('4949-HCY64', '19EXTX-084', b'1', '1997-12-27', '2007-05-23'),
('4951-YSV66', '20YVXN-587', b'1', '2000-02-01', '2001-01-27'),
('4963-XMD94', '96VJPD-338', b'1', '1999-06-23', '2003-05-11'),
('4970-RXK59', '83UEUC-781', b'1', '1998-02-01', '2016-12-19'),
('4971-SMA59', '73LFHN-716', b'0', '1999-04-15', '2004-07-03'),
('4972-OUU73', '53MAIH-458', b'0', '1996-09-04', '2018-07-15'),
('4975-DMP68', '90IGBH-802', b'1', '1996-05-10', '2006-01-14'),
('4984-DZB85', '16PONM-322', b'1', '1997-03-29', '2016-03-23'),
('5017-JFD29', '64PRHS-029', b'1', '1996-12-23', '2004-02-16'),
('5023-CSM39', '30KUDO-999', b'0', '2000-09-03', '2019-01-03'),
('5026-GSX58', '46MWNR-176', b'1', '1998-06-17', '2003-05-21'),
('5053-QQR04', '32HTXD-552', b'0', '1998-12-08', '2005-06-10'),
('5061-FKB76', '85YLJA-562', b'1', '1997-06-24', '2018-08-23'),
('5077-WQZ75', '09RBXT-299', b'0', '2000-04-29', '2014-12-12'),
('5086-MRM05', '64IMFC-241', b'1', '2000-08-31', '2010-09-04'),
('5112-TCF74', '57WMGS-614', b'1', '2000-04-18', '2007-12-07'),
('5113-CAX97', '54ALNZ-276', b'0', '1997-09-17', '2015-07-08'),
('5114-UKW65', '79NCGA-350', b'0', '1996-05-05', '2017-06-03'),
('5122-JGD99', '28RHYO-331', b'1', '1997-02-05', '2006-10-31'),
('5127-XWJ02', '39NYYB-644', b'0', '1996-01-11', '2013-02-23'),
('5134-GQW71', '85VVPS-641', b'0', '2000-07-05', '2005-03-13'),
('5138-KAF59', '42XEYW-718', b'1', '1999-06-17', '2017-07-07'),
('5145-GKF23', '07QXRA-171', b'1', '1998-08-22', '2001-10-28'),
('5151-ABK31', '90DEOC-737', b'0', '1999-01-10', '2016-03-07'),
('5172-JAI16', '70QXOD-484', b'0', '1997-02-07', '2015-08-26'),
('5174-ZHS29', '27QOHM-295', b'0', '1996-10-03', '2010-03-21'),
('5178-JEV76', '88ZOCJ-538', b'0', '1997-02-14', '2003-09-30'),
('5179-RIR05', '43OQJE-049', b'0', '1997-03-03', '2010-02-25'),
('5181-QGW07', '48GJCA-721', b'1', '1996-06-08', '2001-06-03'),
('5188-RIG24', '64EPLR-693', b'1', '1997-03-15', '2011-03-01'),
('5191-OLQ33', '51XJKJ-227', b'1', '2000-12-17', '2003-06-13'),
('5202-LRW71', '61NOHE-586', b'0', '1996-10-23', '2008-11-09'),
('5203-ODC53', '06UOXS-248', b'0', '1996-04-09', '2017-01-23'),
('5221-TPC79', '45UIUC-017', b'1', '2000-04-02', '2008-03-19'),
('5226-VSQ92', '64FPQO-140', b'1', '1996-05-22', '2015-11-28'),
('5241-QVS80', '49WMZB-544', b'0', '2000-01-22', '2011-02-23'),
('5249-RSV72', '35ONUZ-284', b'0', '1999-05-06', '2016-03-23'),
('5250-XJU63', '61NJKC-213', b'1', '1997-12-11', '2018-09-19'),
('5251-ZZY67', '72OUFH-562', b'0', '2000-01-18', '2014-03-29'),
('5263-QRM59', '33HCYQ-739', b'0', '2000-11-12', '2010-07-21'),
('5278-HCS49', '96KHOL-055', b'0', '2000-10-30', '2004-02-16'),
('5285-FZC46', '74PINM-266', b'0', '1998-06-19', '2006-08-07'),
('5292-QTT51', '58JQPK-412', b'0', '2000-12-13', '2017-05-07'),
('5305-RWG50', '78KTBO-227', b'1', '2000-08-15', '2013-01-29'),
('5311-FPB86', '51VXRP-789', b'0', '1999-09-05', '2011-02-13'),
('5326-TFB48', '90HLCF-108', b'0', '1998-03-19', '2016-02-24'),
('5327-DZR25', '15VLDJ-974', b'0', '1999-07-07', '2017-09-27'),
('5328-VUO04', '00NGJQ-437', b'1', '1998-09-26', '2006-05-13'),
('5353-TDD70', '08UPDK-454', b'1', '1998-05-06', '2006-01-05'),
('5362-NFQ45', '67JAXJ-566', b'1', '1996-05-29', '2014-02-20'),
('5364-LPZ04', '63RIHT-947', b'1', '1997-05-24', '2013-07-25'),
('5366-INS66', '70JXJH-240', b'1', '1996-09-15', '2018-03-14'),
('5367-EOB13', '23SYRY-536', b'1', '1999-11-22', '2015-09-12'),
('5375-RFF95', '41UEWV-712', b'0', '1997-03-01', '2016-02-20'),
('5380-JTJ72', '08FLED-169', b'1', '1999-12-20', '2007-07-26'),
('5386-ULK44', '87LXTT-359', b'1', '1998-05-13', '2011-08-09'),
('5391-HIY66', '21BJWZ-823', b'1', '1999-08-08', '2007-03-03'),
('5414-FER26', '55PWNV-881', b'0', '1997-03-26', '2015-06-26'),
('5427-EEB16', '43PXIN-070', b'0', '1999-10-18', '2009-05-12'),
('5460-QBP89', '45MCUI-512', b'0', '2000-10-03', '2016-09-21'),
('5466-ROJ82', '94IPIA-093', b'1', '1999-12-27', '2011-01-08'),
('5486-MYJ24', '26QLXA-310', b'0', '1998-03-15', '2019-07-08'),
('5486-TCO90', '74JQRR-245', b'1', '1999-01-07', '2005-01-27'),
('5491-VWS69', '78WIQF-919', b'1', '1999-10-21', '2005-09-04'),
('5504-VVQ89', '32UHIJ-090', b'0', '1998-07-11', '2011-05-28'),
('5511-NNO71', '76PLXU-403', b'0', '2000-08-04', '2011-05-22'),
('5513-OMC49', '88DNRW-298', b'1', '1998-05-27', '2017-12-11'),
('5525-JQJ75', '60LIDT-008', b'0', '1997-12-14', '2002-11-23'),
('5550-IRR65', '33AAKU-819', b'1', '1996-07-31', '2011-02-26'),
('5558-ZGM52', '57DRUE-127', b'0', '1998-01-28', '2009-08-25'),
('5564-NFZ38', '29URWC-817', b'1', '1997-08-28', '2007-07-31'),
('5566-VMN13', '04DKGJ-529', b'0', '1996-05-30', '2009-09-14'),
('5567-ODI03', '14TUKJ-521', b'1', '1999-12-07', '2018-01-19'),
('5585-KAH75', '29HNEA-076', b'0', '1999-02-13', '2001-07-15'),
('5589-GCJ14', '41MTGN-074', b'0', '1996-01-17', '2001-01-28'),
('5589-ZVZ65', '65YPAS-287', b'1', '2000-08-18', '2018-03-13'),
('5595-MZR45', '79MROK-599', b'1', '1996-09-25', '2016-07-22'),
('5597-DBJ19', '13QPFT-247', b'1', '1997-06-09', '2015-11-27'),
('5601-HPL75', '46DVVC-155', b'0', '1996-05-08', '2006-10-11'),
('5603-SGB05', '05NUTK-073', b'1', '2000-04-21', '2001-09-13'),
('5604-FEZ68', '14CVPT-267', b'0', '1997-08-30', '2007-08-16'),
('5604-HVB85', '29DXJP-772', b'0', '2000-01-28', '2002-11-01'),
('5613-OIE59', '56VVLM-974', b'0', '1998-01-13', '2016-07-04'),
('5631-HIA61', '96WIPA-297', b'1', '1996-10-19', '2017-02-24'),
('5637-MJM42', '75XHGM-344', b'1', '1999-09-13', '2005-02-07'),
('5656-SEY90', '46ZNNQ-043', b'0', '1997-12-03', '2001-06-18'),
('5657-UIU79', '17BYXE-044', b'0', '1996-08-27', '2015-10-20'),
('5658-QAL90', '67GHVC-746', b'1', '1998-01-29', '2012-09-21'),
('5659-ZQK83', '25EJZX-987', b'1', '1999-12-26', '2015-07-21'),
('5676-LVF12', '38IBQV-914', b'1', '1997-12-20', '2015-12-24'),
('5689-UKR79', '47TIBK-025', b'1', '1997-01-13', '2001-10-07'),
('5703-XHJ41', '63QRSO-962', b'1', '1999-04-18', '2005-05-22'),
('5706-OKD36', '57RVPE-906', b'1', '1997-06-17', '2010-04-05'),
('5717-XTQ72', '43HXMU-648', b'1', '1998-09-30', '2007-09-22'),
('5718-BKY04', '53EWKL-776', b'0', '1997-05-09', '2017-03-14'),
('5721-VKR17', '94RTKY-623', b'0', '1996-06-30', '2004-08-16'),
('5733-IPZ03', '00FVZC-169', b'0', '1996-12-13', '2010-05-29'),
('5738-FBS22', '92YQTJ-580', b'0', '1998-08-25', '2003-01-14'),
('5743-NGW97', '78WRDR-177', b'1', '1997-06-08', '2011-11-14'),
('5743-SSW36', '27SWWN-753', b'0', '1999-05-24', '2005-12-26'),
('5753-AGQ07', '46LOPU-900', b'1', '1998-03-06', '2011-11-11'),
('5754-RXN69', '24EPEX-818', b'1', '2000-06-26', '2016-06-16'),
('5758-ROS26', '85WNBW-230', b'0', '1998-11-03', '2009-09-25'),
('5790-DXW13', '87RYKQ-541', b'1', '2000-06-11', '2005-02-09'),
('5806-ALB14', '17VFXM-927', b'1', '2000-12-08', '2009-01-02'),
('5807-RNR55', '76ZRXR-474', b'1', '1998-02-21', '2001-12-12'),
('5817-HRE84', '08USSY-680', b'1', '1996-12-01', '2011-05-22'),
('5827-XEN17', '00GBGM-952', b'0', '1997-10-18', '2005-07-18'),
('5842-BQY70', '41KRHE-312', b'1', '1996-12-16', '2013-03-27'),
('5843-NZS17', '27UFOD-474', b'1', '1996-01-09', '2008-10-30'),
('5847-EGS73', '72HCVQ-738', b'1', '2000-06-29', '2013-01-14'),
('5880-QZN35', '92ROIE-835', b'1', '1996-12-15', '2014-12-12'),
('5880-ZUC14', '10CMYG-910', b'1', '2000-05-25', '2013-05-26'),
('5888-GKE64', '17FWNM-724', b'0', '1999-07-01', '2002-12-31'),
('5891-GSN21', '64GDOI-638', b'1', '2000-02-09', '2009-06-02'),
('5912-AMH02', '49FPUN-014', b'1', '1999-02-09', '2019-01-25'),
('5913-KKL32', '49WBPI-232', b'1', '1999-11-27', '2013-02-10'),
('5919-BIK83', '89IAHI-827', b'1', '1997-05-26', '2007-01-05'),
('5924-WER80', '75ADZW-601', b'0', '1998-01-08', '2017-07-09'),
('5928-SHA77', '01BZHN-995', b'1', '1998-06-29', '2010-08-06'),
('5947-XRT03', '15IAEX-954', b'0', '2000-05-21', '2002-08-31'),
('5965-TBB48', '16CNWR-647', b'0', '1999-05-01', '2013-11-21'),
('5968-UUD95', '98YRQZ-033', b'1', '2000-01-19', '2012-03-08'),
('5970-BKN57', '08VKIV-496', b'1', '1998-12-19', '2007-12-15'),
('5972-XCH89', '91LVHE-705', b'1', '1996-06-15', '2011-04-11'),
('5984-VJY54', '40UIIG-368', b'1', '2000-11-02', '2010-03-08'),
('5998-ORC21', '65OAYC-729', b'1', '1998-04-04', '2006-07-15'),
('6052-AEE04', '73WELM-103', b'1', '1997-12-01', '2019-09-06'),
('6059-IAJ58', '31UYHC-377', b'1', '1997-10-22', '2019-06-04'),
('6069-WDO99', '01QRTO-324', b'1', '2000-06-06', '2013-06-06'),
('6092-KYM57', '93PASH-059', b'1', '1996-11-28', '2019-03-09'),
('6095-WOJ91', '15WGRJ-328', b'0', '1998-01-10', '2015-11-07'),
('6140-SHB46', '84WLFP-176', b'1', '2000-12-03', '2010-09-11'),
('6147-XNF70', '88DEUG-068', b'1', '1999-05-13', '2002-03-11'),
('6155-CUC09', '72AQEZ-080', b'0', '1996-06-11', '2010-11-08'),
('6158-EHL43', '82IFKL-647', b'1', '2000-04-08', '2006-04-24'),
('6174-YFP14', '11EVRH-669', b'0', '1997-06-09', '2001-03-08'),
('6181-YFV29', '79BSSZ-937', b'0', '1998-01-06', '2018-08-07'),
('6187-PNZ21', '89RWPS-079', b'1', '2000-04-15', '2002-01-17'),
('6200-PLF92', '88QEWG-667', b'1', '2000-11-04', '2015-09-07'),
('6201-UAW69', '15ONXR-647', b'0', '1997-03-20', '2014-10-04'),
('6219-FWU21', '51VNQN-246', b'0', '1998-12-11', '2017-06-16'),
('6221-UTH22', '44SAQJ-937', b'0', '2000-12-24', '2003-10-24'),
('6235-FZZ75', '53LDWK-581', b'0', '2000-09-11', '2006-08-24'),
('6262-DZF01', '44BTZX-652', b'0', '1999-04-16', '2009-06-25'),
('6264-DCS54', '34OIGX-012', b'0', '1996-08-01', '2003-10-10'),
('6270-TCS57', '20PVNH-568', b'1', '1996-05-08', '2017-07-30'),
('6271-ZGV68', '63VFDJ-016', b'0', '1998-03-22', '2006-12-03'),
('6281-ZKR31', '24ZKRT-440', b'0', '1998-07-28', '2007-10-18'),
('6301-HHX19', '48HGZD-208', b'1', '1996-04-23', '2003-04-11'),
('6301-XHN55', '79CPRI-940', b'0', '1996-10-16', '2002-12-15'),
('6305-ZEN74', '53SVFO-918', b'0', '1998-01-12', '2001-11-03'),
('6326-KQR66', '40BDWO-091', b'0', '1999-02-09', '2007-10-06'),
('6330-DKM08', '24QATY-603', b'1', '2000-11-24', '2010-09-13'),
('6336-XWN83', '46NMDE-192', b'1', '1997-07-29', '2008-03-13'),
('6343-SHG38', '81MHLV-094', b'0', '1996-05-23', '2006-06-25'),
('6367-VPQ84', '58NSBB-741', b'1', '1998-04-23', '2006-06-30'),
('6367-YYX00', '14RRZQ-216', b'0', '1997-11-01', '2003-11-07'),
('6399-RTJ55', '04JRAS-227', b'0', '1997-05-05', '2014-05-08'),
('6407-HJD44', '48EETR-043', b'1', '1999-08-15', '2005-01-03'),
('6426-FKQ23', '82CHMO-579', b'1', '1999-07-06', '2016-07-29'),
('6468-UPI20', '40HEYT-128', b'1', '1999-11-14', '2017-05-19'),
('6475-QXI37', '49OSNA-597', b'0', '1996-02-22', '2015-05-24'),
('6484-RUV43', '85FGUB-997', b'0', '2000-03-06', '2009-10-07'),
('6511-NML35', '15OFGN-190', b'1', '1999-09-16', '2012-07-22'),
('6518-WML11', '57OPID-532', b'0', '1996-09-07', '2015-03-14'),
('6526-GYQ91', '05KVGR-703', b'0', '1999-12-16', '2007-06-15'),
('6531-KOQ70', '80VSEY-889', b'0', '2000-09-09', '2005-06-02'),
('6535-TPW95', '23SHQF-750', b'0', '2000-02-08', '2008-10-21'),
('6548-NMR87', '07HXYM-563', b'1', '1998-05-16', '2013-01-31'),
('6560-RIN55', '41SLFY-506', b'0', '2000-07-05', '2019-01-01'),
('6573-WAN46', '30ABXE-333', b'0', '1997-08-14', '2003-04-03'),
('6575-ERN94', '64SPFA-393', b'1', '1996-07-16', '2002-08-01'),
('6595-GVZ75', '24IZBM-808', b'0', '2000-05-03', '2014-05-30'),
('6605-CLY46', '54OAXT-744', b'0', '1996-07-21', '2002-01-09'),
('6606-TLN53', '97ACQF-453', b'0', '1998-12-09', '2002-08-01'),
('6608-KOH38', '03CCVS-370', b'1', '1997-05-03', '2016-09-25'),
('6610-DCA16', '78BJQP-642', b'1', '1997-03-26', '2006-08-11'),
('6619-AZZ90', '65FJBU-923', b'1', '1998-05-15', '2009-11-11'),
('6620-XSN54', '84WYSY-773', b'1', '1998-02-28', '2004-12-09'),
('6628-ZHX54', '94AURW-307', b'1', '1998-11-16', '2009-12-06'),
('6656-SKK36', '00CZFC-878', b'0', '2000-12-12', '2001-04-12'),
('6687-ASP02', '21DJZG-277', b'0', '1997-02-05', '2002-03-12'),
('6691-LSH21', '23YBDS-410', b'1', '1997-11-14', '2016-09-04'),
('6695-FNQ19', '12ZEOU-396', b'1', '2000-02-24', '2019-01-12'),
('6710-ADG65', '71HORG-552', b'0', '1996-03-30', '2009-12-23'),
('6720-TCT19', '21ZMUK-926', b'1', '1999-06-09', '2005-07-22'),
('6725-DYO19', '57RMMW-651', b'1', '1998-12-13', '2014-07-24'),
('6726-EWO61', '89VQNL-913', b'0', '1998-06-10', '2003-11-10'),
('6726-HSL33', '78KJDZ-969', b'0', '1998-01-14', '2013-12-11'),
('6731-PBE97', '16DWSO-439', b'1', '2000-12-11', '2016-03-04'),
('6750-NJG27', '38SEQH-799', b'0', '1998-03-05', '2010-09-08'),
('6752-MZD84', '40GZGZ-713', b'0', '1996-09-01', '2016-04-08'),
('6753-SWX90', '25NBHO-245', b'1', '1996-04-22', '2012-09-03'),
('6763-GVL04', '00SGQJ-521', b'0', '1996-06-16', '2018-03-29'),
('6775-YIX89', '59AVDK-813', b'0', '1997-03-13', '2002-05-12'),
('6798-DHW39', '06NXCY-761', b'1', '2000-06-22', '2013-12-14'),
('6820-PNH00', '11BRWI-442', b'0', '2000-02-05', '2006-10-08'),
('6825-MAO76', '13TTSM-633', b'1', '1998-09-18', '2008-09-27'),
('6839-XUO78', '67LCOT-226', b'0', '1998-02-18', '2003-09-06'),
('6840-USP92', '55ICXE-247', b'0', '2000-01-08', '2002-04-11'),
('6845-OZR16', '68POJN-494', b'0', '1996-06-21', '2011-06-20'),
('6883-TGE10', '64XOJX-332', b'0', '1997-07-11', '2004-08-14'),
('6889-JON46', '55ECTZ-647', b'0', '1997-11-12', '2014-11-27'),
('6916-SNR68', '98FKGP-764', b'0', '1996-06-20', '2014-12-03'),
('6930-FMM98', '77OISQ-655', b'1', '1998-06-27', '2014-10-07'),
('6968-ZWS33', '55RMVU-402', b'1', '2000-08-30', '2015-08-29'),
('6980-UJE24', '46OTVQ-651', b'1', '2000-10-31', '2004-02-08'),
('7019-CZV38', '00HHVQ-593', b'1', '2000-09-16', '2013-05-01'),
('7028-BZV01', '46SXYP-525', b'0', '1996-09-05', '2003-05-29'),
('7039-FCK09', '20JJJJ-756', b'0', '1998-12-11', '2007-01-18'),
('7059-EKG82', '89WTMK-802', b'0', '1999-04-27', '2001-07-12'),
('7068-LBP94', '49ZOKE-328', b'0', '2000-09-10', '2001-02-28'),
('7075-KEL57', '61UGPR-329', b'1', '2000-05-27', '2004-04-01'),
('7078-COX47', '32FNQB-132', b'0', '1997-10-31', '2015-04-08'),
('7079-IEZ09', '64JGWK-523', b'1', '1997-03-09', '2015-03-05'),
('7081-OAT13', '04TKSV-818', b'0', '2000-09-09', '2013-01-04'),
('7089-IES96', '19BPGF-626', b'0', '1997-07-24', '2014-06-28'),
('7105-HFC93', '51SGXC-309', b'0', '2000-08-16', '2012-09-07'),
('7123-ZFU44', '64GHQP-424', b'1', '1998-06-24', '2016-11-13'),
('7125-AVX04', '09ESDQ-751', b'0', '1996-07-26', '2004-04-18'),
('7143-DWA55', '12QCUP-622', b'0', '1997-01-15', '2012-01-30'),
('7164-OIH35', '81BRXD-073', b'0', '1996-04-07', '2014-08-03'),
('7165-ZSJ56', '84EWZQ-385', b'1', '2000-08-20', '2001-07-02'),
('7176-KCV90', '64EJQJ-472', b'0', '1999-09-23', '2003-07-03'),
('7188-MQZ78', '07FMGM-075', b'0', '2000-01-05', '2011-06-18'),
('7189-PDF88', '44MMWI-377', b'0', '1996-03-11', '2012-08-16'),
('7209-MQH30', '03JWGR-828', b'0', '1996-07-06', '2010-02-12'),
('7224-ERI66', '64VEXC-615', b'0', '2000-09-22', '2011-04-11'),
('7243-XAL45', '63OCNT-902', b'1', '1997-01-13', '2007-08-10'),
('7247-PUD38', '00WERK-047', b'0', '1998-10-14', '2001-09-01'),
('7262-RAU62', '45EITA-897', b'1', '1996-04-21', '2012-04-10'),
('7268-CLI93', '97WAQN-247', b'0', '1999-10-15', '2002-05-15'),
('7284-ZUM90', '16OREA-056', b'0', '1996-05-14', '2001-04-14'),
('7319-GZR61', '12FUPB-074', b'0', '2000-06-12', '2015-11-07'),
('7325-ZAB11', '56FOLX-315', b'1', '2000-08-11', '2017-12-08'),
('7331-GZJ95', '51NEFT-771', b'1', '1996-09-16', '2002-01-08'),
('7333-HXO73', '97IBHA-815', b'0', '1998-10-04', '2016-12-12'),
('7347-ZKJ58', '86DMEL-488', b'1', '1998-06-11', '2013-04-04'),
('7355-JZT02', '01TEFX-513', b'0', '1997-12-06', '2016-02-22'),
('7370-OMV83', '11ZZIF-224', b'0', '1998-03-31', '2008-06-13'),
('7370-YRV40', '09TCHW-336', b'0', '2000-04-20', '2012-02-01'),
('7371-JTW09', '28QNVL-109', b'1', '2000-06-24', '2016-12-08'),
('7379-ETW25', '85YIXP-466', b'0', '1997-04-15', '2013-11-19'),
('7390-INF15', '70HTLA-862', b'1', '2000-12-20', '2018-08-21'),
('7394-DCQ10', '91YEYQ-065', b'1', '1997-11-29', '2014-03-23'),
('7399-HIR65', '21AMVQ-371', b'0', '2000-09-01', '2012-04-16'),
('7399-QWY70', '72AUAE-354', b'1', '1997-09-24', '2010-03-16'),
('7421-INU46', '05BKVH-831', b'1', '1996-08-01', '2008-08-21'),
('7432-WTV65', '10PATQ-418', b'1', '1998-09-04', '2008-10-02'),
('7456-NUH40', '63UDZM-170', b'1', '2000-10-10', '2016-12-19'),
('7466-YZV76', '53LYRD-748', b'0', '1997-08-02', '2010-11-10'),
('7495-WKK89', '23WDJQ-048', b'0', '1996-09-10', '2006-09-17'),
('7503-VTW36', '52QVXW-900', b'1', '1997-02-12', '2010-08-12'),
('7505-BFO20', '02ONPL-520', b'1', '2000-04-07', '2008-04-07'),
('7507-FWH00', '06MBZU-836', b'1', '1996-11-22', '2004-05-30'),
('7510-GGL18', '37VCSN-141', b'0', '1996-10-03', '2013-10-01'),
('7527-AUB99', '76USRO-171', b'0', '1996-04-18', '2016-06-24'),
('7535-RNM03', '01QSAC-344', b'0', '2000-06-21', '2012-11-03'),
('7549-NHI31', '86YSQR-713', b'0', '1997-07-23', '2010-04-07'),
('7574-SZF23', '83NHGA-884', b'1', '2000-10-12', '2005-07-17'),
('7584-UCZ07', '82BTNR-390', b'0', '1998-01-05', '2003-06-06'),
('7589-EYH66', '87ESMU-798', b'1', '2000-02-21', '2008-05-27'),
('7597-IES07', '41REWN-425', b'1', '2000-11-09', '2016-01-08'),
('7614-EBW73', '11AIIE-070', b'1', '2000-11-20', '2009-09-11'),
('7618-RGG90', '54ONIW-818', b'0', '1998-12-09', '2005-08-04'),
('7634-AWG79', '01NHAK-623', b'1', '1996-02-26', '2016-05-09'),
('7641-GMP52', '57LPYG-998', b'0', '1996-07-17', '2012-05-14'),
('7655-HPL98', '31WNBP-718', b'0', '1999-03-17', '2004-10-09'),
('7670-IZM88', '32NJCN-595', b'0', '2000-02-23', '2010-10-30'),
('7674-ZSC65', '01VNHV-984', b'1', '1999-10-15', '2016-11-19'),
('7687-BPP28', '18IKPL-590', b'0', '1998-11-19', '2007-12-08'),
('7687-DDE63', '29EWGL-131', b'1', '1998-08-09', '2007-03-29'),
('7701-SUF73', '36PHIM-701', b'0', '1999-12-04', '2007-11-08'),
('7709-HYQ55', '04UXKQ-752', b'1', '2000-10-19', '2014-12-01'),
('7741-DIV93', '67IMEA-538', b'1', '1997-01-21', '2004-09-13'),
('7741-KHY95', '65SCKV-127', b'1', '2000-12-25', '2016-03-10'),
('7744-FRF22', '79QEAC-817', b'0', '2000-12-21', '2004-01-29'),
('7754-JSQ46', '63FZOL-261', b'0', '2000-02-09', '2006-06-01'),
('7771-XXK77', '94TNCC-486', b'1', '1998-01-01', '2019-01-19'),
('7776-XWQ92', '47MSBD-307', b'1', '1997-07-22', '2005-05-25'),
('7817-DQX98', '49KEAS-042', b'1', '1997-06-18', '2003-05-15'),
('7836-CSG61', '61SDGN-487', b'0', '1996-05-20', '2017-05-30'),
('7870-HNR37', '60WXOB-803', b'1', '2000-11-28', '2009-06-16'),
('7876-KUD18', '48DIDM-280', b'0', '1999-03-13', '2015-05-01'),
('7879-RJL49', '59PBZK-888', b'1', '2000-10-25', '2012-11-04'),
('7888-CMU09', '90GDNV-245', b'0', '1996-07-28', '2002-01-11'),
('7892-ALZ83', '34VDFY-435', b'0', '1999-07-13', '2017-10-19'),
('7911-PKC79', '76KWZD-138', b'0', '1999-04-10', '2013-10-30'),
('7912-KOI47', '76YSUI-887', b'0', '1997-03-05', '2010-10-25'),
('7914-FVF21', '79BOSB-902', b'0', '1997-05-15', '2010-03-13'),
('7926-JHB17', '93DVGC-491', b'1', '1996-05-31', '2016-06-25'),
('7928-ZEG72', '70BMDL-994', b'0', '1998-03-04', '2010-08-30'),
('7943-PNM78', '06AYDI-906', b'1', '1999-05-14', '2007-11-19'),
('7991-UES94', '07QSAR-659', b'1', '1997-08-16', '2007-03-24'),
('7998-LLU90', '65GEPO-062', b'0', '1996-12-15', '2004-12-03');
INSERT INTO `contrato` (`ContratoCodigo`, `Empresa`, `ContratoEstado`, `ContratoFechaInicio`, `ContratoFechaFin`) VALUES
('8011-VPW77', '97WPPX-992', b'0', '2000-11-03', '2007-10-07'),
('8020-PIA42', '98RTFJ-567', b'0', '1998-07-17', '2014-09-04'),
('8035-NMZ73', '76XKRE-382', b'1', '1997-04-08', '2016-01-25'),
('8043-YLY17', '97ESYL-942', b'1', '1999-08-26', '2013-08-14'),
('8049-SWP50', '33YMSL-141', b'0', '1996-05-07', '2006-11-07'),
('8051-JQC63', '47ZFSY-814', b'1', '1998-05-02', '2017-05-20'),
('8056-GKX88', '68WUOA-915', b'0', '1998-09-12', '2016-07-07'),
('8069-RWT03', '55TVXO-636', b'1', '1996-06-01', '2003-09-19'),
('8082-NYD16', '07YXXN-023', b'0', '1996-11-03', '2010-09-16'),
('8099-BUO29', '04QMEY-718', b'1', '1997-06-04', '2013-09-29'),
('8109-GKC92', '62VYKX-519', b'0', '1999-12-30', '2015-11-21'),
('8113-WHV96', '56ZLKU-165', b'0', '1999-10-05', '2018-04-06'),
('8122-JJV60', '97YTUC-486', b'1', '1998-03-20', '2015-01-22'),
('8133-GCI16', '75AGYL-835', b'0', '2000-01-23', '2011-02-15'),
('8153-UCB57', '48DIRM-824', b'0', '1997-09-04', '2016-12-19'),
('8162-BMV36', '86LINE-065', b'1', '1996-03-20', '2007-09-05'),
('8166-RJS24', '47YRLD-609', b'0', '1996-03-31', '2008-02-20'),
('8172-XBS10', '85FBGO-150', b'1', '1998-11-04', '2016-12-15'),
('8184-RVL26', '32PDBM-452', b'0', '1998-08-19', '2004-06-11'),
('8185-JPG45', '19ICAQ-319', b'1', '1997-11-30', '2014-10-03'),
('8190-MCV51', '90VHEK-588', b'0', '1999-08-18', '2007-02-26'),
('8202-MDX10', '86MPJX-747', b'0', '1998-02-19', '2013-07-20'),
('8206-XJS70', '56RUFI-324', b'0', '1999-07-24', '2004-12-25'),
('8214-JDF10', '42HGAW-634', b'0', '1998-10-20', '2016-09-13'),
('8214-NTQ80', '39KAMM-973', b'1', '1999-10-13', '2013-04-04'),
('8221-RXF77', '91ARRS-729', b'1', '1997-08-03', '2011-04-03'),
('8246-SNJ69', '82AVAR-791', b'0', '1997-03-05', '2014-06-16'),
('8260-ABH16', '95CYRL-070', b'1', '1999-07-31', '2013-03-29'),
('8270-JQR15', '74GCWE-629', b'1', '1996-01-31', '2008-09-05'),
('8286-XFN29', '60YQTU-417', b'1', '1997-10-25', '2006-08-19'),
('8287-UGC64', '25VAGL-650', b'0', '1999-09-28', '2001-07-30'),
('8294-DIJ95', '65JBCG-111', b'1', '1999-04-14', '2007-12-12'),
('8297-ADB93', '62DSLY-653', b'0', '1998-11-14', '2013-10-10'),
('8297-BPV98', '40SDZS-503', b'1', '1996-01-23', '2004-06-13'),
('8305-CWI24', '08TSHQ-970', b'0', '1998-05-26', '2014-03-18'),
('8323-IOH36', '57HKXQ-362', b'1', '1999-09-25', '2012-11-07'),
('8324-WPU84', '43CKWU-144', b'1', '2000-05-28', '2001-07-25'),
('8355-LKX43', '38DPUN-646', b'1', '1997-03-15', '2013-05-13'),
('8364-DSO28', '51QXMY-636', b'1', '1997-12-03', '2015-06-28'),
('8385-SFF16', '03QUPO-686', b'0', '1997-02-07', '2003-11-20'),
('8409-EPF22', '63ZITB-558', b'0', '1997-01-22', '2011-09-01'),
('8418-SSC46', '30GJBG-941', b'0', '1996-11-05', '2012-12-31'),
('8431-IKD47', '60LZOH-151', b'1', '1998-04-08', '2006-06-19'),
('8455-QKH70', '34TPJY-163', b'1', '2000-08-13', '2019-04-24'),
('8459-CGR76', '55VNLP-257', b'1', '1998-08-21', '2003-01-18'),
('8463-NKZ37', '46AWKT-257', b'0', '1997-08-20', '2005-04-19'),
('8467-BFD25', '16EWBQ-811', b'1', '1997-09-23', '2002-12-12'),
('8477-NSB00', '45XKKN-534', b'1', '1998-02-15', '2006-09-09'),
('8479-OGH11', '08NSBQ-320', b'1', '1998-05-22', '2011-08-20'),
('8489-IPP96', '10RPZT-162', b'0', '1996-01-13', '2003-07-09'),
('8490-LKP25', '61NFPD-632', b'0', '2000-05-23', '2008-09-18'),
('8491-WUH10', '31BPFF-507', b'0', '1997-08-21', '2009-11-20'),
('8505-GES23', '00VJHD-584', b'1', '1997-04-24', '2015-06-07'),
('8512-SOY75', '42NFJV-712', b'1', '2000-05-22', '2009-10-08'),
('8530-EFD06', '28DGHY-984', b'1', '1997-09-24', '2011-01-05'),
('8548-IQP66', '11ZHAU-131', b'0', '1996-01-30', '2014-02-20'),
('8560-PIO36', '84LOWE-445', b'0', '2000-01-27', '2018-02-13'),
('8579-WYW24', '23CNZZ-696', b'1', '1996-11-02', '2002-10-12'),
('8598-AMZ19', '62JYYF-888', b'1', '1999-05-14', '2003-06-14'),
('8616-PKV69', '61OBZC-828', b'1', '1996-03-09', '2014-07-30'),
('8623-FUH57', '10AMWH-549', b'0', '1998-10-27', '2002-12-01'),
('8631-GGN02', '02NOFH-153', b'0', '1999-02-09', '2002-01-29'),
('8633-PIQ77', '14CLGH-968', b'1', '1997-06-01', '2017-07-28'),
('8638-YQV46', '99SGXO-704', b'1', '1998-02-22', '2013-03-24'),
('8651-TGF91', '97JDLO-884', b'0', '1996-07-19', '2003-08-26'),
('8691-ONJ62', '11HPRB-408', b'1', '1998-06-27', '2004-11-15'),
('8713-CGZ24', '07ZYNW-258', b'0', '1997-10-15', '2013-08-18'),
('8727-UKN86', '99SBNV-227', b'1', '1998-05-12', '2002-06-16'),
('8730-PDZ07', '49WWKX-944', b'0', '2000-11-26', '2015-03-31'),
('8746-KPM36', '96DMMW-441', b'0', '1999-11-10', '2002-02-04'),
('8751-NZO79', '15DUER-741', b'0', '2000-04-14', '2004-11-20'),
('8763-ILS01', '97ANAH-933', b'0', '2000-12-21', '2013-12-14'),
('8790-EEU07', '10YQBG-209', b'1', '1998-07-17', '2017-11-22'),
('8793-GIW28', '25BFMJ-847', b'0', '1996-03-25', '2012-02-22'),
('8805-GEZ78', '18GHKH-652', b'0', '1999-05-28', '2009-11-03'),
('8807-BQS96', '53ERUP-652', b'1', '1996-11-03', '2003-09-08'),
('8831-HXK24', '27NGCV-807', b'1', '2000-11-25', '2006-11-12'),
('8834-ISR18', '75WRWZ-294', b'0', '2000-04-06', '2013-02-02'),
('8838-HNJ58', '63YJCY-216', b'1', '2000-09-13', '2006-03-29'),
('8840-FTP62', '46RIXB-718', b'1', '2000-02-18', '2002-04-29'),
('8840-TYB35', '47VVSP-774', b'1', '1999-01-25', '2007-12-20'),
('8850-RZF82', '71OZJJ-621', b'1', '1999-04-25', '2012-09-08'),
('8859-KDG52', '37FBTN-117', b'1', '1996-09-22', '2013-11-29'),
('8860-GIA25', '71EKXC-006', b'1', '1996-03-20', '2012-11-11'),
('8879-IOE98', '59NIQX-035', b'1', '1998-03-22', '2015-02-20'),
('8882-DLJ74', '04VOQT-972', b'0', '1998-03-18', '2016-10-23'),
('8926-YLV91', '36ZIYT-378', b'0', '1999-07-11', '2012-06-25'),
('8943-QTQ26', '37DHAG-845', b'1', '1996-08-18', '2002-10-17'),
('8947-DBC11', '75DXKT-425', b'1', '1998-04-16', '2019-08-24'),
('8949-IHZ36', '10NTTK-823', b'1', '1998-08-17', '2012-09-16'),
('8957-SUA11', '68PMCJ-511', b'1', '1999-04-20', '2006-10-02'),
('8964-ETP87', '39KWDE-570', b'1', '1997-04-22', '2014-08-01'),
('8972-OYI90', '08YWCD-912', b'0', '2000-09-13', '2018-01-25'),
('8982-NQT79', '77IGBZ-447', b'0', '1997-05-06', '2014-02-15'),
('8988-MDC04', '65VSUE-248', b'0', '2000-03-15', '2005-09-06'),
('9001-XYU60', '80ANSD-886', b'0', '1999-01-17', '2015-09-29'),
('9013-UFB27', '51DIZM-959', b'0', '2000-03-31', '2018-01-24'),
('9037-MZE84', '90FQYF-892', b'1', '1998-01-31', '2010-07-20'),
('9056-JPB56', '93VANF-799', b'1', '2000-05-24', '2002-03-15'),
('9057-TNC94', '78EZZP-956', b'1', '2000-12-07', '2011-03-15'),
('9063-DDY16', '19EKGK-136', b'1', '1996-12-21', '2012-04-24'),
('9067-OXI76', '80GOAU-460', b'0', '1998-08-12', '2006-04-22'),
('9068-BZR35', '71YRPB-300', b'0', '1996-02-25', '2003-06-20'),
('9076-ZEB97', '16VOCF-779', b'1', '1998-03-28', '2008-01-02'),
('9094-OHC83', '04GGPD-174', b'0', '1998-05-05', '2005-05-02'),
('9095-CDW66', '92WRPA-312', b'1', '1999-04-09', '2017-06-27'),
('9108-ZWR72', '85FANL-994', b'0', '1996-09-20', '2018-08-03'),
('9114-MPQ21', '60REQZ-923', b'0', '1997-07-19', '2016-12-30'),
('9114-OSB08', '07QNCV-318', b'1', '1999-05-01', '2013-06-06'),
('9116-NNG32', '43DIJN-348', b'1', '1999-05-04', '2005-08-11'),
('9119-WLB92', '77SCEC-876', b'1', '1996-04-30', '2011-03-13'),
('9127-URU54', '40MBOQ-191', b'0', '1997-11-08', '2010-03-17'),
('9138-BZF57', '90CABG-165', b'1', '1996-09-03', '2001-06-28'),
('9159-CXB55', '24QVVM-622', b'1', '1996-08-18', '2012-07-01'),
('9165-YNT01', '64RXMU-710', b'0', '1996-01-06', '2015-08-26'),
('9171-YIZ96', '10PGTF-126', b'1', '2000-09-30', '2011-02-24'),
('9175-YSX36', '42HBMM-763', b'1', '1998-12-08', '2007-02-24'),
('9186-IJV00', '58POQT-994', b'0', '2000-08-17', '2005-10-21'),
('9220-EQR78', '79ZBIC-141', b'1', '1999-08-10', '2010-06-11'),
('9220-KRI48', '51JQVP-826', b'1', '1996-06-29', '2002-06-29'),
('9224-PQP88', '09IOIZ-341', b'1', '2000-03-28', '2017-09-06'),
('9236-OEU11', '00YWSZ-155', b'1', '1999-01-19', '2006-06-05'),
('9237-KMO20', '13LSGI-777', b'1', '2000-12-11', '2015-03-04'),
('9241-APD14', '79RCSA-664', b'1', '1996-11-05', '2005-09-13'),
('9253-VME70', '40MWVG-898', b'1', '1997-01-02', '2005-05-25'),
('9281-BTJ31', '93XBCO-964', b'1', '1997-10-03', '2018-04-23'),
('9307-CGS98', '97ZQCB-843', b'0', '2000-04-04', '2014-02-03'),
('9321-GVE09', '02KSYI-463', b'1', '2000-09-15', '2012-01-04'),
('9332-IPD87', '16LMRC-611', b'0', '2000-11-16', '2008-06-25'),
('9360-QJT74', '09JUNG-791', b'1', '2000-10-09', '2002-03-04'),
('9376-PYF90', '97NTWU-961', b'0', '1997-09-12', '2008-01-18'),
('9378-NOB61', '93VAZG-493', b'0', '1997-06-17', '2014-09-08'),
('9390-ROJ27', '70FCTP-837', b'1', '1999-11-03', '2016-05-13'),
('9394-RAT47', '50XGUI-725', b'0', '1997-03-02', '2017-02-27'),
('9398-QII27', '44TVQO-549', b'1', '2000-10-29', '2014-06-09'),
('9417-UDM74', '44ZLNB-746', b'1', '1996-06-28', '2017-05-09'),
('9418-HRG35', '70YSPW-835', b'1', '1996-01-26', '2001-05-12'),
('9430-DWV99', '56WGLP-034', b'0', '1999-06-29', '2003-01-06'),
('9451-CPF30', '64ZFWQ-354', b'0', '1997-05-20', '2004-08-12'),
('9464-CDB30', '79UFQO-013', b'1', '1996-07-06', '2013-12-06'),
('9474-KTO04', '99GYOP-666', b'0', '1998-06-30', '2013-12-15'),
('9496-BNN28', '37IXYH-388', b'0', '1997-07-16', '2012-04-13'),
('9508-OTQ19', '15MYKZ-815', b'1', '1999-01-01', '2008-02-01'),
('9529-PPB26', '53NPAL-523', b'0', '1997-12-06', '2005-07-30'),
('9533-ASV30', '39YSTS-303', b'1', '1999-01-31', '2015-12-08'),
('9538-IDF79', '48HGBS-001', b'1', '1996-05-10', '2017-05-23'),
('9543-MTP85', '13KZCX-268', b'0', '1998-06-21', '2016-06-16'),
('9555-DYR50', '90ZUCK-302', b'0', '2000-05-29', '2006-01-04'),
('9570-JIP36', '22VFXA-425', b'1', '1997-03-23', '2005-12-08'),
('9587-RMD07', '25RJDP-121', b'0', '1997-12-25', '2012-05-12'),
('9596-YZZ03', '61ASHD-134', b'0', '1996-08-07', '2015-07-28'),
('9601-ZKW59', '49MFES-212', b'0', '1998-02-25', '2002-06-04'),
('9613-ZYA90', '96JDBV-781', b'1', '1997-02-19', '2003-04-10'),
('9616-NRK58', '28BHMF-063', b'0', '1998-09-28', '2010-11-27'),
('9621-DID05', '83ZFZN-477', b'0', '1999-07-09', '2014-07-22'),
('9623-JQQ68', '94SLWA-782', b'1', '1996-05-26', '2018-08-04'),
('9624-BQA43', '82TZRW-678', b'0', '1998-10-17', '2016-03-08'),
('9627-XJN94', '99ZWIF-156', b'0', '1998-03-26', '2008-08-18'),
('9633-EAK98', '31ZCED-122', b'1', '2000-01-15', '2006-10-10'),
('9636-IDJ91', '43AULC-883', b'1', '2000-04-03', '2002-07-15'),
('9641-UEX24', '58CWUF-125', b'0', '1996-01-12', '2007-12-13'),
('9644-EHN56', '95RQOO-149', b'1', '1999-04-09', '2017-11-25'),
('9651-GNU49', '51WFGU-050', b'1', '1996-03-17', '2015-02-03'),
('9651-IHI86', '88CKCH-741', b'1', '1998-04-29', '2013-06-25'),
('9652-CUF85', '40AZCR-413', b'1', '1997-08-06', '2019-01-18'),
('9659-ARK17', '09PAPT-375', b'0', '1997-11-12', '2012-09-25'),
('9661-FBQ50', '69MCDL-850', b'1', '1998-11-27', '2013-03-31'),
('9661-VTS00', '38YISB-600', b'1', '1998-09-10', '2006-11-17'),
('9675-DXM76', '12IPBC-687', b'0', '1998-07-11', '2018-07-01'),
('9677-DVL03', '16QFMR-104', b'1', '1997-05-22', '2003-06-01'),
('9688-CSA74', '39MYRX-501', b'1', '1997-06-16', '2007-01-15'),
('9696-FQL74', '81LRLL-862', b'1', '1996-01-30', '2007-03-24'),
('9697-MPC31', '36IGJA-693', b'0', '1998-10-09', '2004-01-20'),
('9767-DST76', '01JTTM-972', b'0', '1998-10-18', '2015-12-08'),
('9772-AZU48', '18NQDH-754', b'1', '1999-10-26', '2005-07-03'),
('9772-XKE20', '90UJWM-881', b'1', '2000-09-09', '2014-04-03'),
('9799-EVB89', '70VQRV-297', b'1', '1996-08-15', '2004-08-10'),
('9808-ISC13', '39RPRR-237', b'1', '1998-01-27', '2019-07-20'),
('9818-FLN28', '04UZLO-739', b'0', '1996-12-15', '2012-01-27'),
('9872-NHW43', '29AYDU-914', b'1', '1999-08-30', '2013-07-31'),
('9874-CIO65', '50EVQI-008', b'1', '1997-08-21', '2010-05-27'),
('9881-NLA15', '09CTUF-195', b'1', '1999-11-10', '2014-12-11'),
('9897-UAL48', '51IUJE-508', b'0', '1998-12-18', '2009-08-08'),
('9906-BNS79', '09SJWJ-624', b'1', '1996-01-27', '2016-06-04'),
('9916-MSW07', '15TRAV-087', b'0', '2000-01-08', '2002-09-23'),
('9918-KLI10', '68PBBG-562', b'1', '2000-03-13', '2006-06-13'),
('9918-XUC33', '26EFCP-041', b'1', '1998-11-15', '2014-08-17'),
('9921-SNM29', '12ZAYR-286', b'0', '1997-10-19', '2004-04-05'),
('9951-HJD10', '08XEHH-508', b'0', '1997-08-10', '2017-03-07'),
('9960-AIU78', '54MQAW-294', b'0', '1997-03-29', '2016-04-22'),
('9982-TGO51', '63TWKN-249', b'1', '1998-05-04', '2002-04-22'),
('9983-ABM87', '61DBXA-273', b'0', '1996-11-27', '2005-04-23'),
('9985-BRZ84', '19XGMS-857', b'0', '1999-01-14', '2010-07-25'),
('9991-VYU22', '69LQVB-817', b'1', '1999-05-03', '2005-05-14'),
('9994-PGQ19', '31LSRP-026', b'1', '1996-11-29', '2007-05-04'),
('9994-RLZ58', '32AUUB-812', b'0', '1998-06-24', '2002-05-29');

-- --------------------------------------------------------

--
-- Estructura de tabla para la tabla `cursoexamen`
--

DROP TABLE IF EXISTS `cursoexamen`;
CREATE TABLE IF NOT EXISTS `cursoexamen` (
                                             `idCursoExamen` int(11) NOT NULL AUTO_INCREMENT,
                                             `CursoExamen` varchar(250) NOT NULL,
                                             PRIMARY KEY (`idCursoExamen`)
) ENGINE=InnoDB AUTO_INCREMENT=11 DEFAULT CHARSET=latin1;

--
-- Volcado de datos para la tabla `cursoexamen`
--

INSERT INTO `cursoexamen` (`idCursoExamen`, `CursoExamen`) VALUES
(1, 'Javascript'),
(2, 'Programacion orientada objetos'),
(3, 'Seguridad del Paciente'),
(4, 'Pensamiento Científico'),
(5, 'Analizando las Políticas Económicas'),
(6, 'Introducción a la Contabilidad Financiera'),
(7, 'Interpretación'),
(8, 'aplicación e integración del Derecho'),
(9, 'Swift: programar para iOS'),
(10, 'Gestión de proyectos');

-- --------------------------------------------------------

--
-- Estructura de tabla para la tabla `docente`
--

DROP TABLE IF EXISTS `docente`;
CREATE TABLE IF NOT EXISTS `docente` (
                                         `DocenteCodigo` char(10) NOT NULL,
                                         `PersonaDocente` char(10) DEFAULT NULL,
                                         PRIMARY KEY (`DocenteCodigo`),
                                         KEY `FK_Docente_Persona` (`PersonaDocente`)
) ENGINE=InnoDB DEFAULT CHARSET=latin1;

--
-- Volcado de datos para la tabla `docente`
--

INSERT INTO `docente` (`DocenteCodigo`, `PersonaDocente`) VALUES
('8288-AXU41', '0046018780'),
('3644-TFS62', '0056786024'),
('2632-XOC83', '0061487478'),
('6380-MZG77', '0062152359'),
('6717-ULS51', '0096103949'),
('7744-WXB40', '0126614636'),
('7403-NZE06', '0127905319'),
('9538-HXQ62', '0165375760'),
('9610-YYH55', '0172820307'),
('9175-PVX28', '0177130556'),
('8951-TNE67', '0192659758'),
('5827-BQS58', '0195273530'),
('2066-ALM29', '0263639836'),
('3500-EPM62', '0300105296'),
('0596-CLN66', '0311690906'),
('3496-MOJ29', '0329681272'),
('2734-LZR80', '0334580395'),
('9008-YLX38', '0353468784'),
('8445-TLQ18', '0430120250'),
('5567-OEM01', '0454386454'),
('9754-AUM18', '0462349108'),
('8651-FOH01', '0471405981'),
('1810-VZZ53', '0472491342'),
('3183-HRH28', '0543211878'),
('4623-YCE09', '0556225651'),
('8655-VTP63', '0567590827'),
('8871-JXM84', '0590405690'),
('6287-QEZ80', '0616859325'),
('6667-JWX96', '0621328180'),
('9621-XVQ19', '0630669298'),
('4651-WUB80', '0665356448'),
('7068-ZEY02', '0683245326'),
('2319-TFI61', '0708201969'),
('2744-MJR78', '0711910631'),
('4932-IAZ07', '0733111503'),
('8683-XTN84', '0744023087'),
('4080-DPP13', '0799504686'),
('0429-QDA01', '0808325539'),
('6606-KDZ32', '0817515809'),
('4056-OBL83', '0868078809'),
('3578-MOF52', '0886475749'),
('5152-ERK11', '0980003396'),
('6168-BRJ65', '0989758190'),
('2897-AXJ06', '1009681076'),
('1188-SNO01', '1014468974'),
('9192-NRJ72', '1019832351'),
('9983-PGL53', '1053021882'),
('3584-FHY62', '1081542716'),
('7259-IAY07', '1101840818'),
('2389-CAD57', '1103563206'),
('3308-HLA96', '1133724696'),
('3271-SVN34', '1153959843'),
('4213-FJU49', '1167308987'),
('9691-ZXF36', '1184479011'),
('6526-WSO97', '1190281162'),
('7873-TAU68', '1193975834'),
('6065-PZY71', '1203931895'),
('0132-CSP17', '1214545507'),
('4665-FPZ75', '1241334648'),
('3610-DLR95', '1262001049'),
('5484-LQE13', '1262805176'),
('9463-GBV67', '1281640418'),
('0330-DFA77', '1281949613'),
('7198-RRP44', '1294582957'),
('6979-PNJ13', '1303247053'),
('9370-RZQ67', '1306073184'),
('6269-EHZ28', '1357612806'),
('4622-WVC05', '1410478701'),
('7266-UIK92', '1425509617'),
('5157-TES04', '1452117001'),
('5468-IXE36', '1466813934'),
('0853-EQX31', '1481124951'),
('2882-AIF78', '1482102981'),
('8982-VPH93', '1521702049'),
('8085-NKD52', '1538119919'),
('0412-FEY59', '1546681806'),
('3728-ETQ95', '1557096251'),
('4221-QYQ28', '1558873549'),
('1214-OZA85', '1574878594'),
('9431-FQC75', '1589463565'),
('1995-GHG38', '1611375833'),
('4416-BSR96', '1617394094'),
('9302-KWJ61', '1621063940'),
('1249-CDY11', '1645803576'),
('8280-HXB95', '1658070796'),
('4160-WGU42', '1665365195'),
('6868-AGJ25', '1704105389'),
('0048-TGV89', '1734491904'),
('4975-EAA03', '1787284401'),
('3991-YNZ97', '1793383780'),
('6352-AJP52', '1808682965'),
('9767-MQI04', '1815212013'),
('2728-PSA92', '1845341712'),
('3254-MPZ71', '1863933821'),
('6593-RRW86', '1885505344'),
('9455-YMU95', '1900057056'),
('9712-OGZ56', '1902278078'),
('4897-YKC96', '1906062536'),
('0204-EUE91', '1914336027'),
('3420-DMB76', '1939115419'),
('5884-VSX70', '1945375423'),
('0435-IJZ45', '1969499844'),
('6447-RZK57', '1981686247'),
('5307-WZA27', '1992776709'),
('5047-ZVU38', '1994522385'),
('5696-MSC02', '2009882365'),
('4299-TRD75', '2022641325'),
('4426-JRR77', '2049216786'),
('7850-VRK41', '2055931026'),
('1335-YAO21', '2065701526'),
('0319-KBF60', '2077622746'),
('3928-KJS86', '2112818437'),
('6789-SBS34', '2154281740'),
('5225-NEG90', '2158883803'),
('9646-HVN61', '2167064628'),
('2188-OHX19', '2173305944'),
('5540-HZZ98', '2188596308'),
('7447-LBH93', '2198599061'),
('5889-NBV64', '2243829848'),
('8325-CNL00', '2273310796'),
('3481-RTV92', '2288617450'),
('0119-QXE33', '2288773785'),
('2214-JLM51', '2300077022'),
('0970-XNI55', '2315587373'),
('9871-UWF71', '2334612595'),
('7299-SAO61', '2340604802'),
('1448-VYM13', '2352882681'),
('9406-RHH52', '2380791415'),
('2003-CBD07', '2434018375'),
('2182-FGD15', '2450937486'),
('7736-FNT70', '2454194938'),
('3615-BCM27', '2458275921'),
('9416-LPJ41', '2527180325'),
('9385-QAD56', '2553214248'),
('5380-PPW36', '2555216533'),
('2020-LHJ97', '2572269908'),
('8273-JON56', '2575550666'),
('4341-UXA00', '2581818188'),
('4173-PNB30', '2605990555'),
('3693-PNS39', '2627627451'),
('5030-MRF25', '2641770520'),
('1904-YFF26', '2650266227'),
('8213-KVR79', '2661500355'),
('3718-RJK34', '2665405352'),
('0701-DTK45', '2667073650'),
('7432-GXQ99', '2679120514'),
('1265-CIH83', '2707825654'),
('8577-DVI53', '2723356773'),
('8187-OPJ35', '2729304355'),
('4601-BEE71', '2739392055'),
('2757-HWB00', '2755525095'),
('7002-YTQ83', '2756315420'),
('1387-QLU38', '2838731972'),
('7191-GQI75', '2859645201'),
('3832-HSC27', '2900458840'),
('7742-NFG53', '2934497828'),
('6077-JQI43', '2936740011'),
('3939-QWB74', '2948615923'),
('4297-KHY17', '2975557826'),
('0903-LBQ19', '2996950260'),
('4114-FDN29', '3007237944'),
('6351-FHQ60', '3022554109'),
('8161-ZXL97', '3045803601'),
('0166-AHH42', '3084921357'),
('3207-PAY15', '3087416447'),
('6129-AMB05', '3097066282'),
('6295-ZSI55', '3101598487'),
('5779-ONE59', '3121137180'),
('5850-KDE46', '3131894238'),
('1121-DKL35', '3158037154'),
('9051-THJ79', '3158137038'),
('9495-WJM00', '3207544187'),
('9264-AZH40', '3223641613'),
('9115-FSB57', '3226277734'),
('9649-QLF26', '3248004624'),
('2814-RDZ38', '3251157952'),
('1339-GTC16', '3258607600'),
('6471-PCH70', '3276291315'),
('7938-PKU96', '3277339521'),
('6507-BFO13', '3346229892'),
('5082-IPJ95', '3358923152'),
('6256-WPC02', '3364212578'),
('2439-VDH19', '3375167609'),
('3490-PEE60', '3387208898'),
('7504-TOQ93', '3405847343'),
('6232-FEC98', '3414399597'),
('4233-OAI80', '3418837895'),
('0380-XCF40', '3459072453'),
('0149-PNQ85', '3472229329'),
('3569-TMA57', '3510641550'),
('9769-DKC52', '3540842886'),
('9935-XCD68', '3567186597'),
('6308-PBN60', '3569615140'),
('2933-PAH59', '3585945832'),
('5595-VAD39', '3590939231'),
('9248-VJF03', '3593423679'),
('4679-SZA28', '3635880891'),
('7539-DCK75', '3678085454'),
('9354-MWN40', '3682365561'),
('4873-TGY84', '3685138799'),
('4400-GYS19', '3717098389'),
('2939-IHS69', '3736002623'),
('5973-BQJ59', '3756094376'),
('0658-RAY68', '3788275281'),
('3013-MGM83', '3848537204'),
('8533-TDB77', '3856971464'),
('6912-DYB71', '3870907935'),
('2839-WKP35', '3884002918'),
('1265-VQK73', '3911413429'),
('8216-MDD73', '3949000295'),
('3855-EOR57', '3978025818'),
('8532-ARI46', '3982319518'),
('0410-PLK31', '3989919585'),
('8956-HMK33', '3994654466'),
('6198-YFT67', '3995263456'),
('6174-QYL56', '3999997309'),
('3107-MFE53', '4014711960'),
('4774-ROF43', '4019924082'),
('0118-IKQ80', '4022823168'),
('2590-OSV54', '4071191613'),
('8198-VPU19', '4076319978'),
('1086-NDC86', '4080655965'),
('6747-DAZ49', '4171570797'),
('2898-KNQ21', '4178476793'),
('6777-ZHY52', '4195462846'),
('8160-ATR24', '4217880535'),
('3860-JTS58', '4228641227'),
('2227-HCF02', '4240026360'),
('1916-KEL87', '4248039127'),
('8233-DZZ61', '4256890503'),
('0654-FKB50', '4263100925'),
('0008-JZL01', '4266627052'),
('7311-ULY28', '4270763764'),
('4381-DPE43', '4282462131'),
('4672-MHX04', '4289389855'),
('1030-ZME10', '4315954345'),
('5715-JZS70', '4352342411'),
('2467-YQE75', '4410640758'),
('7243-AAT38', '4416429450'),
('7530-BCP74', '4419841715'),
('2338-FJJ67', '4423037010'),
('1015-DJO18', '4425110938'),
('0903-ORW36', '4426120217'),
('5700-ZKM04', '4481855494'),
('5463-ATN96', '4500506674'),
('5249-VTA72', '4501433284'),
('1624-CLI64', '4512105044'),
('1818-PSJ97', '4545093486'),
('9389-VNI65', '4560703234'),
('6630-ZRO37', '4580990110'),
('5289-MFV36', '4597199360'),
('5153-FAA58', '4607500403'),
('7529-NBH43', '4628159567'),
('1474-DFW76', '4638058761'),
('9736-HDE36', '4656108126'),
('2463-KRA04', '4658553968'),
('9382-MVG50', '4665378921'),
('2946-WQZ32', '4668578563'),
('9310-CML58', '4709203535'),
('5610-OEC86', '4712059677'),
('6917-RIT33', '4720741911'),
('1581-MFO88', '4769804291'),
('1877-VDV52', '4793997697'),
('3758-RIM19', '4874403169'),
('1195-AVJ47', '4912991717'),
('0803-GLZ47', '4924921201'),
('3942-UNN03', '4954772533'),
('7524-VJF29', '5005157676'),
('9405-DVG93', '5010779007'),
('6495-IZK99', '5012248060'),
('0096-JQN35', '5023940120'),
('1085-LMH43', '5024273637'),
('6696-QWF35', '5088653992'),
('4427-JVQ00', '5102521928'),
('2411-WSS87', '5107932326'),
('8695-TWR13', '5136737863'),
('3274-ARH67', '5140554857'),
('3706-KGN98', '5159814620'),
('2672-RXI92', '5173472176'),
('2309-IYI04', '5221858214'),
('8520-RBV23', '5228932596'),
('8006-QMC62', '5229174569'),
('8286-QUI63', '5244555830'),
('7860-GIK63', '5286235243'),
('6572-VIM99', '5309969468'),
('2235-CIL51', '5321882738'),
('6008-NZF33', '5362606859'),
('3575-EAW51', '5392485599'),
('4736-ORD11', '5395118671'),
('2209-VCU55', '5459533155'),
('8734-UZK11', '5465572178'),
('6836-YJR25', '5481370988'),
('9871-RPT65', '5510556575'),
('4417-YHF76', '5522593029'),
('6194-ZMK77', '5543380636'),
('6257-TWE12', '5564840440'),
('5537-JTE35', '5575910041'),
('3043-YKF62', '5610340017'),
('5308-ZMM04', '5695275038'),
('2739-ZWI62', '5696555356'),
('0419-FWN10', '5702850408'),
('6006-DYU46', '5721125936'),
('2895-YAC29', '5779977643'),
('1860-TLK30', '5787556620'),
('1707-OYV15', '5820564391'),
('8681-XNY70', '5850070042'),
('6018-BYR94', '5861251729'),
('7007-HHA84', '5868160300'),
('6627-QDR35', '5943915569'),
('7243-VMB05', '5947150224'),
('2583-BRY85', '5986223369'),
('5109-JTN13', '6004660609'),
('7417-QKY79', '6028806757'),
('4154-SJN34', '6045413516'),
('9691-EPN40', '6104312099'),
('5328-CPT89', '6117589237'),
('5682-SHK05', '6162717284'),
('5900-HHB01', '6168933311'),
('2200-UIH29', '6186270687'),
('6697-TMP15', '6186733532'),
('4464-CJX14', '6215289088'),
('0562-ZYA95', '6218628826'),
('5375-VAD86', '6241827908'),
('3063-OYO96', '6253952946'),
('0836-YKK39', '6257862806'),
('3472-XFA47', '6274591413'),
('3168-LFY65', '6290511097'),
('1504-ZJW14', '6295365658'),
('3909-IJQ22', '6329106409'),
('7377-CRS63', '6408250943'),
('0273-DDZ13', '6412091267'),
('0638-YCP54', '6413342392'),
('0315-BTE56', '6417136568'),
('5693-QHJ05', '6431881175'),
('6287-EGU03', '6485944732'),
('2544-PZC61', '6490477289'),
('2232-TUO42', '6522761193'),
('2887-UFG00', '6524359575'),
('6021-ORE67', '6538701626'),
('4017-DLS35', '6568549099'),
('9546-DZV25', '6612510972'),
('4570-AFK99', '6617000679'),
('9329-YAZ10', '6622142808'),
('0282-EXX43', '6640345135'),
('5802-YOU96', '6645513689'),
('9246-DBF91', '6740875095'),
('3851-CTJ55', '6746879257'),
('6139-DGR71', '6773399565'),
('4217-BFJ35', '6787098201'),
('9341-YCS64', '6822351192'),
('9054-JGG64', '6879620698'),
('9219-WVU01', '6904455601'),
('8476-ZQF99', '6907434479'),
('8089-GTS55', '6914871531'),
('5438-PPI56', '6937378516'),
('7846-WCA66', '6957420461'),
('8148-AJP07', '6957866017'),
('8731-TEL85', '6970857574'),
('9469-JWQ07', '6982245875'),
('7519-RKU91', '6984971136'),
('6104-NKI38', '7019290807'),
('6306-INE95', '7103920406'),
('1038-FXR43', '7113896188'),
('4009-ZRN78', '7130685565'),
('1006-VQV62', '7140313918'),
('5892-TCJ97', '7161416912'),
('5499-NIB17', '7178683561'),
('4673-SZC04', '7179472132'),
('2362-ECV36', '7187382124'),
('7863-LIP31', '7212146326'),
('9312-KXC22', '7322859745'),
('0600-WRE32', '7325274329'),
('6747-MBT99', '7339566123'),
('9677-GGZ65', '7340950721'),
('1693-GFZ60', '7351883393'),
('6010-CYB09', '7361156132'),
('5283-NPI50', '7376508667'),
('9824-YAI34', '7386087764'),
('1033-VCF50', '7392972152'),
('0844-EMY34', '7398708922'),
('8360-QHA71', '7448400569'),
('5002-FUN37', '7472360306'),
('4522-HIG74', '7474403251'),
('3587-EHA48', '7490960712'),
('5709-TID69', '7495886504'),
('2154-DBL17', '7510970942'),
('8632-EMP46', '7518988217'),
('3821-OKV37', '7527075361'),
('6575-NJS71', '7557961260'),
('9023-ABP68', '7619376561'),
('3958-OHK84', '7651094041'),
('4193-NUA58', '7683911552'),
('2300-CZE48', '7726801212'),
('3483-PWQ08', '7759205026'),
('6636-FGA05', '7797588779'),
('8926-VDL23', '7807992964'),
('3424-MLT86', '7824474364'),
('4923-GTJ00', '7916175446'),
('2286-KBF19', '8000699930'),
('3639-UOB90', '8045130099'),
('1016-QZV95', '8059182183'),
('3502-RPP16', '8086826329'),
('2532-IOB89', '8110091594'),
('4830-ONP50', '8112363787'),
('9120-JDT01', '8125008631'),
('1631-KAE46', '8132187170'),
('3617-RQF81', '8140463421'),
('1878-TRC28', '8151438588'),
('8672-EBF67', '8164699124'),
('3573-EZX42', '8182169983'),
('1420-QEI70', '8212672713'),
('4012-FPQ71', '8262539219'),
('0813-DLW71', '8269034310'),
('6100-JPG07', '8271116660'),
('9996-RGJ10', '8282891989'),
('6833-ICU52', '8364163855'),
('7311-WOW91', '8385098454'),
('5000-SAR38', '8394750973'),
('8700-FLM13', '8410248751'),
('5124-KBC77', '8416803499'),
('5857-SPB00', '8453013892'),
('4989-UYA91', '8492990861'),
('9570-HVN87', '8500602988'),
('7480-PXY79', '8502817312'),
('8582-WFS46', '8574782323'),
('2531-JCF91', '8628481125'),
('0015-QBZ38', '8631146122'),
('0716-JDZ18', '8632682312'),
('3235-HJV50', '8660939660'),
('7869-MMO55', '8665347006'),
('9805-JKI35', '8678109353'),
('6587-ICP16', '8723972478'),
('5793-FXU33', '8755703748'),
('1053-EUF44', '8780239099'),
('2088-AOM59', '8809147125'),
('7712-TZP21', '8814518605'),
('6812-ZLU38', '8835052970'),
('5428-DKM24', '8839454860'),
('8811-PSA03', '8851881685'),
('9301-NPO84', '8875160544'),
('4468-JRR34', '8881946473'),
('0779-ULI98', '8883380759'),
('5434-QHI27', '8890516019'),
('0724-TXT42', '8897744024'),
('0559-HIT37', '8915900178'),
('3162-EKQ40', '8937489937'),
('6614-TUJ05', '8973934714'),
('1312-BRD91', '8974519475'),
('0066-YUP51', '8985345204'),
('9196-WYY88', '9016129696'),
('3961-OOW32', '9032516226'),
('4453-CCF43', '9033614290'),
('3689-WZB43', '9042953180'),
('3191-JPP61', '9062552450'),
('3049-NPB73', '9067076408'),
('6823-TSV31', '9069702854'),
('1860-SIV88', '9080193908'),
('7838-YSM90', '9101742749'),
('3702-YCF01', '9111484182'),
('5131-IZJ75', '9141306902'),
('9650-ZDD53', '9158297383'),
('0946-HDC43', '9160167408'),
('8620-UCL75', '9167343835'),
('4672-ZJM25', '9193959625'),
('5062-PLO64', '9203405999'),
('8211-JVO36', '9229001479'),
('6675-XWE34', '9246570072'),
('9841-AED86', '9259634366'),
('9792-VPN41', '9260710038'),
('4489-ZUP78', '9354001270'),
('9010-REO45', '9386129405'),
('6637-YNL87', '9400769586'),
('3309-IXC86', '9438432305'),
('7929-YKW23', '9452004526'),
('6193-QUP27', '9509756986'),
('9925-YPQ20', '9535651873'),
('0785-FBL81', '9539657808'),
('5234-LQQ13', '9545991952'),
('6993-XKN04', '9547065962'),
('7616-EYJ94', '9564201079'),
('5906-MFS30', '9588534590'),
('8821-EAP02', '9616032071'),
('6546-ZTS23', '9664256942'),
('8633-XMI26', '9699852821'),
('7502-NWG02', '9711522676'),
('8781-NBN52', '9729177972'),
('6701-HRJ57', '9747967322'),
('5655-MGV41', '9757998959'),
('3114-NYI61', '9798193313'),
('7423-CHY35', '9804229865'),
('1471-YQH17', '9834740095'),
('6263-YDM98', '9881996099'),
('5539-KQD33', '9905183684'),
('8628-MZE59', '9920484609'),
('0730-CFT82', '9933620643'),
('1679-XQK58', '9936920454'),
('9892-UXV68', '9944824527'),
('6679-BSC58', '9960317041'),
('0864-MKI72', '9965491607'),
('8594-PDV39', '9992075738');

-- --------------------------------------------------------

--
-- Estructura de tabla para la tabla `empresa`
--

DROP TABLE IF EXISTS `empresa`;
CREATE TABLE IF NOT EXISTS `empresa` (
                                         `EmpresaCodigo` char(10) NOT NULL,
                                         `EmpresaNombre` varchar(100) DEFAULT NULL,
                                         `EmpresaPais` int(11) DEFAULT NULL,
                                         PRIMARY KEY (`EmpresaCodigo`),
                                         KEY `FK_Empresa_Pais` (`EmpresaPais`)
) ENGINE=InnoDB DEFAULT CHARSET=latin1;

--
-- Volcado de datos para la tabla `empresa`
--

INSERT INTO `empresa` (`EmpresaCodigo`, `EmpresaNombre`, `EmpresaPais`) VALUES
('00CORF-449', 'Waters-Ullrich', 66),
('00CZFC-878', 'Greenholt and Sons', 54),
('00FVZC-169', 'Renner Inc', 166),
('00GBGM-952', 'Blick-Rogahn', 101),
('00HHVQ-593', 'Emard-O\'Kon', 77),
('00NGJQ-437', 'Reinger-Hoppe', 123),
('00SGQJ-521', 'Schoen, Green and Bins', 190),
('00VJHD-584', 'Kohler, Collins and Schmeler', 58),
('00WERK-047', 'Hagenes-Ondricka', 189),
('00XPUB-049', 'Moen-Brakus', 147),
('00YWSZ-155', 'Mosciski Group', 23),
('00ZRLH-428', 'Watsica, Wiegand and Herzog', 95),
('01BAZQ-354', 'Cremin-Smitham', 234),
('01BZHN-995', 'Leuschke, Nicolas and Hintz', 205),
('01CZIT-378', 'Huels, Kuphal and Rice', 136),
('01GCEX-535', 'Smitham-Greenholt', 151),
('01GIVQ-706', 'Veum Group', 48),
('01JTTM-972', 'Durgan LLC', 79),
('01KNPH-684', 'Predovic Inc', 35),
('01NHAK-623', 'Kulas Group', 16),
('01QRTO-324', 'Ondricka, Conroy and Wiegand', 70),
('01QSAC-344', 'Torphy-Gulgowski', 59),
('01TEFX-513', 'Krajcik Inc', 118),
('01VNHV-984', 'Goodwin-Schneider', 4),
('01VTPV-536', 'Anderson-Brown', 70),
('02APCG-473', 'Paucek-Smitham', 215),
('02BBRA-768', 'Smith, Hayes and Fisher', 236),
('02BWXZ-203', 'Schaden-Kunze', 200),
('02CCCT-940', 'Kessler Inc', 148),
('02KSYI-463', 'Krajcik, Schaden and Keebler', 172),
('02NOFH-153', 'Feest, McClure and Kiehn', 188),
('02ONPL-520', 'Schiller, Weber and Bergnaum', 88),
('02QJRI-443', 'Erdman, Blick and Gulgowski', 215),
('02QUEK-759', 'Schroeder LLC', 37),
('02TBIC-549', 'Pfannerstill and Sons', 138),
('02TOEZ-394', 'Rolfson-Stracke', 25),
('02ZNJX-805', 'Hartmann LLC', 83),
('03CCVS-370', 'O\'Kon-Wisoky', 136),
('03DYFB-716', 'Wiegand-Langworth', 146),
('03EBLJ-665', 'Homenick Group', 188),
('03ILYH-992', 'Hackett-Nikolaus', 179),
('03JWGR-828', 'Windler Inc', 185),
('03LZGP-382', 'Goodwin Group', 43),
('03NQTC-218', 'Heidenreich and Sons', 188),
('03NUGD-800', 'Bauch, Fisher and Kassulke', 166),
('03QUPO-686', 'Heathcote and Sons', 107),
('03QWXE-968', 'Cummerata-Cormier', 189),
('04BOKC-074', 'Romaguera-Little', 149),
('04DKGJ-529', 'Howell-Becker', 61),
('04GGPD-174', 'Lind-Effertz', 29),
('04JRAS-227', 'Hagenes Inc', 26),
('04JVUR-144', 'Hudson-Herman', 169),
('04QMEY-718', 'Hansen-Moore', 195),
('04TKSV-818', 'Konopelski, Kuhic and Kuphal', 104),
('04UXKQ-752', 'Hartmann Inc', 59),
('04UZLO-739', 'Harris Group', 56),
('04VOQT-972', 'McCullough-Schoen', 202),
('05BKVH-831', 'Hoppe and Sons', 19),
('05BMXZ-182', 'Orn LLC', 229),
('05KVGR-703', 'Towne-Herzog', 204),
('05NUTK-073', 'Hettinger Inc', 147),
('05OFFK-909', 'Abernathy Inc', 83),
('05PHYB-577', 'Donnelly-McCullough', 78),
('05PUYS-233', 'Jaskolski-Baumbach', 113),
('05VPXU-545', 'Armstrong-Kuhlman', 57),
('05VXBN-736', 'Ruecker-Hilpert', 193),
('05ZKKJ-363', 'Deckow Group', 169),
('06AYDI-906', 'Trantow, Haag and Price', 50),
('06LBAS-474', 'Wilkinson-Schneider', 71),
('06MBZU-836', 'Cremin Group', 223),
('06NXCY-761', 'Heaney LLC', 103),
('06OPMN-350', 'Schoen and Sons', 75),
('06UOXS-248', 'Cremin Inc', 166),
('07DVIU-029', 'Hilpert Inc', 168),
('07ESQC-495', 'Koss LLC', 98),
('07FMGM-075', 'Stehr-Kuvalis', 135),
('07HXYM-563', 'Schiller-Fahey', 82),
('07PGSU-996', 'Jacobs-Green', 102),
('07QNCV-318', 'Rutherford, Bode and Stanton', 181),
('07QSAR-659', 'O\'Keefe-Moen', 189),
('07QXRA-171', 'Wehner, Swift and Bernhard', 36),
('07YXXN-023', 'Ebert-Torphy', 159),
('07ZYNW-258', 'Hoppe, Emard and Gusikowski', 234),
('08FLED-169', 'Hessel-Blick', 57),
('08HRLN-736', 'Greenfelder-Williamson', 202),
('08NSBQ-320', 'Bailey, Cartwright and Cremin', 179),
('08PNAI-095', 'Harvey-Bailey', 225),
('08SGNG-971', 'Windler-Ebert', 118),
('08TSHQ-970', 'Hermann-Langworth', 197),
('08TSVA-854', 'DuBuque, Legros and Kozey', 54),
('08UPDK-454', 'Torp Group', 232),
('08USSY-680', 'Doyle, Bednar and Wolff', 63),
('08VKIV-496', 'Harris and Sons', 114),
('08XEHH-508', 'Doyle, Hamill and Strosin', 19),
('08YTRI-254', 'Waters, Bailey and Adams', 74),
('08YUFT-174', 'Lueilwitz, Leffler and Fay', 217),
('08YWCD-912', 'Bayer, Trantow and Cummerata', 87),
('09AMFG-732', 'O\'Hara, Daniel and Stanton', 187),
('09CAQG-797', 'Franecki, Fahey and Harvey', 54),
('09CTUF-195', 'Bergstrom, Corwin and Skiles', 91),
('09ESDQ-751', 'Kuhlman, Heidenreich and Skiles', 189),
('09HHKE-876', 'Romaguera-Conn', 140),
('09HPWQ-011', 'Pacocha-Quitzon', 75),
('09IOIZ-341', 'Kshlerin-Ryan', 216),
('09JUNG-791', 'Hansen LLC', 77),
('09PAPT-375', 'Kling-Muller', 183),
('09QDXF-515', 'Hessel-Sporer', 193),
('09RBXT-299', 'Flatley and Sons', 73),
('09SJWJ-624', 'Connelly, Swaniawski and Braun', 224),
('09TCHW-336', 'Gislason-Bins', 162),
('09UBLF-713', 'Lang-Thiel', 236),
('09XLIA-234', 'Sauer-Dach', 42),
('09ZZUS-839', 'Schuppe, Weimann and Eichmann', 57),
('10AMWH-549', 'Mitchell-Hessel', 109),
('10CMYG-910', 'Quitzon, Prohaska and Medhurst', 129),
('10DOLS-163', 'Turcotte Group', 54),
('10DRUL-264', 'Mayer-Crona', 107),
('10NTTK-823', 'Kuhlman LLC', 198),
('10PATQ-418', 'Franecki Inc', 207),
('10PGTF-126', 'Walker, Bauch and Pouros', 3),
('10RPZT-162', 'Yundt Inc', 10),
('10XNXR-463', 'Kessler LLC', 57),
('10YQBG-209', 'Hettinger-Metz', 4),
('11AIIE-070', 'Wintheiser-Lang', 106),
('11BRWI-442', 'Bartoletti, Koch and Luettgen', 195),
('11EVRH-669', 'Jacobi Inc', 212),
('11HPRB-408', 'Barton, Daniel and Boyer', 169),
('11JWLV-120', 'Rath-Brown', 5),
('11QJPS-655', 'Collins, Aufderhar and Schroeder', 15),
('11RENA-530', 'Walsh-Fay', 6),
('11SLHU-721', 'Orn LLC', 144),
('11ZHAU-131', 'Reynolds, Raynor and Thiel', 182),
('11ZZIF-224', 'Stroman-Kunde', 56),
('12FBUG-693', 'Bosco and Sons', 157),
('12FUPB-074', 'Mraz-Ruecker', 27),
('12IPBC-687', 'Herman Group', 89),
('12QCUP-622', 'Hirthe, Ortiz and Thiel', 109),
('12TIKV-051', 'Mayert-Morissette', 48),
('12UORL-785', 'Lubowitz and Sons', 22),
('12ZAYR-286', 'Konopelski Inc', 89),
('12ZEOU-396', 'Schumm Group', 228),
('13EVIX-540', 'Kuvalis-Lueilwitz', 174),
('13JOYX-950', 'Bednar, Reichel and Prohaska', 165),
('13JPXC-696', 'Harber, Mante and Braun', 7),
('13KZCX-268', 'Upton Group', 44),
('13LSGI-777', 'Bayer Inc', 143),
('13MWGJ-780', 'Cassin, Halvorson and Goodwin', 83),
('13OCVG-830', 'Kozey-Walsh', 26),
('13PMTQ-771', 'Mante, Lueilwitz and Schulist', 57),
('13QPFT-247', 'Kerluke Inc', 154),
('13TTSM-633', 'Larson Inc', 103),
('13ZQGC-231', 'Howell and Sons', 93),
('14CLGH-968', 'Okuneva-Ernser', 58),
('14CVPT-267', 'Leannon-Friesen', 163),
('14HSQV-784', 'Mante LLC', 181),
('14KEMY-145', 'Stanton and Sons', 88),
('14RRZQ-216', 'Padberg Inc', 103),
('14RXJQ-711', 'Hartmann LLC', 127),
('14TUKJ-521', 'Weimann, Towne and Shanahan', 151),
('14UCCX-206', 'Windler Inc', 222),
('14WYTP-137', 'McLaughlin, Flatley and Bailey', 44),
('14XCRK-872', 'Eichmann LLC', 54),
('15DUER-741', 'Wilkinson, Legros and Willms', 198),
('15GVJO-300', 'Shanahan, Schowalter and O\'Keefe', 170),
('15IAEX-954', 'Mills Inc', 145),
('15MYKZ-815', 'Bruen-Corkery', 187),
('15OFGN-190', 'Emard-Schultz', 106),
('15ONXR-647', 'Champlin-Emard', 107),
('15SQSZ-432', 'Hand Group', 162),
('15TRAV-087', 'Ziemann, Hammes and Ondricka', 16),
('15VLDJ-974', 'Rutherford, Wisoky and Mueller', 75),
('15WGRJ-328', 'Abshire, Hahn and Keeling', 63),
('15ZWBO-239', 'Streich, Gerlach and Armstrong', 69),
('16CNWR-647', 'Hoeger-Kuhic', 98),
('16DWSO-439', 'Treutel-Stracke', 28),
('16EESN-353', 'Mills, Hilpert and Beahan', 93),
('16EWBQ-811', 'Mante-Dietrich', 31),
('16GRSI-430', 'Cummings-Gorczany', 23),
('16LMRC-611', 'Schmidt Inc', 149),
('16OREA-056', 'Reilly LLC', 170),
('16PONM-322', 'Shields, Lubowitz and Green', 83),
('16PYRR-716', 'Kunde Inc', 114),
('16QFMR-104', 'Kihn-Grant', 15),
('16ULSZ-256', 'Balistreri Inc', 157),
('16VOCF-779', 'Koch Inc', 163),
('16XZPV-136', 'Bailey, Kris and Erdman', 173),
('17BYXE-044', 'Cummerata-Senger', 227),
('17ERKA-054', 'Jacobs, Hettinger and Konopelski', 107),
('17FWNM-724', 'Witting, Wiegand and Nader', 133),
('17GLEH-518', 'Feil Inc', 30),
('17VFXM-927', 'Cartwright-Sporer', 227),
('17XNKA-986', 'Boyer, Rowe and Kohler', 85),
('17XZWC-589', 'Jones-Collier', 61),
('18ABTZ-510', 'Klein, Bradtke and Kunze', 49),
('18AFNR-406', 'Cassin-O\'Conner', 225),
('18DECV-389', 'Padberg, Zboncak and Bosco', 230),
('18ENQY-267', 'Okuneva, Conn and Smith', 42),
('18GHKH-652', 'Rau-Hackett', 171),
('18IKPL-590', 'Toy, Spinka and Deckow', 81),
('18JXRX-118', 'Ritchie-Miller', 34),
('18NAOO-668', 'Conroy, Watsica and Osinski', 71),
('18NQDH-754', 'Padberg LLC', 152),
('18TZXW-050', 'Koepp-Greenholt', 148),
('19BPGF-626', 'Altenwerth-Batz', 49),
('19DUSI-771', 'Davis-Pollich', 128),
('19EKGK-136', 'Lubowitz LLC', 193),
('19EODC-608', 'Cummings LLC', 54),
('19EXTX-084', 'Grady-Bednar', 110),
('19HGYY-661', 'Toy, Koch and Weber', 129),
('19HYSL-325', 'Bogisich, Carroll and Leffler', 19),
('19IBFD-218', 'White Group', 239),
('19ICAQ-319', 'Towne, Marks and Robel', 8),
('19MDOG-641', 'Kiehn, Heller and Jacobs', 11),
('19RQKU-386', 'Jacobson-Wiegand', 205),
('19UGWD-273', 'Weber-Smith', 33),
('19WGKQ-867', 'Dibbert-Nitzsche', 13),
('19XGMS-857', 'Sipes and Sons', 91),
('19ZOOW-689', 'Kozey, Nikolaus and DuBuque', 145),
('20ITRL-143', 'Walter Inc', 179),
('20JJJJ-756', 'Bergstrom Group', 184),
('20PVNH-568', 'Kassulke, Carroll and Rohan', 150),
('20SXTB-063', 'Mosciski, Schinner and Mante', 215),
('20UVPM-456', 'Bechtelar Group', 240),
('20YRLC-796', 'Brown-Ortiz', 202),
('20YVXN-587', 'Waelchi Inc', 19),
('21AMVQ-371', 'Murray Group', 47),
('21BJWZ-823', 'Morissette LLC', 10),
('21DJZG-277', 'Boehm, MacGyver and Bahringer', 137),
('21EPYA-814', 'Mante-Rice', 74),
('21KNVC-775', 'Ward, Miller and Jakubowski', 217),
('21UWLS-090', 'Bruen-Schaden', 183),
('21ZMUK-926', 'Deckow-Stark', 191),
('21ZTZV-635', 'Gleason-Ratke', 186),
('22EDAM-844', 'Leffler LLC', 168),
('22FJDQ-493', 'Boyle, Connelly and Keebler', 187),
('22MXBD-703', 'Kreiger Inc', 167),
('22PWNJ-569', 'Muller-Pouros', 68),
('22SQDJ-520', 'Crona, Borer and Brown', 233),
('22VFXA-425', 'Lakin, Armstrong and Jakubowski', 191),
('22XBPG-514', 'Altenwerth-Quigley', 126),
('23CNZZ-696', 'Krajcik Inc', 74),
('23KJFN-551', 'Prohaska-Runte', 172),
('23KNHW-053', 'Bahringer, O\'Keefe and Kuhlman', 10),
('23PECC-216', 'Lockman, Reichert and Prosacco', 32),
('23SHQF-750', 'Herman-Rath', 32),
('23SYRY-536', 'Bartoletti-Kilback', 238),
('23WDJQ-048', 'Nicolas-Padberg', 2),
('23XVRW-604', 'Tillman, Yost and Heidenreich', 146),
('23YBDS-410', 'Ratke-Crona', 48),
('24EPEX-818', 'Douglas-Wiza', 96),
('24FRDM-267', 'Prohaska, Mosciski and Heller', 124),
('24HKTL-472', 'O\'Connell-Sauer', 48),
('24IZBM-808', 'Swift-Mante', 233),
('24QATY-603', 'Jacobs-Murray', 112),
('24QVVM-622', 'Bode, Cremin and Wilkinson', 36),
('24ULMM-895', 'Schneider, Nicolas and Bernhard', 59),
('24WQAE-575', 'Moore, Hagenes and Weissnat', 85),
('24ZKRT-440', 'Welch, Lesch and Legros', 178),
('25BFMJ-847', 'Borer, Nienow and Ondricka', 210),
('25BKJQ-806', 'Cassin LLC', 193),
('25EJZX-987', 'Reynolds-Frami', 173),
('25HGEQ-492', 'Cassin-Roberts', 27),
('25JCGQ-408', 'Schamberger, Mosciski and Torp', 103),
('25NBHO-245', 'Medhurst-Rodriguez', 132),
('25RJDP-121', 'Goodwin Inc', 97),
('25VAGL-650', 'Funk Inc', 41),
('25WDHN-355', 'Dietrich and Sons', 212),
('25YQPL-163', 'Rohan, Littel and Hammes', 79),
('26EFCP-041', 'Bartell, Dietrich and Krajcik', 157),
('26QLXA-310', 'Lueilwitz Group', 219),
('26TETC-167', 'Morissette, Davis and Quitzon', 199),
('26WGDP-427', 'Baumbach, Veum and Hauck', 99),
('27EGIA-600', 'Feil, Ortiz and Shields', 188),
('27FGHE-049', 'Lakin, Stoltenberg and Lynch', 202),
('27NGCV-807', 'Kunde, Orn and Predovic', 156),
('27NVRT-940', 'Predovic-Wyman', 31),
('27QOHM-295', 'Heaney Inc', 145),
('27RMRU-127', 'Bode-Corwin', 202),
('27SWWN-753', 'O\'Connell LLC', 199),
('27UFDR-636', 'Jaskolski-Zboncak', 198),
('27UFOD-474', 'Batz-Casper', 210),
('27XQUC-792', 'Streich Group', 229),
('27YONV-523', 'Connelly and Sons', 183),
('27ZMCN-076', 'Boyer, Boyer and McGlynn', 98),
('27ZZQI-891', 'Jerde, Zboncak and Dooley', 132),
('28BHMF-063', 'Oberbrunner Group', 75),
('28DGHY-984', 'Fadel-Klein', 229),
('28EOTP-673', 'Hagenes-Bradtke', 54),
('28JJQY-650', 'Hansen and Sons', 221),
('28KHSF-787', 'Dach Group', 15),
('28OCEA-805', 'Runte, Cummerata and Lang', 41),
('28QIDC-160', 'Lubowitz-Hahn', 170),
('28QNVL-109', 'Rutherford LLC', 63),
('28RHYO-331', 'Dooley Inc', 156),
('28YOLH-076', 'Ratke, Crist and Mitchell', 123),
('29AYDU-914', 'Stokes-Wehner', 238),
('29DXJP-772', 'Olson LLC', 45),
('29EWGL-131', 'Kuhic and Sons', 227),
('29HNEA-076', 'Heaney, Emard and Towne', 173),
('29RAXG-792', 'Schiller Inc', 214),
('29SJFH-261', 'Wunsch, Bernhard and Johnson', 157),
('29TVTC-388', 'Goldner, Weber and Schoen', 224),
('29UCKI-685', 'Bergstrom, Legros and Zieme', 128),
('29URWC-817', 'Mraz, Stark and Purdy', 66),
('29YHQJ-136', 'Bergnaum Inc', 148),
('30ABXE-333', 'Weimann and Sons', 150),
('30GJBG-941', 'Schoen-Pfeffer', 22),
('30KLKK-227', 'Kertzmann Group', 98),
('30KUDO-999', 'Walsh, Weissnat and Kreiger', 199),
('30PZHS-607', 'Bernier-O\'Conner', 218),
('31BPFF-507', 'Heidenreich, Wuckert and Greenholt', 94),
('31EXBB-847', 'Witting, Corkery and Nienow', 80),
('31KXSZ-769', 'Rippin-Wolf', 187),
('31LSRP-026', 'Leannon, West and Nolan', 57),
('31OBRW-177', 'Senger, Runte and Hyatt', 105),
('31UYHC-377', 'Spencer, Koss and Ankunding', 107),
('31WNBP-718', 'Connelly, Kris and King', 235),
('31ZAPK-125', 'Tremblay-Casper', 167),
('31ZCED-122', 'Nienow, Bauch and Wehner', 1),
('32AMCL-801', 'Dibbert Group', 133),
('32AUUB-812', 'Gutmann, Waters and Marvin', 112),
('32CWTP-799', 'Beahan and Sons', 30),
('32FNQB-132', 'Bechtelar, Leuschke and Raynor', 208),
('32GPNS-065', 'Farrell, Davis and Christiansen', 76),
('32GSME-275', 'Upton, Lueilwitz and Hermann', 74),
('32HTXD-552', 'Koss LLC', 204),
('32IWXG-263', 'Mertz LLC', 49),
('32KQAM-853', 'Klocko-Kulas', 103),
('32KQEY-508', 'Strosin, Champlin and Koch', 186),
('32MGST-247', 'Larson Inc', 73),
('32NJCN-595', 'Jones, Bergstrom and Crooks', 166),
('32PDBM-452', 'Gottlieb, Gottlieb and Leffler', 114),
('32QQQZ-525', 'Cassin-Hackett', 220),
('32UHIJ-090', 'Tromp, Erdman and MacGyver', 122),
('32YGVS-839', 'Miller-Crooks', 139),
('33AAKU-819', 'Crona-Roberts', 90),
('33DVOK-385', 'Cassin, Connelly and Trantow', 205),
('33EBKH-820', 'Friesen, Donnelly and Schmeler', 222),
('33HCYQ-739', 'Jenkins-Wyman', 89),
('33JORG-769', 'Nienow, Miller and Doyle', 14),
('33MROM-257', 'Brown, Ernser and Grant', 185),
('33XCET-947', 'Homenick, Smitham and Beier', 88),
('33YMSL-141', 'Wunsch LLC', 135),
('33YRJW-344', 'Carroll, Hermiston and Witting', 74),
('33ZHFQ-986', 'Torp-Simonis', 100),
('34AKZE-123', 'Kuvalis Inc', 87),
('34DAXX-304', 'Harris, Tromp and Schmidt', 124),
('34FCOR-696', 'Torphy LLC', 133),
('34FLBQ-209', 'Deckow Inc', 214),
('34FXKD-357', 'Yost Group', 53),
('34JHZN-033', 'Stehr, Hartmann and Von', 23),
('34JPJX-532', 'Ward-Dare', 234),
('34JQVY-007', 'Bergnaum-Padberg', 10),
('34OFMV-740', 'Wisozk, Gleichner and Jaskolski', 129),
('34OGJG-868', 'Anderson Group', 206),
('34OIGX-012', 'Macejkovic-Satterfield', 135),
('34QTDB-333', 'Shields LLC', 186),
('34TPJY-163', 'Rutherford Group', 5),
('34VDFY-435', 'Cronin-Fadel', 176),
('34WUCL-417', 'Sipes Inc', 225),
('34YLGG-053', 'Johnson-Heller', 90),
('35FZLV-940', 'Hills-Bartell', 143),
('35HNEE-934', 'Fay, Ritchie and Williamson', 16),
('35ICXU-467', 'Quigley-Fahey', 154),
('35NHUX-386', 'Botsford, Connelly and Maggio', 85),
('35ONUZ-284', 'Smith Group', 128),
('35OWXZ-084', 'Kshlerin, Schowalter and Wunsch', 154),
('36AKCG-531', 'Wolff-Kshlerin', 58),
('36FMJA-410', 'Cummerata, Dickinson and Reichel', 123),
('36ICNE-619', 'Zieme LLC', 189),
('36ICSQ-007', 'Gulgowski-Bashirian', 234),
('36IGJA-693', 'Witting and Sons', 107),
('36PHIM-701', 'Bernhard, Langworth and Leffler', 174),
('36PZMQ-872', 'Roob Group', 195),
('36ZIYT-378', 'Cummerata Group', 219),
('37CGSE-766', 'Miller-White', 6),
('37DHAG-845', 'Kertzmann, Tromp and Price', 224),
('37ELHA-879', 'Barton and Sons', 110),
('37FBTN-117', 'Armstrong, Smitham and Schowalter', 28),
('37HFZZ-988', 'Ankunding, Dare and Treutel', 214),
('37IXYH-388', 'Torp, Willms and Tillman', 63),
('37VCSN-141', 'Dickens-Hamill', 177),
('38DPUN-646', 'Sanford Group', 225),
('38DXWZ-370', 'Torphy-Gibson', 43),
('38GNNL-666', 'Crooks, Reinger and Mraz', 154),
('38IBQV-914', 'Mraz, Heathcote and Klein', 119),
('38INEX-962', 'Swift Inc', 88),
('38OQTC-976', 'Rowe-Glover', 195),
('38SEQH-799', 'Schimmel LLC', 59),
('38UOEF-642', 'Berge, Goyette and Collier', 168),
('38VAGH-218', 'Jakubowski LLC', 72),
('38WSDO-108', 'Daugherty, Green and Murray', 72),
('38YISB-600', 'O\'Hara, Glover and Hudson', 102),
('39BIAJ-990', 'Parisian, Oberbrunner and Beahan', 7),
('39BNGR-086', 'Gottlieb-Ferry', 140),
('39FSFN-821', 'Altenwerth, Borer and Abbott', 223),
('39IOWE-550', 'Effertz Group', 141),
('39KAMM-973', 'Morissette and Sons', 95),
('39KWDE-570', 'Reynolds-Larkin', 131),
('39MYRX-501', 'Kirlin, McClure and Stamm', 174),
('39NYYB-644', 'Lubowitz and Sons', 153),
('39RPRR-237', 'O\'Reilly LLC', 77),
('39TSWV-857', 'Reichert, Macejkovic and Murphy', 96),
('39YSTS-303', 'Hauck, Conn and Marvin', 93),
('40AZCR-413', 'Orn, Nitzsche and Kuhic', 207),
('40BDWO-091', 'Donnelly-West', 12),
('40DEVE-089', 'Schaden, Quigley and Parisian', 2),
('40GZGZ-713', 'Nienow-McLaughlin', 165),
('40HEYT-128', 'Hintz and Sons', 85),
('40MBOQ-191', 'Pouros-Yundt', 113),
('40MHVO-828', 'Cronin Group', 127),
('40MWVG-898', 'Abernathy Inc', 49),
('40SDZS-503', 'Koss, Gaylord and Waters', 182),
('40UIIG-368', 'Hauck-Dicki', 16),
('41KRHE-312', 'Cartwright and Sons', 92),
('41MTGN-074', 'Turcotte-Feil', 80),
('41REWN-425', 'Hoeger-Brakus', 165),
('41SLFY-506', 'O\'Keefe-Turner', 113),
('41UEWV-712', 'Dicki-Bartoletti', 33),
('41XDCO-603', 'Volkman, Hegmann and Lowe', 113),
('42DMFM-453', 'Haley-Bergnaum', 43),
('42EEIX-268', 'Predovic-Klein', 11),
('42HBMM-763', 'Schultz LLC', 124),
('42HGAW-634', 'Wyman, Rohan and Emmerich', 166),
('42IKTY-261', 'Dickinson Group', 83),
('42KNOC-926', 'Littel Group', 16),
('42KODU-961', 'Rempel-Gaylord', 206),
('42NFJV-712', 'Strosin LLC', 99),
('42VNBA-391', 'Lubowitz-Schaden', 49),
('42XEYW-718', 'Haag, Emmerich and Mueller', 46),
('42ZOUL-898', 'Lockman, Abernathy and Johns', 7),
('43AULC-883', 'Torp and Sons', 122),
('43BHLW-927', 'Stoltenberg, Braun and Ruecker', 186),
('43BKFX-993', 'Oberbrunner, Schaefer and Harris', 64),
('43CKWU-144', 'Rempel-Hilpert', 63),
('43DIJN-348', 'Mills Group', 104),
('43HXMU-648', 'Williamson Group', 196),
('43OQJE-049', 'Simonis-Schinner', 162),
('43PXIN-070', 'Mertz, Gibson and Macejkovic', 89),
('43QIAK-120', 'Weimann and Sons', 234),
('43SNMJ-575', 'Gaylord-Moen', 171),
('44BTZX-652', 'Tromp, Heaney and Upton', 28),
('44EZFZ-762', 'Upton LLC', 159),
('44MMWI-377', 'Mohr-Cartwright', 153),
('44QUDX-728', 'Glover LLC', 150),
('44SAQJ-937', 'Wilderman-Bechtelar', 51),
('44SQSL-299', 'Medhurst, Crona and Beier', 16),
('44TVQO-549', 'Jenkins, Shanahan and Breitenberg', 41),
('44UFMF-576', 'Harvey, Shanahan and Koss', 66),
('44VSNM-393', 'Huel, Bauch and Simonis', 31),
('44ZLNB-746', 'Boyle and Sons', 221),
('45EITA-897', 'Hauck-Hettinger', 13),
('45MCUI-512', 'Franecki LLC', 222),
('45NOVG-217', 'Miller Group', 68),
('45UGER-241', 'Becker-Rath', 238),
('45UIUC-017', 'Langosh Inc', 125),
('45XKKN-534', 'Cummerata, Bogan and Bins', 202),
('46AWKT-257', 'Yost Inc', 144),
('46DSRT-860', 'Medhurst-Dicki', 226),
('46DVVC-155', 'Graham and Sons', 123),
('46KXEG-133', 'Sipes LLC', 69),
('46LOPU-900', 'Haag, Collins and Spinka', 109),
('46MWNR-176', 'Howe, Rolfson and Doyle', 193),
('46NIEB-218', 'Miller LLC', 64),
('46NIKR-680', 'Stehr, Hirthe and Sipes', 26),
('46NMDE-192', 'Terry-Adams', 160),
('46NTJG-540', 'Maggio LLC', 214),
('46OTVQ-651', 'Oberbrunner, Berge and Douglas', 222),
('46PHYW-309', 'Schmidt, Beier and Barrows', 17),
('46RIXB-718', 'Rippin-Kautzer', 142),
('46SXYP-525', 'Legros and Sons', 81),
('46ZNNQ-043', 'Crona Inc', 19),
('47JFDX-927', 'Moen, Prohaska and Nolan', 30),
('47MSBD-307', 'Halvorson and Sons', 178),
('47OJJG-888', 'Mitchell, Dickinson and Larson', 192),
('47QIOC-374', 'Abernathy Group', 79),
('47TIBK-025', 'Stehr Group', 141),
('47VVSP-774', 'Becker, Moore and Steuber', 45),
('47XIPU-218', 'Pfeffer and Sons', 189),
('47YRLD-609', 'Gislason, Prosacco and Strosin', 130),
('47YWEV-395', 'Dietrich LLC', 81),
('47ZFSY-814', 'Wisozk Group', 27),
('48DIDM-280', 'Ledner, Fahey and Powlowski', 47),
('48DIRM-824', 'Pagac, O\'Keefe and Lebsack', 222),
('48EETR-043', 'Hodkiewicz, Strosin and Littel', 10),
('48GJCA-721', 'Denesik and Sons', 81),
('48HGBS-001', 'Baumbach Group', 68),
('48HGZD-208', 'Spencer Inc', 182),
('48IVCL-278', 'Pacocha Group', 67),
('48LRDM-968', 'Jast, Treutel and Murphy', 239),
('48LRZW-546', 'Herman LLC', 75),
('48NKZQ-979', 'Koepp-Roberts', 199),
('49BMVI-610', 'McClure-Kuhic', 172),
('49FPUN-014', 'Breitenberg LLC', 139),
('49KEAS-042', 'Lindgren Group', 191),
('49MFES-212', 'Schowalter, Lueilwitz and Schuster', 56),
('49OSNA-597', 'Feeney LLC', 91),
('49UNDI-761', 'Parisian and Sons', 163),
('49WBPI-232', 'Thompson-Nikolaus', 1),
('49WMZB-544', 'Vandervort-Kling', 167),
('49WWKX-944', 'Goodwin, Bednar and Konopelski', 39),
('49YQRO-735', 'Hilpert Group', 219),
('49ZAZL-283', 'Nienow-Kassulke', 153),
('49ZOKE-328', 'Brown-Tremblay', 144),
('50BTCC-047', 'Senger LLC', 114),
('50EVQI-008', 'Flatley and Sons', 195),
('50MHSH-579', 'Ryan-Lemke', 48),
('50ORLL-601', 'Sporer-King', 158),
('50SUWG-015', 'Wiegand-Bechtelar', 148),
('50WMPL-007', 'Beer, Eichmann and Muller', 169),
('50XGUI-725', 'Veum, Langworth and Leffler', 35),
('51DIZM-959', 'Balistreri-Jacobson', 133),
('51DXJU-173', 'Jakubowski, Schneider and Prohaska', 44),
('51DYQE-651', 'Labadie-Larson', 218),
('51GTFB-086', 'Denesik-Rosenbaum', 136),
('51IUJE-508', 'Conn-Fisher', 23),
('51IWJV-952', 'Sanford, Marvin and Bosco', 173),
('51JQVP-826', 'Bins, Stokes and Willms', 239),
('51NEFT-771', 'Wintheiser, Swaniawski and Torp', 61),
('51QXMY-636', 'Stroman Group', 30),
('51SGXC-309', 'Sawayn, Barrows and Jenkins', 160),
('51VNQN-246', 'Gaylord, Roob and Daugherty', 182),
('51VXRP-789', 'O\'Connell LLC', 108),
('51WFGU-050', 'Beatty-Steuber', 108),
('51XJKJ-227', 'Huels, Jaskolski and McClure', 224),
('51YDTB-137', 'Spinka, Schaden and Ryan', 28),
('52ALDW-050', 'Turcotte, Torphy and Weimann', 213),
('52GJNV-232', 'Dickens, O\'Keefe and Harris', 31),
('52IMGF-304', 'Purdy, Volkman and Gaylord', 21),
('52NLLE-997', 'Walker, Renner and Mante', 126),
('52QVXW-900', 'Volkman and Sons', 10),
('53ERUP-652', 'Krajcik LLC', 232),
('53EWKL-776', 'Wilderman and Sons', 21),
('53LDWK-581', 'O\'Hara and Sons', 113),
('53LNXK-505', 'Crist-Keeling', 66),
('53LYRD-748', 'Buckridge, Emard and Sauer', 198),
('53MAIH-458', 'Leffler LLC', 26),
('53NPAL-523', 'Kerluke Inc', 113),
('53PUQB-997', 'Kilback-Bartoletti', 231),
('53SVFO-918', 'Nader-Flatley', 171),
('53UPWI-509', 'Prosacco-Luettgen', 173),
('54ALNZ-276', 'Wunsch, Blick and Haag', 232),
('54KYZA-815', 'Wisoky-Schumm', 197),
('54LHZW-036', 'Goyette-Schmeler', 14),
('54MQAW-294', 'Turcotte and Sons', 104),
('54OAXT-744', 'Sporer, Hegmann and Ziemann', 135),
('54ONIW-818', 'Hermann, Johns and Runolfsson', 196),
('54TNVT-349', 'Fay and Sons', 14),
('54UKEM-573', 'Dibbert, Moore and Rice', 141),
('55ECTZ-647', 'Huels Inc', 22),
('55ICXE-247', 'Ondricka and Sons', 140),
('55PWNV-881', 'Gerlach Inc', 194),
('55RMVU-402', 'Grimes-Lueilwitz', 78),
('55SVKW-757', 'Kulas, Pacocha and Bednar', 202),
('55TVXO-636', 'Walter-Towne', 228),
('55UDYQ-454', 'Strosin-Greenholt', 134),
('55VNLP-257', 'Hermiston-Collins', 189),
('55XKQJ-162', 'Friesen, Boyle and Cummerata', 161),
('56ADCX-241', 'Gulgowski and Sons', 218),
('56DEEX-564', 'Hudson-Jast', 97),
('56FOLX-315', 'Kessler Inc', 188),
('56JHKJ-054', 'Waelchi-Torphy', 60),
('56NJPG-993', 'Metz-Hansen', 122),
('56PWBW-815', 'Windler-Kutch', 200),
('56RMIW-460', 'Hermann, O\'Connell and Bayer', 116),
('56RUFI-324', 'Schamberger, Nitzsche and Kunde', 100),
('56TOPZ-787', 'Funk, Brekke and Hoppe', 108),
('56VVLM-974', 'Goyette and Sons', 54),
('56WGLP-034', 'McKenzie, Borer and Carroll', 192),
('56ZLKU-165', 'O\'Connell and Sons', 79),
('57DRUE-127', 'Lemke Group', 38),
('57HKXQ-362', 'Jaskolski-Bins', 188),
('57LPYG-998', 'Reinger, O\'Keefe and Bartoletti', 83),
('57OPID-532', 'Hodkiewicz-Murray', 118),
('57RMMW-651', 'Littel Inc', 67),
('57RVPE-906', 'Stokes-Altenwerth', 64),
('57WMGS-614', 'O\'Conner and Sons', 162),
('57YTGE-106', 'O\'Reilly and Sons', 113),
('57ZVTI-017', 'West, Grant and Rau', 196),
('58CWUF-125', 'Conn Inc', 79),
('58EJCI-637', 'Wiegand, Ziemann and Beier', 143),
('58HCKC-811', 'Balistreri, Wisozk and Willms', 53),
('58JQPK-412', 'Gleason-Cummings', 19),
('58NSBB-741', 'Nikolaus LLC', 233),
('58POQT-994', 'Bergnaum, Macejkovic and Heaney', 114),
('59AVDK-813', 'Abbott Inc', 188),
('59DEJL-934', 'Stark, Zboncak and Gleichner', 45),
('59DMSM-143', 'Breitenberg, Altenwerth and Marks', 171),
('59IEYU-803', 'Koss-Little', 1),
('59IMFS-462', 'Fay, Lakin and Denesik', 227),
('59NCCZ-311', 'Beer Inc', 134),
('59NFJR-070', 'Ullrich, Schmitt and Rice', 208),
('59NIQX-035', 'Raynor Inc', 83),
('59NWVL-714', 'Bernier-Bailey', 126),
('59PBZK-888', 'Schiller-Stiedemann', 64),
('60AQQH-031', 'Emmerich Group', 117),
('60ASOX-507', 'McLaughlin Inc', 13),
('60GUDJ-778', 'Stracke, Watsica and Altenwerth', 153),
('60KSMS-643', 'Wyman-Bradtke', 127),
('60LIDT-008', 'Hayes and Sons', 137),
('60LRWL-118', 'Gleichner Inc', 36),
('60LZOH-151', 'Ondricka LLC', 11),
('60REQZ-923', 'Emard-Macejkovic', 112),
('60SWNH-559', 'Marvin-VonRueden', 136),
('60SXSQ-387', 'Harris and Sons', 58),
('60VPEM-034', 'Dach-Gutmann', 94),
('60WXOB-803', 'Kovacek, Ullrich and Lynch', 211),
('60YQTU-417', 'Stehr Inc', 146),
('61ASHD-134', 'Cormier LLC', 240),
('61DBXA-273', 'Mertz-Huels', 216),
('61DHHV-447', 'Bogan-Cronin', 114),
('61KJPA-636', 'Kautzer, Ferry and Kautzer', 27),
('61KXXQ-031', 'Schneider-Lebsack', 80),
('61NFPD-632', 'Stanton, Abernathy and Farrell', 5),
('61NJKC-213', 'Daniel, Weissnat and Anderson', 81),
('61NOHE-586', 'Mraz, Casper and Rutherford', 48),
('61OBZC-828', 'Hauck-Fritsch', 73),
('61QFKC-327', 'Eichmann LLC', 81),
('61RBQN-356', 'Stoltenberg-D\'Amore', 52),
('61RWVJ-077', 'Mills Inc', 221),
('61RYXZ-823', 'Heaney and Sons', 111),
('61SDGN-487', 'Erdman, Bartoletti and Ryan', 214),
('61UGPR-329', 'Prosacco, Moen and Kohler', 95),
('62DJDD-302', 'Anderson and Sons', 219),
('62DQUL-974', 'Toy, Goodwin and Reinger', 87),
('62DSLY-653', 'Upton-Konopelski', 128),
('62GYHZ-618', 'Kemmer Group', 163),
('62JYYF-888', 'Rowe LLC', 169),
('62MAQD-561', 'Braun, Jacobi and Torp', 226),
('62SECI-648', 'Hackett-Schmidt', 4),
('62VYKX-519', 'Rowe, Cruickshank and McLaughlin', 56),
('62ZYKJ-649', 'Feeney LLC', 152),
('63DULK-288', 'Conn-Blick', 169),
('63FZOL-261', 'Murazik-Durgan', 76),
('63OCNT-902', 'Kuhlman and Sons', 196),
('63QRSO-962', 'Bosco-Harber', 228),
('63RIHT-947', 'Pouros Group', 9),
('63TWKN-249', 'Lindgren, Howell and Wiegand', 13),
('63UDZM-170', 'Kunde Inc', 228),
('63VFDJ-016', 'Stiedemann, Braun and Crona', 225),
('63YJCY-216', 'Feil LLC', 56),
('63ZITB-558', 'Mosciski-Satterfield', 35),
('64BPQO-217', 'Konopelski-Halvorson', 126),
('64CMOW-292', 'Pacocha-Dickens', 191),
('64EJQJ-472', 'Trantow, Beier and Emard', 187),
('64EPLR-693', 'Bayer Inc', 9),
('64FPQO-140', 'Schultz, Schneider and Collier', 24),
('64GDOI-638', 'Sauer LLC', 191),
('64GHQP-424', 'Moen-Greenholt', 109),
('64HCWL-175', 'Krajcik-McGlynn', 232),
('64HMDS-281', 'Robel-Champlin', 46),
('64IMFC-241', 'Pagac, Prosacco and Padberg', 233),
('64JGWK-523', 'Stiedemann-Hodkiewicz', 36),
('64LSZG-911', 'Farrell-Kertzmann', 20),
('64PRHS-029', 'Rippin, Hammes and Kuhn', 13),
('64RXMU-710', 'Zboncak Group', 160),
('64SPFA-393', 'Koepp and Sons', 120),
('64VEXC-615', 'Schulist-Cole', 201),
('64XOJX-332', 'Eichmann Inc', 213),
('64ZFWQ-354', 'Anderson, Runolfsdottir and Emard', 87),
('65AWKP-293', 'Waelchi, Orn and Beatty', 46),
('65BDYL-622', 'Wiza, Collins and Kunde', 182),
('65FJBU-923', 'Maggio Inc', 16),
('65GEPO-062', 'Skiles Inc', 238),
('65HHYE-525', 'Bradtke-Abernathy', 25),
('65JBCG-111', 'Howe-Spencer', 24),
('65OAYC-729', 'Hintz Group', 135),
('65PRIC-672', 'Gerhold Group', 40),
('65SCKV-127', 'Keebler-Greenholt', 101),
('65SSHH-332', 'Larson, Hettinger and Gutkowski', 138),
('65TYNQ-882', 'Daniel Group', 184),
('65VSUE-248', 'Wiegand LLC', 187),
('65YCST-698', 'Jacobson-Rippin', 90),
('65YPAS-287', 'Nicolas, Conroy and Hickle', 169),
('66ILOD-477', 'Smitham, Crona and Rau', 63),
('66KPSH-723', 'Lowe, Kris and Kessler', 212),
('66LEHW-478', 'Schuster-Dibbert', 75),
('66RBZI-248', 'Bartell-Schmitt', 56),
('66RNMB-527', 'Dicki and Sons', 143),
('66VLBR-022', 'Collier, Lemke and West', 53),
('67AYSH-014', 'Rempel Group', 78),
('67GHVC-746', 'Kulas, Cronin and Lesch', 42),
('67IMEA-538', 'Blick-Heathcote', 193),
('67JAXJ-566', 'Schinner-Kshlerin', 114),
('67LCOT-226', 'Weber and Sons', 3),
('67OYSB-495', 'Berge Inc', 5),
('67RRLG-226', 'Weissnat, Spinka and Balistreri', 5),
('67WYKO-382', 'Kunde Inc', 119),
('68ADMR-746', 'Borer and Sons', 103),
('68AWNT-045', 'Pagac Group', 115),
('68DFOM-236', 'Parisian-Mosciski', 45),
('68JDLX-796', 'Wisozk-Roberts', 144),
('68LSOC-620', 'Mann Group', 193),
('68PBBG-562', 'Rolfson-Ondricka', 102),
('68PMCJ-511', 'Schaden-Johnson', 160),
('68POJN-494', 'Blick and Sons', 191),
('68RTIJ-306', 'Bradtke-Kutch', 40),
('68SQBX-694', 'Quitzon Inc', 129),
('68UADW-205', 'Kris, Wuckert and Lind', 224),
('68UTAB-648', 'Heller-Ratke', 183),
('68WUOA-915', 'Stroman-Boyer', 61),
('69CFEU-045', 'Carter, Johns and Gutkowski', 12),
('69DTQJ-857', 'Anderson, Abbott and Gleason', 125),
('69FLQG-429', 'Bartell Group', 67),
('69HIWH-149', 'Witting, Fadel and Schowalter', 192),
('69LQVB-817', 'Dietrich-Tromp', 146),
('69MCDL-850', 'Gorczany, D\'Amore and Ebert', 170),
('69PPJQ-205', 'Bayer Inc', 24),
('69SQAG-143', 'Heller-Mueller', 203),
('69UQIX-687', 'Armstrong-Bechtelar', 25),
('70ADUD-906', 'Schuster, Nikolaus and Labadie', 7),
('70BMDL-994', 'Volkman and Sons', 171),
('70FCTP-837', 'Stracke-Hand', 217),
('70HTLA-862', 'Nolan-Schuppe', 69),
('70JXJH-240', 'Dach-Lesch', 191),
('70LNSN-875', 'Crona-Green', 228),
('70LOTX-700', 'Marvin, Emmerich and Effertz', 195),
('70PZHA-421', 'O\'Connell-Grant', 123),
('70QXOD-484', 'Wunsch, Littel and Yundt', 40),
('70TACH-704', 'Grimes LLC', 175),
('70VGVT-203', 'Kuhn Inc', 6),
('70VQRV-297', 'Stroman-Stoltenberg', 89),
('70WSAT-949', 'Stracke, Luettgen and Dietrich', 227),
('70YSPW-835', 'Kling, Anderson and Jenkins', 94),
('70ZOPJ-633', 'Feil, Ullrich and Rippin', 49),
('71EKXC-006', 'Klein Inc', 176),
('71EOKL-713', 'Padberg and Sons', 129),
('71FVDN-485', 'Boyer Group', 220),
('71HORG-552', 'Harber Inc', 144),
('71HWQT-650', 'Cremin, Kuhic and Armstrong', 60),
('71JOBQ-994', 'Kuhn Group', 184),
('71OZJJ-621', 'Doyle-Hoeger', 107),
('71OZQW-944', 'Lang-Turner', 55),
('71YERF-228', 'McDermott-Satterfield', 136),
('71YRPB-300', 'Daniel Inc', 188),
('72AQEZ-080', 'Schmidt, Ernser and Goodwin', 147),
('72AUAE-354', 'Kuhn-Gerhold', 182),
('72BRQP-747', 'McLaughlin-Becker', 201),
('72HCVQ-738', 'Abshire-Weissnat', 187),
('72MMQG-696', 'Rohan Group', 174),
('72OUFH-562', 'Marvin, Reilly and Walsh', 168),
('72SNNN-912', 'Buckridge-Crist', 48),
('72UHPW-576', 'Moen Group', 175),
('72XTWM-308', 'Brown, Upton and Sporer', 117),
('73ACIQ-369', 'Tillman-Bradtke', 203),
('73HPKN-451', 'Prosacco-Ortiz', 72),
('73LFHN-716', 'Zboncak and Sons', 173),
('73MTGZ-543', 'Gutkowski, Dickinson and Halvorson', 46),
('73RXBQ-908', 'Jones, Hegmann and Watsica', 74),
('73WELM-103', 'Anderson-Hilll', 39),
('73WFRT-631', 'Keebler, Wilderman and Bartoletti', 152),
('73ZYOC-008', 'Tillman, Wolff and Kovacek', 82),
('74GCWE-629', 'Ryan-Schowalter', 18),
('74JQRR-245', 'Volkman Inc', 145),
('74KKKS-671', 'Windler and Sons', 29),
('74PINM-266', 'Rath-Schamberger', 212),
('74WFYI-283', 'Nader, Kohler and Kling', 201),
('74WMOB-054', 'Windler Inc', 55),
('75ADZW-601', 'Parker, Kutch and Mohr', 159),
('75AGYL-835', 'Cormier Group', 104),
('75DXKT-425', 'Kihn, Walter and Prohaska', 63),
('75LDZM-968', 'Farrell and Sons', 193),
('75UFVY-533', 'Johns and Sons', 236),
('75UXKV-189', 'Labadie-Hodkiewicz', 194),
('75VSAB-581', 'Ernser-Bernhard', 95),
('75WRWZ-294', 'Nolan Inc', 9),
('75XHGM-344', 'Reynolds, Graham and Willms', 76),
('76DBHB-247', 'Daniel Group', 51),
('76KAVT-820', 'Pollich, Feest and Halvorson', 64),
('76KCHE-421', 'Raynor, Dach and Fisher', 207),
('76KOQC-441', 'Kozey-Heidenreich', 229),
('76KWZD-138', 'Corwin, Kertzmann and Schmidt', 133),
('76PLXU-403', 'Nolan-Hudson', 54),
('76QTOG-976', 'Hahn and Sons', 147),
('76USRO-171', 'O\'Conner, Wiza and Stokes', 68),
('76XKRE-382', 'Davis, Kuhic and Lesch', 234),
('76YSUI-887', 'Aufderhar, Willms and Howe', 69),
('76ZIUI-108', 'Altenwerth, Walker and Heidenreich', 119),
('76ZRXR-474', 'Adams Group', 47),
('77BKPQ-872', 'Ullrich-Kuhn', 102),
('77IGBZ-447', 'Kutch-Kuvalis', 168),
('77OISQ-655', 'Aufderhar-Jaskolski', 57),
('77RLEP-666', 'Bahringer Inc', 35),
('77RTIY-903', 'Rice-Bernhard', 51),
('77SCEC-876', 'Torphy Inc', 82),
('77XFYO-610', 'Funk-Rempel', 194),
('77ZLRA-581', 'Luettgen, Carroll and Collins', 37),
('78BJQP-642', 'Bartoletti, West and Mraz', 25),
('78CIVG-955', 'Kovacek-Carter', 219),
('78EZZP-956', 'Cormier-Ondricka', 210),
('78KJDZ-969', 'Yost-Reilly', 3),
('78KTBO-227', 'Erdman-Shanahan', 74),
('78MAAP-454', 'Shields and Sons', 137),
('78NNGM-041', 'Lesch, Stanton and Torp', 223),
('78WIQF-919', 'Krajcik-Nader', 95),
('78WRDR-177', 'Daniel, Heaney and Fay', 237),
('78ZLWY-191', 'Pouros-Harvey', 75),
('79AUZZ-465', 'Langosh, Rodriguez and Turcotte', 54),
('79BOSB-902', 'Spencer Inc', 212),
('79BSSZ-937', 'Doyle LLC', 129),
('79CPRI-940', 'Metz-Larson', 13),
('79ELZK-881', 'Buckridge and Sons', 117),
('79ERWJ-237', 'Ziemann, Bashirian and Parisian', 174),
('79HLAW-240', 'Cremin Group', 2),
('79KFRP-659', 'Cruickshank-Fadel', 204),
('79MROK-599', 'Volkman, Grant and Crona', 62),
('79NCGA-350', 'Mueller, Bernhard and Conroy', 98),
('79OIBY-367', 'Mraz Group', 38),
('79QEAC-817', 'Kessler, Mueller and Friesen', 9),
('79RCSA-664', 'Smitham Group', 147),
('79UFQO-013', 'Keeling Inc', 214),
('79XWVX-114', 'West-Prohaska', 92),
('79ZBIC-141', 'Bernhard, Mann and O\'Kon', 54),
('80ANSD-886', 'Littel, Hamill and Satterfield', 10),
('80GOAU-460', 'Kling LLC', 136),
('80GQBG-005', 'Kerluke-Lebsack', 170),
('80JBRB-178', 'Armstrong-Huels', 20),
('80UPRY-473', 'Wiegand, Cole and Cummings', 238),
('80VSEY-889', 'Parker-Stoltenberg', 160),
('81BRXD-073', 'Brown Inc', 34),
('81LRLL-862', 'Kihn, Langworth and Dickinson', 89),
('81MHLV-094', 'Batz Group', 230),
('81QBZL-571', 'Collins Group', 185),
('82AVAR-791', 'Sauer-Larson', 205),
('82BIFZ-531', 'Kuphal-O\'Connell', 22),
('82BTNR-390', 'Mohr Inc', 43),
('82BTRV-082', 'Rau, Fadel and Feil', 95),
('82CHMO-579', 'Bruen-Cremin', 186),
('82IFKL-647', 'Torp-Runte', 213),
('82JJQN-839', 'O\'Hara, Quitzon and Lesch', 14),
('82PJMS-148', 'Stokes and Sons', 164),
('82RGJN-201', 'Schultz, Homenick and Becker', 21),
('82TZRW-678', 'Grant-Schultz', 209),
('82UZNB-637', 'Cole-Heller', 8),
('82XVBI-488', 'Konopelski Group', 148),
('83KLMV-424', 'Auer-Crooks', 15),
('83NHGA-884', 'Hilpert, White and Ziemann', 197),
('83OXIO-983', 'Thompson Group', 80),
('83QBUR-579', 'Monahan, Price and Yost', 141),
('83UEUC-781', 'Kirlin, Kuhlman and Roberts', 43),
('83XYCG-613', 'Koss LLC', 46),
('83ZFZN-477', 'Kertzmann, Skiles and Treutel', 96),
('84EFFA-731', 'D\'Amore, Upton and Welch', 134),
('84EWZQ-385', 'Howe, Koepp and Wyman', 191),
('84EYHN-353', 'Moore, Ritchie and Goldner', 136),
('84HRZF-866', 'Leannon LLC', 104),
('84LOWE-445', 'Hagenes-Marks', 165),
('84MGXW-187', 'Parker, Okuneva and Streich', 121),
('84SDYW-632', 'Moore, Streich and Beatty', 103),
('84UYUW-128', 'Orn Inc', 65),
('84WLFP-176', 'Hackett Group', 21),
('84WYSY-773', 'Hermann, Schroeder and Parisian', 138),
('85ACHT-571', 'Nitzsche Inc', 85),
('85FANL-994', 'Hayes, Collins and Sanford', 122),
('85FBGO-150', 'Bruen-Yundt', 68),
('85FGUB-997', 'Haley LLC', 26),
('85GLGC-360', 'Larkin Group', 215),
('85KJSB-426', 'Hammes, Jones and Spencer', 134),
('85VVPS-641', 'Barrows-Wiegand', 212),
('85WEWG-863', 'Toy, Moore and Rosenbaum', 15),
('85WNBW-230', 'Heathcote Group', 112),
('85YIXP-466', 'Brekke and Sons', 25),
('85YLJA-562', 'Carter-Kihn', 175),
('85ZDIU-003', 'Jacobs, Klein and Cummerata', 60),
('86DMEL-488', 'Greenholt-Fadel', 160),
('86DNUZ-446', 'Bins-Mraz', 151),
('86DRCM-124', 'Hudson and Sons', 185),
('86FORJ-244', 'Davis and Sons', 200),
('86GBVM-546', 'Yundt, Doyle and Pfeffer', 147),
('86ITBB-634', 'Towne-Hudson', 81),
('86LINE-065', 'Mante Group', 3),
('86MHAE-170', 'Effertz-Blanda', 188),
('86MPJX-747', 'Streich, Larson and Gleichner', 194),
('86UNTB-777', 'Powlowski-Schuster', 141),
('86YSQR-713', 'Crona-Howe', 213),
('87ABNM-409', 'Murazik, Wintheiser and Murphy', 15),
('87ESMU-798', 'Nitzsche, Feil and Runolfsdottir', 8),
('87IVXY-856', 'Schinner, Kiehn and Zieme', 96),
('87LXTT-359', 'Gleichner, Connelly and Fadel', 124),
('87RQCK-054', 'Hyatt, Larkin and Feeney', 69),
('87RYKQ-541', 'Grady Group', 6),
('88ASAK-391', 'Cartwright LLC', 165),
('88CKCH-741', 'Collins Group', 199),
('88DEUG-068', 'Christiansen Group', 85),
('88DGSV-635', 'Dickinson, Langworth and Gibson', 234),
('88DLBD-721', 'Gaylord, Balistreri and Rohan', 221),
('88DNRW-298', 'Spencer, Mueller and DuBuque', 111),
('88HPTZ-571', 'Schamberger LLC', 104),
('88ICQK-551', 'Oberbrunner LLC', 219),
('88KLVP-202', 'Von, Rodriguez and Quitzon', 11),
('88NYJN-792', 'Effertz, Corkery and Donnelly', 208),
('88QCJV-039', 'Becker, Denesik and Gaylord', 93),
('88QEWG-667', 'Breitenberg and Sons', 193),
('88SKJF-625', 'Walsh, Johnston and McCullough', 160),
('88ZKLD-192', 'Bashirian, Wiegand and Bechtelar', 4),
('88ZOCJ-538', 'Armstrong, Smitham and Hessel', 39),
('89DIJL-228', 'Daugherty-Rempel', 93),
('89IAHI-827', 'Hermann-Mills', 233),
('89OQOE-615', 'Dach, Hamill and Abbott', 230),
('89RWPS-079', 'Lesch and Sons', 237),
('89VQNL-913', 'Schuppe-Daniel', 111),
('89WCVK-818', 'Bailey and Sons', 45),
('89WTMK-802', 'O\'Reilly Group', 236),
('90CABG-165', 'Hane LLC', 172),
('90DEOC-737', 'Jaskolski-Legros', 2),
('90DZPY-412', 'Jerde Inc', 78),
('90FQYF-892', 'Hickle-Hoppe', 116),
('90GDNV-245', 'Metz, Hayes and Thompson', 198),
('90GONP-030', 'Watsica, Feest and Goldner', 77),
('90HLCF-108', 'Upton, Price and Bruen', 62),
('90IGBH-802', 'Schaefer-Goodwin', 142),
('90MTEU-688', 'Boehm and Sons', 205),
('90NOIW-969', 'Bashirian LLC', 167),
('90PNMK-305', 'Kutch-Koch', 29),
('90UJWM-881', 'Greenfelder LLC', 210),
('90VHEK-588', 'Langosh, Altenwerth and Brakus', 236),
('90YRLX-305', 'Nolan, Zboncak and Grady', 53),
('90ZPMO-130', 'Bruen Inc', 73),
('90ZUCK-302', 'Kirlin-Kiehn', 67),
('91ARRS-729', 'Stamm-Haley', 86),
('91GTKH-417', 'Tromp, Dicki and McDermott', 202),
('91GUKW-823', 'Hayes, Dicki and Pacocha', 152),
('91LVHE-705', 'Schuster, Denesik and Little', 150),
('91VFOR-912', 'Bogisich Inc', 48),
('91WBHB-005', 'Larson, Langworth and Ward', 235),
('91XVVH-863', 'Schulist Inc', 4),
('91YEYQ-065', 'Langosh, Gerhold and Collins', 200),
('91YQGR-423', 'Farrell, Cartwright and Farrell', 216),
('91ZKIA-503', 'Schneider and Sons', 160),
('92HHLQ-721', 'Tromp Group', 229),
('92ROIE-835', 'Johns, Weimann and Barrows', 72),
('92WRPA-312', 'Rippin Inc', 175),
('92YQTJ-580', 'Mraz Inc', 53),
('92ZZRO-285', 'Gulgowski Group', 223),
('93DVGC-491', 'McDermott-Nitzsche', 163),
('93NKJK-560', 'Schowalter Inc', 11),
('93PASH-059', 'Larson LLC', 215),
('93VANF-799', 'Ebert-Blanda', 172),
('93VAZG-493', 'Towne LLC', 206),
('93XBCO-964', 'Breitenberg LLC', 46),
('94AURW-307', 'Mayert Inc', 116),
('94IPIA-093', 'Kerluke Inc', 174),
('94RKWI-380', 'Wiza Group', 236),
('94RTKY-623', 'Crist, Carter and Barrows', 35),
('94SLWA-782', 'Feest-Johnston', 195),
('94THJW-069', 'Considine-Batz', 69),
('94TNCC-486', 'Wisoky Inc', 178),
('95AFTI-617', 'Homenick, Nader and Weber', 181),
('95CHVG-769', 'Thompson, Bruen and Conroy', 140),
('95CYRL-070', 'Kilback-Keeling', 46),
('95GMYA-931', 'MacGyver-Hessel', 184),
('95LSVL-661', 'Lebsack Group', 156),
('95RQOO-149', 'Franecki and Sons', 123),
('95WBSW-780', 'Wilkinson Inc', 185),
('96DMMW-441', 'Johnston-Boehm', 143),
('96FZCG-269', 'Wuckert-Pagac', 200),
('96JDBV-781', 'Kiehn and Sons', 207),
('96KHOL-055', 'Murphy, Jakubowski and Kautzer', 120),
('96PXHF-444', 'Will-Crooks', 26),
('96RMCQ-783', 'Cole, Maggio and Eichmann', 38),
('96UCMG-031', 'Schultz Inc', 48),
('96VJPD-338', 'Funk and Sons', 226),
('96WIPA-297', 'Dickens, Gutkowski and Franecki', 102),
('96ZWEZ-482', 'Ferry-Bayer', 73),
('97ACQF-453', 'Koepp-Grant', 225),
('97ANAH-933', 'Gorczany-Runte', 229),
('97APSN-398', 'Harber-Bergnaum', 180),
('97CDZH-660', 'Ferry and Sons', 15),
('97DITG-110', 'Satterfield-Boehm', 88),
('97ESYL-942', 'Ratke and Sons', 191),
('97HHNR-051', 'Dach LLC', 237),
('97IBHA-815', 'Weimann Group', 149),
('97JDLO-884', 'Marquardt-Wehner', 25),
('97NTWU-961', 'King LLC', 102),
('97UNLO-471', 'Christiansen Inc', 190),
('97UYYU-308', 'Upton Inc', 131),
('97WAQN-247', 'Spinka, Schoen and Wolff', 55),
('97WPPX-992', 'Boyle, Jerde and Mohr', 160),
('97XKMH-670', 'Durgan-Robel', 179),
('97YTUC-486', 'Frami Group', 6),
('97ZDHN-707', 'Hagenes, Ward and Miller', 35),
('97ZFLM-012', 'Conroy and Sons', 210),
('97ZQCB-843', 'Kohler, Kunze and Larson', 207),
('98FBUC-543', 'Baumbach Inc', 97),
('98FKGP-764', 'Ebert, Dickens and D\'Amore', 194),
('98JMFQ-358', 'Hackett Group', 100),
('98RTFJ-567', 'Collins and Sons', 102),
('98YRQZ-033', 'Ruecker-Rice', 62),
('98YTYK-497', 'Steuber and Sons', 224),
('99FXIB-870', 'Hessel-Lockman', 7),
('99GPYR-637', 'Kassulke-Pfeffer', 116),
('99GYOP-666', 'Morar, Fadel and Bernier', 54),
('99JQPA-420', 'Oberbrunner Inc', 62),
('99KYJP-171', 'Doyle-Stark', 153),
('99NOYO-659', 'Koepp and Sons', 37),
('99QKFD-138', 'Schmitt, Franecki and Wilderman', 138),
('99SBNV-227', 'Yundt, Reilly and Wolf', 66),
('99SGXO-704', 'Rowe and Sons', 7),
('99SJKI-899', 'Langosh-Krajcik', 56),
('99ZWIF-156', 'Schmeler-Ryan', 212);

-- --------------------------------------------------------

--
-- Estructura de tabla para la tabla `pais`
--

DROP TABLE IF EXISTS `pais`;
CREATE TABLE IF NOT EXISTS `pais` (
                                      `PaisCodigo` int(11) NOT NULL AUTO_INCREMENT,
                                      `PaisIso` char(2) NOT NULL,
                                      `PaisNombre` varchar(150) DEFAULT NULL,
                                      PRIMARY KEY (`PaisCodigo`)
) ENGINE=InnoDB AUTO_INCREMENT=241 DEFAULT CHARSET=latin1;

--
-- Volcado de datos para la tabla `pais`
--

INSERT INTO `pais` (`PaisCodigo`, `PaisIso`, `PaisNombre`) VALUES
(1, 'AF', 'Afganistán'),
(2, 'AX', 'Islas Gland'),
(3, 'AL', 'Albania'),
(4, 'DE', 'Alemania'),
(5, 'AD', 'Andorra'),
(6, 'AO', 'Angola'),
(7, 'AI', 'Anguilla'),
(8, 'AQ', 'Antártida'),
(9, 'AG', 'Antigua y Barbuda'),
(10, 'AN', 'Antillas Holandesas'),
(11, 'SA', 'Arabia Saudí'),
(12, 'DZ', 'Argelia'),
(13, 'AR', 'Argentina'),
(14, 'AM', 'Armenia'),
(15, 'AW', 'Aruba'),
(16, 'AU', 'Australia'),
(17, 'AT', 'Austria'),
(18, 'AZ', 'Azerbaiyán'),
(19, 'BS', 'Bahamas'),
(20, 'BH', 'Bahréin'),
(21, 'BD', 'Bangladesh'),
(22, 'BB', 'Barbados'),
(23, 'BY', 'Bielorrusia'),
(24, 'BE', 'Bélgica'),
(25, 'BZ', 'Belice'),
(26, 'BJ', 'Benin'),
(27, 'BM', 'Bermudas'),
(28, 'BT', 'Bhután'),
(29, 'BO', 'Bolivia'),
(30, 'BA', 'Bosnia y Herzegovina'),
(31, 'BW', 'Botsuana'),
(32, 'BV', 'Isla Bouvet'),
(33, 'BR', 'Brasil'),
(34, 'BN', 'Brunéi'),
(35, 'BG', 'Bulgaria'),
(36, 'BF', 'Burkina Faso'),
(37, 'BI', 'Burundi'),
(38, 'CV', 'Cabo Verde'),
(39, 'KY', 'Islas Caimán'),
(40, 'KH', 'Camboya'),
(41, 'CM', 'Camerún'),
(42, 'CA', 'Canadá'),
(43, 'CF', 'República Centroafricana'),
(44, 'TD', 'Chad'),
(45, 'CZ', 'República Checa'),
(46, 'CL', 'Chile'),
(47, 'CN', 'China'),
(48, 'CY', 'Chipre'),
(49, 'CX', 'Isla de Navidad'),
(50, 'VA', 'Ciudad del Vaticano'),
(51, 'CC', 'Islas Cocos'),
(52, 'CO', 'Colombia'),
(53, 'KM', 'Comoras'),
(54, 'CD', 'República Democrática del Congo'),
(55, 'CG', 'Congo'),
(56, 'CK', 'Islas Cook'),
(57, 'KP', 'Corea del Norte'),
(58, 'KR', 'Corea del Sur'),
(59, 'CI', 'Costa de Marfil'),
(60, 'CR', 'Costa Rica'),
(61, 'HR', 'Croacia'),
(62, 'CU', 'Cuba'),
(63, 'DK', 'Dinamarca'),
(64, 'DM', 'Dominica'),
(65, 'DO', 'República Dominicana'),
(66, 'EC', 'Ecuador'),
(67, 'EG', 'Egipto'),
(68, 'SV', 'El Salvador'),
(69, 'AE', 'Emiratos Árabes Unidos'),
(70, 'ER', 'Eritrea'),
(71, 'SK', 'Eslovaquia'),
(72, 'SI', 'Eslovenia'),
(73, 'ES', 'España'),
(74, 'UM', 'Islas ultramarinas de Estados Unidos'),
(75, 'US', 'Estados Unidos'),
(76, 'EE', 'Estonia'),
(77, 'ET', 'Etiopía'),
(78, 'FO', 'Islas Feroe'),
(79, 'PH', 'Filipinas'),
(80, 'FI', 'Finlandia'),
(81, 'FJ', 'Fiyi'),
(82, 'FR', 'Francia'),
(83, 'GA', 'Gabón'),
(84, 'GM', 'Gambia'),
(85, 'GE', 'Georgia'),
(86, 'GS', 'Islas Georgias del Sur y Sandwich del Sur'),
(87, 'GH', 'Ghana'),
(88, 'GI', 'Gibraltar'),
(89, 'GD', 'Granada'),
(90, 'GR', 'Grecia'),
(91, 'GL', 'Groenlandia'),
(92, 'GP', 'Guadalupe'),
(93, 'GU', 'Guam'),
(94, 'GT', 'Guatemala'),
(95, 'GF', 'Guayana Francesa'),
(96, 'GN', 'Guinea'),
(97, 'GQ', 'Guinea Ecuatorial'),
(98, 'GW', 'Guinea-Bissau'),
(99, 'GY', 'Guyana'),
(100, 'HT', 'Haití'),
(101, 'HM', 'Islas Heard y McDonald'),
(102, 'HN', 'Honduras'),
(103, 'HK', 'Hong Kong'),
(104, 'HU', 'Hungría'),
(105, 'IN', 'India'),
(106, 'ID', 'Indonesia'),
(107, 'IR', 'Irán'),
(108, 'IQ', 'Iraq'),
(109, 'IE', 'Irlanda'),
(110, 'IS', 'Islandia'),
(111, 'IL', 'Israel'),
(112, 'IT', 'Italia'),
(113, 'JM', 'Jamaica'),
(114, 'JP', 'Japón'),
(115, 'JO', 'Jordania'),
(116, 'KZ', 'Kazajstán'),
(117, 'KE', 'Kenia'),
(118, 'KG', 'Kirguistán'),
(119, 'KI', 'Kiribati'),
(120, 'KW', 'Kuwait'),
(121, 'LA', 'Laos'),
(122, 'LS', 'Lesotho'),
(123, 'LV', 'Letonia'),
(124, 'LB', 'Líbano'),
(125, 'LR', 'Liberia'),
(126, 'LY', 'Libia'),
(127, 'LI', 'Liechtenstein'),
(128, 'LT', 'Lituania'),
(129, 'LU', 'Luxemburgo'),
(130, 'MO', 'Macao'),
(131, 'MK', 'ARY Macedonia'),
(132, 'MG', 'Madagascar'),
(133, 'MY', 'Malasia'),
(134, 'MW', 'Malawi'),
(135, 'MV', 'Maldivas'),
(136, 'ML', 'Malí'),
(137, 'MT', 'Malta'),
(138, 'FK', 'Islas Malvinas'),
(139, 'MP', 'Islas Marianas del Norte'),
(140, 'MA', 'Marruecos'),
(141, 'MH', 'Islas Marshall'),
(142, 'MQ', 'Martinica'),
(143, 'MU', 'Mauricio'),
(144, 'MR', 'Mauritania'),
(145, 'YT', 'Mayotte'),
(146, 'MX', 'México'),
(147, 'FM', 'Micronesia'),
(148, 'MD', 'Moldavia'),
(149, 'MC', 'Mónaco'),
(150, 'MN', 'Mongolia'),
(151, 'MS', 'Montserrat'),
(152, 'MZ', 'Mozambique'),
(153, 'MM', 'Myanmar'),
(154, 'NA', 'Namibia'),
(155, 'NR', 'Nauru'),
(156, 'NP', 'Nepal'),
(157, 'NI', 'Nicaragua'),
(158, 'NE', 'Níger'),
(159, 'NG', 'Nigeria'),
(160, 'NU', 'Niue'),
(161, 'NF', 'Isla Norfolk'),
(162, 'NO', 'Noruega'),
(163, 'NC', 'Nueva Caledonia'),
(164, 'NZ', 'Nueva Zelanda'),
(165, 'OM', 'Omán'),
(166, 'NL', 'Países Bajos'),
(167, 'PK', 'Pakistán'),
(168, 'PW', 'Palau'),
(169, 'PS', 'Palestina'),
(170, 'PA', 'Panamá'),
(171, 'PG', 'Papúa Nueva Guinea'),
(172, 'PY', 'Paraguay'),
(173, 'PE', 'Perú'),
(174, 'PN', 'Islas Pitcairn'),
(175, 'PF', 'Polinesia Francesa'),
(176, 'PL', 'Polonia'),
(177, 'PT', 'Portugal'),
(178, 'PR', 'Puerto Rico'),
(179, 'QA', 'Qatar'),
(180, 'GB', 'Reino Unido'),
(181, 'RE', 'Reunión'),
(182, 'RW', 'Ruanda'),
(183, 'RO', 'Rumania'),
(184, 'RU', 'Rusia'),
(185, 'EH', 'Sahara Occidental'),
(186, 'SB', 'Islas Salomón'),
(187, 'WS', 'Samoa'),
(188, 'AS', 'Samoa Americana'),
(189, 'KN', 'San Cristóbal y Nevis'),
(190, 'SM', 'San Marino'),
(191, 'PM', 'San Pedro y Miquelón'),
(192, 'VC', 'San Vicente y las Granadinas'),
(193, 'SH', 'Santa Helena'),
(194, 'LC', 'Santa Lucía'),
(195, 'ST', 'Santo Tomé y Príncipe'),
(196, 'SN', 'Senegal'),
(197, 'CS', 'Serbia y Montenegro'),
(198, 'SC', 'Seychelles'),
(199, 'SL', 'Sierra Leona'),
(200, 'SG', 'Singapur'),
(201, 'SY', 'Siria'),
(202, 'SO', 'Somalia'),
(203, 'LK', 'Sri Lanka'),
(204, 'SZ', 'Suazilandia'),
(205, 'ZA', 'Sudáfrica'),
(206, 'SD', 'Sudán'),
(207, 'SE', 'Suecia'),
(208, 'CH', 'Suiza'),
(209, 'SR', 'Surinam'),
(210, 'SJ', 'Svalbard y Jan Mayen'),
(211, 'TH', 'Tailandia'),
(212, 'TW', 'Taiwán'),
(213, 'TZ', 'Tanzania'),
(214, 'TJ', 'Tayikistán'),
(215, 'IO', 'Territorio Británico del Océano Índico'),
(216, 'TF', 'Territorios Australes Franceses'),
(217, 'TL', 'Timor Oriental'),
(218, 'TG', 'Togo'),
(219, 'TK', 'Tokelau'),
(220, 'TO', 'Tonga'),
(221, 'TT', 'Trinidad y Tobago'),
(222, 'TN', 'Túnez'),
(223, 'TC', 'Islas Turcas y Caicos'),
(224, 'TM', 'Turkmenistán'),
(225, 'TR', 'Turquía'),
(226, 'TV', 'Tuvalu'),
(227, 'UA', 'Ucrania'),
(228, 'UG', 'Uganda'),
(229, 'UY', 'Uruguay'),
(230, 'UZ', 'Uzbekistán'),
(231, 'VU', 'Vanuatu'),
(232, 'VE', 'Venezuela'),
(233, 'VN', 'Vietnam'),
(234, 'VG', 'Islas Vírgenes Británicas'),
(235, 'VI', 'Islas Vírgenes de los Estados Unidos'),
(236, 'WF', 'Wallis y Futuna'),
(237, 'YE', 'Yemen'),
(238, 'DJ', 'Yibuti'),
(239, 'ZM', 'Zambia'),
(240, 'ZW', 'Zimbabue');

-- --------------------------------------------------------

--
-- Estructura de tabla para la tabla `persona`
--

DROP TABLE IF EXISTS `persona`;
CREATE TABLE IF NOT EXISTS `persona` (
                                         `PersonaCodigo` char(10) NOT NULL,
                                         `PersonaNombre` varchar(150) NOT NULL,
                                         `PersonaApellido` varchar(150) NOT NULL,
                                         `PersonaCorreo` varchar(400) NOT NULL,
                                         `PersonaSexo` bit(1) NOT NULL,
                                         `PersonaPais` int(11) DEFAULT NULL,
                                         `PersonaAutenticacion` int(11) DEFAULT NULL,
                                         `PersonaFechaNacimiento` date NOT NULL,
                                         PRIMARY KEY (`PersonaCodigo`),
                                         KEY `FK_Persona_Pais` (`PersonaPais`),
                                         KEY `FK_Persona_Autenticacion` (`PersonaAutenticacion`)
) ENGINE=InnoDB DEFAULT CHARSET=latin1;

--
-- Volcado de datos para la tabla `persona`
--

INSERT INTO `persona` (`PersonaCodigo`, `PersonaNombre`, `PersonaApellido`, `PersonaCorreo`, `PersonaSexo`, `PersonaPais`, `PersonaAutenticacion`, `PersonaFechaNacimiento`) VALUES
('0008654689', 'Angil', 'Ketchaside', 'hpohls0@multiply.com', b'1', 118, 979, '2015-01-23'),
('0009738008', 'Abigale', 'Badini', 'egething1@goo.gl', b'0', 60, 58, '2002-03-03'),
('0012185302', 'Shaina', 'Glaister', 'iplanke2@sourceforge.net', b'1', 15, 424, '1999-04-07'),
('0013455439', 'Perry', 'Papworth', 'rsaiens3@dailymail.co.uk', b'1', 108, 478, '2004-08-10'),
('0025797998', 'Florella', 'Govey', 'tmcneilly4@usa.gov', b'0', 48, 517, '2003-10-05'),
('0031629922', 'Wade', 'Payze', 'dolander5@hhs.gov', b'0', 62, 209, '2001-10-17'),
('0046018780', 'Marna', 'Kilroy', 'dsharland6@berkeley.edu', b'0', 229, 335, '2012-08-06'),
('0052991191', 'Michael', 'Twigge', 'aatack7@senate.gov', b'1', 17, 224, '2014-02-13'),
('0053393127', 'Lombard', 'Cornelius', 'vrestorick8@zimbio.com', b'0', 90, 687, '2005-06-04'),
('0056786024', 'Neda', 'Gosling', 'gyeldham9@moonfruit.com', b'0', 130, 913, '2008-01-05'),
('0061487478', 'Glory', 'Tow', 'arucka@sourceforge.net', b'0', 232, 609, '2006-06-07'),
('0062152359', 'Kaylee', 'Brindley', 'dshewsmithb@elegantthemes.com', b'0', 165, 596, '2002-11-25'),
('0096103949', 'Garland', 'Beautyman', 'qbonnettc@bing.com', b'0', 124, 226, '2008-01-29'),
('0096841140', 'Cordi', 'Keuning', 'jolsend@tamu.edu', b'0', 56, 274, '2011-04-06'),
('0098609986', 'Mignon', 'Calyton', 'mdubarrye@google.de', b'0', 63, 903, '2004-03-20'),
('0114691626', 'Bil', 'Bridel', 'pgilstounf@usda.gov', b'1', 88, 701, '2008-11-07'),
('0126614636', 'Harp', 'Shynn', 'vbavisterg@amazon.de', b'1', 133, 867, '1997-05-08'),
('0127905319', 'Janis', 'Wattins', 'risacqh@shutterfly.com', b'0', 191, 639, '2006-01-04'),
('0138916415', 'Heida', 'Wetherill', 'adeversoni@imdb.com', b'0', 14, 140, '2008-01-29'),
('0165375760', 'Mikel', 'Kinsey', 'bhallgoughj@delicious.com', b'1', 223, 81, '2016-05-26'),
('0172820307', 'Decca', 'McDuffy', 'ewhinrayk@skype.com', b'0', 181, 326, '2008-05-13'),
('0175805429', 'Ferdinand', 'Jeannard', 'rsynnotl@walmart.com', b'0', 107, 403, '2017-08-28'),
('0177130556', 'Evania', 'Maggill\'Andreis', 'gkenninghamm@purevolume.com', b'0', 188, 513, '1997-10-27'),
('0188789334', 'Celisse', 'Grombridge', 'ebichardn@rakuten.co.jp', b'0', 86, 190, '2016-07-04'),
('0192659758', 'Sayer', 'Youle', 'ccolnetto@msn.com', b'1', 163, 639, '2000-07-29'),
('0194047287', 'Tanner', 'Deluce', 'ewillcotp@blogtalkradio.com', b'0', 81, 438, '1998-05-01'),
('0195273530', 'Jacky', 'Steers', 'ejewettq@prweb.com', b'0', 224, 55, '2015-04-19'),
('0210867775', 'Wilmer', 'Ducker', 'ntedstoner@example.com', b'0', 116, 580, '2014-12-06'),
('0231910388', 'Matthew', 'Simenet', 'jrichters@sun.com', b'0', 83, 207, '1998-12-24'),
('0234367710', 'Kerry', 'Kuzma', 'ddoveyt@spiegel.de', b'0', 25, 280, '2008-03-10'),
('0250212395', 'Redford', 'Hackford', 'cplaschkeu@cbsnews.com', b'1', 86, 623, '2001-12-15'),
('0263639836', 'Jacynth', 'Ragsdale', 'golssonv@nytimes.com', b'0', 129, 258, '2004-02-05'),
('0272076808', 'Cissy', 'Seabourne', 'ghurdisw@nyu.edu', b'0', 14, 62, '2005-08-21'),
('0281771160', 'Becky', 'Eagle', 'wfinessyx@biglobe.ne.jp', b'1', 47, 315, '2003-12-30'),
('0283326279', 'Barry', 'Mardy', 'amathioty@quantcast.com', b'0', 81, 839, '2014-11-06'),
('0300105296', 'Bibbie', 'Brownhill', 'rcarneyz@netvibes.com', b'0', 206, 184, '2001-05-19'),
('0311690906', 'Kassia', 'Prinnett', 'zkerfod10@washingtonpost.com', b'0', 206, 203, '2018-03-01'),
('0325535382', 'Wood', 'Friary', 'krosander11@devhub.com', b'1', 79, 130, '1998-01-20'),
('0329681272', 'Madlin', 'Bendtsen', 'mbernhard12@patch.com', b'0', 230, 546, '2015-05-03'),
('0334580395', 'Bink', 'Feavyour', 'bhardbattle13@prlog.org', b'0', 210, 174, '2017-12-11'),
('0337270543', 'Mimi', 'Bloyes', 'epiccop14@constantcontact.com', b'0', 17, 172, '2017-10-22'),
('0353468784', 'Richy', 'O\'Haire', 'jturford15@wired.com', b'1', 205, 409, '1997-01-12'),
('0359743421', 'Cordell', 'Fawlkes', 'kwrightson16@cbslocal.com', b'0', 83, 641, '2010-07-02'),
('0367520080', 'Masha', 'Brandli', 'fplastow17@hugedomains.com', b'0', 62, 987, '2018-07-13'),
('0413613014', 'Nomi', 'April', 'eskeete18@elpais.com', b'1', 98, 935, '2018-12-22'),
('0430120250', 'Trevar', 'Sprade', 'hstannah19@youku.com', b'0', 175, 817, '1999-09-15'),
('0454386454', 'Trula', 'Barnewell', 'gtench1a@discuz.net', b'1', 201, 164, '2010-04-18'),
('0462349108', 'Millisent', 'Arnowicz', 'tdelacoste1b@symantec.com', b'1', 204, 753, '2001-11-21'),
('0471405981', 'Dorena', 'Dimitru', 'hhitchens1c@yelp.com', b'0', 236, 961, '2017-09-03'),
('0472491342', 'Cindra', 'Stoggles', 'mhavill1d@prlog.org', b'1', 153, 513, '2014-01-23'),
('0475866043', 'Hamlin', 'Toy', 'jraithmill1e@dmoz.org', b'1', 7, 415, '2013-03-02'),
('0504702272', 'Sherlocke', 'Arzu', 'wmcsporon1f@fema.gov', b'1', 52, 8, '2001-12-19'),
('0505324164', 'Genevieve', 'Shilton', 'pgobel1g@fema.gov', b'0', 101, 459, '2016-08-21'),
('0522763371', 'Pyotr', 'Beautyman', 'rhannond1h@vistaprint.com', b'0', 7, 502, '2000-02-09'),
('0525344903', 'Upton', 'Vittery', 'bbonfield1i@unc.edu', b'0', 80, 875, '2016-01-05'),
('0537874082', 'Genvieve', 'Pfleger', 'apilley1j@exblog.jp', b'0', 49, 759, '2000-03-27'),
('0543211878', 'Velma', 'Rosbotham', 'nbendtsen1k@icio.us', b'1', 151, 444, '2010-09-19'),
('0543970431', 'Sibylla', 'Truse', 'ltouzey1l@bandcamp.com', b'0', 75, 289, '2009-01-10'),
('0548446932', 'Collen', 'Lavens', 'vgostyke1m@sogou.com', b'1', 65, 589, '2004-04-15'),
('0556225651', 'Krista', 'Tomalin', 'twhytock1n@techcrunch.com', b'1', 184, 699, '2000-11-07'),
('0567590827', 'Ernaline', 'Van Baaren', 'fhovie1o@cdc.gov', b'1', 208, 298, '1998-03-06'),
('0567632295', 'Gare', 'Rault', 'hcorney1p@tinyurl.com', b'1', 40, 466, '2003-07-19'),
('0590405690', 'Dorotea', 'Dewdney', 'mjemmett1q@mapquest.com', b'0', 223, 926, '2011-03-06'),
('0596035232', 'Nisse', 'Greswell', 'mfarnan1r@cdbaby.com', b'1', 42, 846, '2000-03-23'),
('0611853487', 'Abbot', 'Stanlake', 'bedwins1s@accuweather.com', b'1', 69, 400, '2001-02-01'),
('0616859325', 'Orazio', 'Giovannazzi', 'ctitterell1t@php.net', b'0', 214, 830, '1997-01-03'),
('0621328180', 'Gusty', 'Withrington', 'crimer1u@ucsd.edu', b'0', 164, 996, '2007-11-26'),
('0627558031', 'Yuri', 'Bimrose', 'dtouzey1v@wsj.com', b'1', 111, 653, '2019-06-06'),
('0630669298', 'Farrand', 'Obispo', 'sdaunay1w@trellian.com', b'1', 239, 498, '2010-09-02'),
('0644632227', 'Waldemar', 'Payze', 'dlenham1x@tinyurl.com', b'0', 114, 495, '2016-06-25'),
('0653501225', 'Felicle', 'Phear', 'onix1y@yelp.com', b'1', 4, 747, '2003-02-28'),
('0655646264', 'Vito', 'Gothrup', 'gcassius1z@icq.com', b'0', 21, 174, '2008-03-21'),
('0665356448', 'Dallas', 'Copley', 'mluffman20@hugedomains.com', b'1', 228, 716, '1998-09-26'),
('0683245326', 'Delaney', 'Ambrozik', 'amallon21@de.vu', b'1', 138, 958, '1999-12-15'),
('0694076806', 'Akim', 'Le Guin', 'cdowson22@simplemachines.org', b'0', 117, 982, '1998-02-21'),
('0708201969', 'Cletus', 'Scolli', 'twelland23@google.com.br', b'0', 193, 636, '2009-05-24'),
('0711910631', 'Livvie', 'Wilfing', 'nstruthers24@nymag.com', b'1', 132, 24, '1998-03-06'),
('0713838787', 'Bethanne', 'Cornejo', 'hmcclenan25@behance.net', b'1', 73, 542, '2010-04-21'),
('0724355659', 'Kaspar', 'Nore', 'gdoylend26@mediafire.com', b'0', 41, 866, '2014-01-18'),
('0733111503', 'Travis', 'Hollyard', 'bboadby27@hp.com', b'0', 187, 38, '2018-12-05'),
('0734023803', 'Aurthur', 'Haythornthwaite', 'dcowtherd28@thetimes.co.uk', b'1', 84, 665, '2010-03-21'),
('0744023087', 'Frederica', 'Gunn', 'ghelliker29@etsy.com', b'1', 187, 268, '2006-10-27'),
('0771227118', 'Papagena', 'Giacomozzo', 'bgumary2a@bbc.co.uk', b'1', 104, 471, '2008-10-29'),
('0779757586', 'Ted', 'Olivello', 'jsporton2b@weibo.com', b'0', 116, 165, '2011-03-10'),
('0794309823', 'Vilhelmina', 'Borghese', 'tlanders2c@sogou.com', b'0', 39, 628, '2013-02-23'),
('0796881794', 'Diana', 'Pierrepoint', 'pruler2d@cisco.com', b'1', 90, 255, '2008-12-06'),
('0799504686', 'Rose', 'Paternoster', 'roke2e@cnbc.com', b'0', 185, 894, '2018-03-31'),
('0806323938', 'Lanna', 'Klaessen', 'hmcginley2f@diigo.com', b'1', 26, 506, '2005-06-13'),
('0808325539', 'Toinette', 'Keast', 'rpydcock2g@deviantart.com', b'1', 169, 687, '2014-07-03'),
('0817515809', 'Hazel', 'Jantzen', 'jstinton2h@squarespace.com', b'1', 158, 839, '2007-02-14'),
('0826227757', 'Stephenie', 'Rubinlicht', 'iellard2i@eventbrite.com', b'1', 50, 563, '1998-09-30'),
('0835080383', 'Lidia', 'Tocknell', 'rreignolds2j@cam.ac.uk', b'1', 28, 606, '2002-04-01'),
('0851490024', 'Felipe', 'Crighton', 'ldislee2k@webs.com', b'1', 93, 753, '2008-12-26'),
('0859073240', 'Morgana', 'Townshend', 'cpilgrim2l@bizjournals.com', b'1', 45, 164, '2000-03-01'),
('0868078809', 'Ottilie', 'Stille', 'sunitt2m@mlb.com', b'0', 122, 905, '2012-01-05'),
('0886475749', 'Port', 'Hurton', 'ecorhard2n@constantcontact.com', b'1', 205, 989, '2013-08-21'),
('0901291908', 'Krysta', 'Cancutt', 'tbulford2o@biblegateway.com', b'0', 1, 581, '2013-12-31'),
('0934394181', 'Jacquie', 'Bertouloume', 'jbodimeade2p@npr.org', b'1', 116, 380, '2010-11-29'),
('0942063615', 'Orly', 'Vandenhoff', 'jroycroft2q@miibeian.gov.cn', b'0', 61, 719, '2012-03-12'),
('0957207349', 'Winnie', 'Ritchard', 'bauty2r@sogou.com', b'1', 26, 708, '2008-05-16'),
('0980003396', 'Gretal', 'Wittey', 'xhandrick2s@weather.com', b'1', 225, 691, '2005-04-23'),
('0987865025', 'Deanna', 'Whitelock', 'sgraham2t@apple.com', b'1', 81, 360, '2011-08-25'),
('0989758190', 'Vallie', 'Fingleton', 'gdurkin2u@constantcontact.com', b'0', 224, 387, '2002-06-14'),
('0991231779', 'Jilleen', 'Fawbert', 'iwaterworth2v@businessweek.com', b'1', 21, 899, '2000-09-01'),
('0991746585', 'Morlee', 'Sculley', 'eswynley2w@multiply.com', b'0', 3, 146, '2010-02-02'),
('1000585595', 'Danya', 'Trobridge', 'ybrosch2x@house.gov', b'0', 95, 878, '2015-05-27'),
('1009681076', 'Hendrick', 'Ambrogiotti', 'clewcock2y@house.gov', b'0', 170, 809, '2006-01-22'),
('1014468974', 'Delmore', 'Skinner', 'rrowlings2z@bbc.co.uk', b'1', 210, 641, '2000-08-17'),
('1015896873', 'Pansie', 'Malthouse', 'lcutill30@boston.com', b'0', 67, 468, '2000-09-21'),
('1019832351', 'Sven', 'Loud', 'tferrers31@pen.io', b'0', 139, 456, '2006-07-11'),
('1049735323', 'Harrison', 'Rennard', 'wpipworth32@amazon.com', b'0', 110, 954, '2016-05-28'),
('1053021882', 'Lucky', 'Phillpot', 'chardy33@oakley.com', b'0', 170, 764, '2000-11-24'),
('1060564136', 'Paddie', 'Fenwick', 'tconyard34@biglobe.ne.jp', b'0', 71, 942, '2014-07-15'),
('1061659678', 'Hew', 'Vallance', 'fbrass35@constantcontact.com', b'0', 69, 155, '2003-10-15'),
('1081542716', 'Wendeline', 'Bawcock', 'afawthorpe36@tmall.com', b'0', 169, 179, '2007-12-04'),
('1090815442', 'Gilda', 'O\'Breen', 'fduddin37@wordpress.com', b'0', 74, 538, '2000-07-03'),
('1101840818', 'Roselia', 'Robins', 'obridge38@ocn.ne.jp', b'1', 134, 480, '2011-07-27'),
('1103563206', 'Myriam', 'Fewell', 'kharraway39@jimdo.com', b'0', 128, 642, '1997-02-21'),
('1111074784', 'Lilllie', 'Christoffels', 'sdudson3a@mashable.com', b'0', 63, 414, '2003-09-02'),
('1126250428', 'Chariot', 'Russo', 'gshemelt3b@noaa.gov', b'0', 63, 847, '2015-11-28'),
('1133724696', 'Emory', 'Truscott', 'reverley3c@goo.ne.jp', b'0', 202, 181, '1999-07-30'),
('1153959843', 'Charita', 'Behneke', 'epuvia3d@github.io', b'1', 139, 948, '2001-08-01'),
('1167308987', 'Cariotta', 'Tubby', 'asellars3e@addthis.com', b'1', 196, 539, '2019-03-09'),
('1171239055', 'Kesley', 'McCarrison', 'jparsisson3f@google.com', b'1', 90, 975, '2007-12-25'),
('1184479011', 'Douglas', 'McKearnen', 'anorvell3g@mozilla.org', b'0', 159, 328, '2004-01-02'),
('1190281162', 'Giacomo', 'Fearfull', 'bmetcalfe3h@google.com.au', b'1', 189, 198, '2011-01-01'),
('1193975834', 'Carlina', 'Starkings', 'lborleace3i@indiatimes.com', b'1', 166, 766, '1999-05-05'),
('1201906437', 'Kerstin', 'Weavill', 'aminguet3j@networkadvertising.org', b'0', 27, 784, '1998-06-13'),
('1203931895', 'Burton', 'Rizzini', 'abrighty3k@netlog.com', b'1', 234, 691, '2010-05-24'),
('1214545507', 'Aldus', 'McNeill', 'ivasyuchov3l@google.com.au', b'1', 167, 561, '2012-05-16'),
('1241334648', 'Anatole', 'Gailor', 'tlestrange3m@nasa.gov', b'0', 132, 18, '2005-02-12'),
('1245992308', 'Zia', 'Smooth', 'ecanelas3n@infoseek.co.jp', b'1', 4, 959, '2001-08-01'),
('1262001049', 'Kariotta', 'Crocombe', 'strimmill3o@wikia.com', b'0', 205, 528, '2018-09-14'),
('1262805176', 'Nevile', 'Jessope', 'uhadye3p@chicagotribune.com', b'1', 131, 384, '2017-05-04'),
('1281640418', 'Hube', 'Whitlow', 'pseignior3q@tumblr.com', b'1', 164, 151, '2016-10-07'),
('1281949613', 'Dennie', 'Crucetti', 'acatton3r@sakura.ne.jp', b'0', 165, 618, '2007-02-12'),
('1294582957', 'Quent', 'McMenamin', 'bwoller3s@ask.com', b'0', 159, 341, '2012-08-21'),
('1295125259', 'Ryun', 'Durbridge', 'ntease3t@comsenz.com', b'1', 19, 447, '2019-02-07'),
('1303247053', 'Aryn', 'Drain', 'npaty3u@prnewswire.com', b'0', 139, 128, '2018-07-24'),
('1306073184', 'Rafa', 'Stanbrooke', 'jisaq3v@goo.gl', b'1', 153, 871, '2000-07-18'),
('1313293963', 'Marylynne', 'Dulen', 'ffarfull3w@oakley.com', b'1', 113, 354, '2012-08-07'),
('1342846610', 'Constancy', 'Mustoo', 'nvynehall3x@tmall.com', b'0', 62, 432, '2013-04-02'),
('1357612806', 'Filide', 'Gain', 'gmitro3y@is.gd', b'0', 126, 319, '2000-07-26'),
('1367864395', 'Artemas', 'Currie', 'cdebischof3z@weibo.com', b'1', 104, 812, '2001-09-01'),
('1368306274', 'Astrid', 'Duffy', 'kbrede40@theglobeandmail.com', b'0', 73, 888, '2010-12-08'),
('1410478701', 'Alfredo', 'Linklater', 'ierlam41@google.fr', b'1', 235, 462, '2002-01-25'),
('1425509617', 'Ebba', 'Gann', 'nleynton42@hhs.gov', b'0', 131, 529, '2018-07-31'),
('1452117001', 'Harley', 'Fabry', 'bculbard43@epa.gov', b'1', 172, 643, '1999-07-11'),
('1466813934', 'Neille', 'St. Quentin', 'jmattersley44@google.de', b'1', 205, 217, '2008-04-17'),
('1469540011', 'Valida', 'Tupie', 'bharman45@csmonitor.com', b'1', 10, 196, '2008-04-30'),
('1481124951', 'Ainsley', 'Kelbie', 'mtriswell46@mlb.com', b'0', 166, 263, '2007-08-04'),
('1482102981', 'Vinny', 'Rudkin', 'peveril47@cpanel.net', b'1', 168, 980, '1999-09-29'),
('1521702049', 'Olivette', 'Franchyonok', 'asayward48@economist.com', b'0', 120, 361, '2013-12-30'),
('1526100122', 'Sidnee', 'Boc', 'vfeatherstonhaugh49@businessweek.com', b'0', 47, 392, '2012-04-20'),
('1538119919', 'Roma', 'Hulmes', 'bhanks4a@infoseek.co.jp', b'0', 161, 311, '2014-04-20'),
('1546681806', 'Traver', 'Venables', 'dortelt4b@google.pl', b'0', 146, 47, '2012-04-15'),
('1549144107', 'Ericha', 'Doreward', 'cmoffatt4c@angelfire.com', b'0', 68, 971, '2006-02-13'),
('1557096251', 'Evvie', 'Blankman', 'nsheed4d@cnbc.com', b'0', 226, 495, '2007-09-15'),
('1558873549', 'Dorelia', 'Lautie', 'sskaif4e@examiner.com', b'1', 231, 691, '2016-08-29'),
('1558991418', 'Vallie', 'Scrimshaw', 'cdennerley4f@multiply.com', b'0', 15, 605, '2015-12-01'),
('1574878594', 'Janice', 'MacAne', 'bdensham4g@archive.org', b'1', 236, 173, '2009-03-20'),
('1579307450', 'Duncan', 'De Gregario', 'agero4h@360.cn', b'0', 31, 874, '2007-07-12'),
('1589463565', 'Virge', 'Rollingson', 'acamplejohn4i@digg.com', b'0', 175, 408, '2012-06-19'),
('1611375833', 'Price', 'Musso', 'aobeney4j@newsvine.com', b'0', 147, 44, '1999-01-24'),
('1617394094', 'Diandra', 'Dami', 'rshama4k@time.com', b'0', 145, 394, '2011-12-08'),
('1621063940', 'Torin', 'Brugmann', 'tmazillius4l@usa.gov', b'1', 160, 250, '2008-11-13'),
('1645803576', 'Rube', 'Braunstein', 'ikuhl4m@boston.com', b'0', 212, 141, '2011-12-06'),
('1658070796', 'Pincus', 'Boag', 'dnaisbitt4n@reference.com', b'1', 142, 329, '2006-01-21'),
('1662982313', 'Harriot', 'Fishpond', 'mcaldicott4o@admin.ch', b'0', 81, 713, '2006-03-31'),
('1665365195', 'Perkin', 'Vigers', 'kmaslin4p@unesco.org', b'0', 145, 703, '2009-09-15'),
('1704105389', 'Anallese', 'Lockhurst', 'corta4q@rediff.com', b'1', 136, 692, '2009-05-10'),
('1711203948', 'Lola', 'Luparto', 'whupe4r@soup.io', b'1', 74, 118, '2002-05-07'),
('1734491904', 'Brockie', 'Stanger', 'hsilverthorne4s@independent.co.uk', b'0', 125, 645, '2018-01-07'),
('1748194715', 'Clea', 'Gallienne', 'bzaniolini4t@github.io', b'0', 6, 680, '2008-05-06'),
('1777787360', 'Manda', 'Darmody', 'jmerrison4u@instagram.com', b'0', 75, 301, '2016-04-13'),
('1785003409', 'Leopold', 'Rand', 'nishchenko4v@yandex.ru', b'1', 51, 459, '2003-09-05'),
('1787284401', 'Domini', 'Studart', 'obursnell4w@theatlantic.com', b'1', 121, 218, '1998-10-10'),
('1793383780', 'Ignacius', 'Hurring', 'dfall4x@harvard.edu', b'1', 193, 988, '2010-05-26'),
('1806694822', 'Sheelagh', 'Chretien', 'pmechell4y@amazon.com', b'0', 60, 342, '1999-10-18'),
('1808682965', 'Edwin', 'Daskiewicz', 'ahuckerbe4z@hao123.com', b'1', 123, 105, '2010-10-06'),
('1815212013', 'Jo', 'Ortmann', 'cboyfield50@cam.ac.uk', b'0', 134, 209, '1998-01-12'),
('1827870897', 'Benjamin', 'Corpes', 'imessum51@zimbio.com', b'0', 9, 251, '2004-01-04'),
('1845341712', 'Gusti', 'Tufts', 'rbenny52@chron.com', b'0', 204, 699, '2019-04-07'),
('1863933821', 'Jemima', 'Cork', 'ckendred53@fc2.com', b'1', 205, 715, '2017-11-21'),
('1885505344', 'Wilie', 'Wilmott', 'cgalbraith54@wikia.com', b'1', 144, 301, '2008-03-15'),
('1886605985', 'Tobey', 'Easby', 'menric55@reverbnation.com', b'0', 97, 699, '2018-10-15'),
('1898586915', 'Thomasina', 'Fucher', 'ktomaschke56@springer.com', b'0', 117, 52, '2017-01-16'),
('1900057056', 'Idette', 'Hooban', 'ninnett57@plala.or.jp', b'0', 208, 22, '2009-01-17'),
('1900639449', 'Paola', 'Growcock', 'preaney58@mapy.cz', b'1', 88, 34, '2007-03-25'),
('1902278078', 'Gay', 'Goadbie', 'pbaurerich59@hatena.ne.jp', b'1', 149, 772, '1999-12-29'),
('1906062536', 'Kimmi', 'Bairstow', 'bgoodsall5a@yale.edu', b'1', 180, 466, '2005-05-04'),
('1914336027', 'Ginger', 'Tinline', 'rcrumpe5b@discovery.com', b'0', 158, 535, '2000-12-03'),
('1914829143', 'Ruggiero', 'Riddlesden', 'rheninghem5c@archive.org', b'0', 37, 668, '1997-11-01'),
('1929937500', 'Hube', 'Dulling', 'imccombe5d@biblegateway.com', b'0', 24, 180, '2012-02-24'),
('1939115419', 'Kalindi', 'Croston', 'cpitkins5e@adobe.com', b'1', 131, 379, '2014-10-04'),
('1945375423', 'Melicent', 'Sieb', 'mmcmackin5f@slashdot.org', b'1', 179, 869, '2011-12-21'),
('1960816880', 'Prinz', 'Scales', 'dmara5g@scribd.com', b'1', 74, 490, '2007-06-23'),
('1969409259', 'Clovis', 'Stephenson', 'jstaff5h@bluehost.com', b'1', 110, 765, '1999-01-31'),
('1969499844', 'Gaspard', 'Itzchaki', 'omorston5i@uol.com.br', b'0', 237, 194, '2006-07-28'),
('1981686247', 'Lilla', 'Lowe', 'ifley5j@huffingtonpost.com', b'0', 135, 294, '2001-05-19'),
('1992776709', 'Bengt', 'Cropper', 'cgainsburgh5k@barnesandnoble.com', b'1', 156, 534, '2000-10-10'),
('1994522385', 'Zabrina', 'Trayling', 'hbingle5l@paypal.com', b'1', 180, 818, '2003-02-21'),
('1995319222', 'Stavro', 'Chalfain', 'klainton5m@artisteer.com', b'1', 87, 320, '2002-06-07'),
('2009882365', 'Gunter', 'Hendriksen', 'lpollastrone5n@jalbum.net', b'1', 213, 900, '2002-07-19'),
('2022641325', 'Clark', 'Axby', 'ybranford5o@mysql.com', b'0', 175, 396, '1997-06-04'),
('2037097867', 'Jose', 'Jacob', 'chakonsen5p@amazonaws.com', b'1', 50, 710, '2000-09-09'),
('2049216786', 'Aymer', 'Ryam', 'nkernoghan5q@washingtonpost.com', b'0', 188, 452, '2012-11-12'),
('2055931026', 'Syman', 'Gellett', 'bclouston5r@hexun.com', b'0', 146, 815, '2013-11-29'),
('2060204371', 'Vincenz', 'Harlock', 'gbrosenius5s@sciencedirect.com', b'0', 25, 977, '1998-04-05'),
('2065701526', 'Sadie', 'Conquest', 'tollcott5t@meetup.com', b'0', 156, 826, '1999-07-30'),
('2077622746', 'Liam', 'Crumby', 'akarpenko5u@google.com', b'0', 165, 418, '2018-10-15'),
('2080551623', 'Zelda', 'Wilson', 'clum5v@ebay.com', b'1', 74, 481, '2016-02-08'),
('2085843886', 'Viviana', 'Darke', 'tchristley5w@merriam-webster.com', b'1', 21, 608, '2014-09-06'),
('2089540487', 'Iormina', 'Bartalot', 'knicholl5x@live.com', b'1', 88, 530, '2009-12-07'),
('2112818437', 'Nollie', 'Schult', 'smccole5y@ustream.tv', b'0', 239, 606, '2004-03-18'),
('2117515522', 'Dorthy', 'Georghiou', 'dglen5z@google.com.br', b'1', 41, 899, '2005-05-10'),
('2124995295', 'Gisela', 'Tennick', 'fdaunter60@liveinternet.ru', b'1', 108, 675, '2011-06-23'),
('2138971345', 'Kendrick', 'O\'Hannay', 'balesi61@etsy.com', b'0', 45, 823, '1998-07-28'),
('2154281740', 'Garey', 'Camell', 'cganter62@seattletimes.com', b'0', 240, 703, '1998-01-10'),
('2158883803', 'Sapphire', 'Pletts', 'sgoulder63@thetimes.co.uk', b'1', 238, 835, '2004-10-08'),
('2167064628', 'Fanchette', 'Huyton', 'lgiametti64@last.fm', b'0', 170, 512, '2005-02-27'),
('2173305944', 'Scott', 'Cusiter', 'blortzing65@ask.com', b'0', 148, 486, '1997-08-18'),
('2188596308', 'Avie', 'Mounch', 'rgraeser66@usda.gov', b'1', 228, 247, '2007-11-06'),
('2188695472', 'Florentia', 'Gocher', 'ihutchins67@kickstarter.com', b'0', 19, 59, '1998-10-11'),
('2189235182', 'Jourdan', 'Limb', 'byakebowitch68@cnet.com', b'1', 114, 550, '2006-02-12'),
('2198599061', 'Annmarie', 'Del Checolo', 'jellams69@ox.ac.uk', b'0', 194, 8, '2005-05-07'),
('2208192247', 'Joice', 'Koppes', 'iworsley6a@jiathis.com', b'0', 25, 204, '2001-03-04'),
('2243829848', 'Stern', 'Giddy', 'dmerveille6b@pcworld.com', b'1', 151, 307, '1999-02-10'),
('2256312722', 'Kimmie', 'Mableson', 'cosborn6c@foxnews.com', b'0', 20, 302, '2015-12-14'),
('2264889519', 'Sergio', 'Edmund', 'fdorow6d@nba.com', b'1', 23, 935, '2004-09-29'),
('2273310796', 'Thoma', 'Furness', 'vbenedito6e@uol.com.br', b'1', 236, 749, '2001-12-24'),
('2288617450', 'Walther', 'Hambrick', 'csilkstone6f@webeden.co.uk', b'0', 140, 426, '2000-03-29'),
('2288773785', 'Angeli', 'Vernham', 'kdranfield6g@java.com', b'1', 240, 711, '2013-05-24'),
('2294376518', 'Osbert', 'Seger', 'rdunley6h@uol.com.br', b'1', 87, 150, '2016-07-14'),
('2300077022', 'Rosaline', 'Bedlington', 'shabishaw6i@oakley.com', b'1', 182, 462, '1996-09-23'),
('2315587373', 'Trace', 'Colvin', 'bhead6j@istockphoto.com', b'0', 234, 105, '2017-06-09'),
('2334612595', 'Nikolaus', 'Jakaway', 'rsheriff6k@imgur.com', b'0', 226, 460, '2018-12-14'),
('2339164125', 'Jerry', 'Plumbley', 'phammerman6l@walmart.com', b'0', 96, 993, '2016-07-22'),
('2340604802', 'Florentia', 'Standfield', 'mmatschek6m@cnet.com', b'1', 206, 407, '2017-10-01'),
('2342915722', 'Gearard', 'Aronov', 'nmerida6n@vimeo.com', b'0', 80, 149, '2019-01-28'),
('2343272034', 'Eugene', 'Josey', 'lfrossell6o@freewebs.com', b'0', 79, 214, '2019-05-02'),
('2344122930', 'Robbie', 'Peek', 'xmchirrie6p@sakura.ne.jp', b'0', 108, 516, '2008-08-12'),
('2352882681', 'Beniamino', 'Inglese', 'rhindge6q@bloomberg.com', b'1', 227, 875, '2001-12-21'),
('2380791415', 'Carleton', 'Avesque', 'fdaniellot6r@biglobe.ne.jp', b'0', 156, 683, '2002-06-25'),
('2411329587', 'Alex', 'Bage', 'kchipps6s@ihg.com', b'0', 106, 742, '2009-07-31'),
('2434018375', 'Daren', 'Castro', 'lcarberry6t@cam.ac.uk', b'1', 142, 937, '2004-02-20'),
('2450937486', 'Toiboid', 'Ingrey', 'ephilliskirk6u@quantcast.com', b'0', 139, 287, '2014-11-19'),
('2454194938', 'Kerianne', 'Prosser', 'oesposita6v@canalblog.com', b'1', 160, 31, '2010-01-26'),
('2458275921', 'Demetrius', 'Gemeau', 'baizic6w@rambler.ru', b'1', 128, 745, '2008-12-30'),
('2463319571', 'Lisle', 'MacAlpine', 'drupert6x@wunderground.com', b'0', 102, 916, '2014-09-26'),
('2527180325', 'Obidiah', 'Barkes', 'hglassman6y@csmonitor.com', b'0', 206, 788, '2013-07-04'),
('2553214248', 'Jordan', 'Bare', 'mmarriot6z@eventbrite.com', b'1', 233, 639, '2000-04-17'),
('2555216533', 'Franni', 'Sudy', 'mwren70@abc.net.au', b'0', 205, 775, '2017-02-14'),
('2572183117', 'Shawn', 'Donisi', 'cdiche71@creativecommons.org', b'0', 97, 925, '2017-11-13'),
('2572269908', 'Loree', 'Longley', 'mhaulkham72@alibaba.com', b'0', 155, 62, '2001-03-28'),
('2575550666', 'Willa', 'Gockeler', 'ablissett73@techcrunch.com', b'0', 175, 201, '1999-07-11'),
('2581818188', 'Bruis', 'Gehrts', 'bcolleford74@ycombinator.com', b'1', 127, 577, '2013-04-06'),
('2605990555', 'Freddy', 'Prott', 'aangric75@skype.com', b'1', 196, 787, '1997-12-03'),
('2625830555', 'Kenneth', 'Sides', 'hlovitt76@telegraph.co.uk', b'1', 33, 94, '2010-12-01'),
('2627627451', 'Heinrick', 'Poon', 'rmattock77@bravesites.com', b'1', 139, 243, '2002-04-12'),
('2641770520', 'Isabelle', 'Jager', 'ctoghill78@utexas.edu', b'1', 150, 251, '1999-08-21'),
('2649298557', 'Sallee', 'Twiname', 'origgeard79@nsw.gov.au', b'0', 64, 974, '1998-04-07'),
('2650266227', 'Odette', 'Sivil', 'gtupling7a@bigcartel.com', b'1', 168, 98, '2013-07-22'),
('2661500355', 'Berry', 'Innman', 'cdarnell7b@cisco.com', b'0', 195, 348, '1997-02-08'),
('2661805430', 'Bail', 'Louw', 'jtirrell7c@whitehouse.gov', b'1', 8, 868, '2014-10-26'),
('2665405352', 'Stern', 'Stanning', 'wbeecham7d@rediff.com', b'0', 170, 743, '2017-09-10'),
('2667073650', 'Cammie', 'Lacheze', 'pcollomosse7e@goodreads.com', b'1', 185, 226, '2001-07-24'),
('2667481374', 'Lenard', 'Glyssanne', 'raymer7f@godaddy.com', b'0', 93, 798, '2013-06-02'),
('2672299757', 'Bale', 'Sergent', 'ftrenaman7g@tamu.edu', b'1', 98, 241, '2001-09-21'),
('2679120514', 'Donella', 'Hassin', 'ojepperson7h@flickr.com', b'0', 183, 289, '2004-07-22'),
('2680524825', 'Sherri', 'Gosnold', 'mmasic7i@github.io', b'0', 15, 753, '2014-12-12'),
('2694414198', 'Chrissie', 'Abrahart', 'agillise7j@pinterest.com', b'0', 88, 606, '2000-03-27'),
('2695579818', 'Randee', 'Ogan', 'edoorbar7k@dyndns.org', b'1', 56, 780, '2001-09-21'),
('2707825654', 'Vergil', 'Enoksson', 'ebosman7l@dion.ne.jp', b'1', 166, 682, '2002-11-28'),
('2710215373', 'Krisha', 'Kassel', 'cgrisenthwaite7m@eventbrite.com', b'0', 17, 230, '2003-09-18'),
('2723356773', 'Gipsy', 'Vaughan', 'rcowton7n@feedburner.com', b'1', 135, 8, '1998-05-04'),
('2729304355', 'Thalia', 'Chittenden', 'bhuglin7o@cbslocal.com', b'1', 239, 567, '2000-08-07'),
('2739392055', 'Gabriellia', 'Skally', 'esoutherden7p@zdnet.com', b'0', 161, 722, '1998-06-09'),
('2755525095', 'Gibb', 'Egle', 'nmccay7q@elegantthemes.com', b'0', 179, 69, '2016-10-30'),
('2756315420', 'Manda', 'Cancutt', 'cfernandez7r@wiley.com', b'0', 236, 259, '1999-04-19'),
('2785467749', 'Manfred', 'Python', 'dbonner7s@usatoday.com', b'1', 78, 17, '2002-07-24'),
('2795807998', 'Andromache', 'Merrydew', 'slarmouth7t@google.pl', b'0', 98, 698, '2017-03-27'),
('2802487268', 'Theo', 'Galiero', 'slenney7u@bloomberg.com', b'1', 60, 230, '1998-09-19'),
('2802567713', 'Percy', 'Fleisch', 'sskylett7v@elegantthemes.com', b'1', 106, 662, '1999-08-17'),
('2808302242', 'Ilise', 'Kenner', 'cjanas7w@psu.edu', b'1', 19, 318, '2002-02-06'),
('2812077148', 'Osbert', 'Manuel', 'maslet7x@google.cn', b'1', 49, 258, '2003-06-27'),
('2822579612', 'Wanda', 'Stevens', 'estangoe7y@dion.ne.jp', b'1', 21, 753, '2007-12-13'),
('2824341717', 'Ferris', 'Vanyakin', 'vkail7z@intel.com', b'1', 16, 159, '2015-11-22'),
('2828091721', 'Lelah', 'Dawtry', 'dfuggle80@si.edu', b'1', 92, 433, '2007-07-06'),
('2833339965', 'Tiena', 'Scottini', 'rjeanequin81@delicious.com', b'1', 5, 787, '2008-05-30'),
('2833614150', 'Salim', 'Peerman', 'ekahane82@e-recht24.de', b'0', 80, 284, '2012-05-29'),
('2838731972', 'Vladimir', 'Asty', 'cformoy83@networksolutions.com', b'0', 133, 708, '1997-11-08'),
('2847391940', 'Alisa', 'Sabatini', 'zquarless84@bravesites.com', b'1', 39, 492, '2003-09-10'),
('2855749623', 'Claudius', 'Keir', 'ehillatt85@yolasite.com', b'0', 80, 911, '1999-05-26'),
('2857871086', 'Harmonia', 'Strasse', 'mjanosevic86@wix.com', b'0', 108, 161, '2009-09-03'),
('2858205793', 'Brion', 'Alaway', 'yridd87@army.mil', b'1', 58, 633, '2005-07-04'),
('2859645201', 'Isidor', 'Camel', 'seustice88@flickr.com', b'0', 148, 382, '2003-02-02'),
('2865017111', 'Beverlie', 'Franca', 'hhabard89@wsj.com', b'1', 109, 18, '2007-08-16'),
('2886914601', 'Delcine', 'Worwood', 'ggeroldo8a@vinaora.com', b'0', 52, 23, '2009-04-26'),
('2900458840', 'Lonny', 'Hrycek', 'lkoppke8b@ibm.com', b'0', 136, 145, '2019-04-01'),
('2904630323', 'Vinnie', 'Schimek', 'pdevote8c@oaic.gov.au', b'1', 56, 288, '1999-12-05'),
('2915302386', 'Hewitt', 'MacCafferky', 'smeanwell8d@nature.com', b'1', 9, 805, '2003-11-06'),
('2921322992', 'Kary', 'de Villier', 'hstolz8e@nature.com', b'1', 115, 416, '2009-10-13'),
('2934497828', 'Kirstin', 'Pawel', 'bprigg8f@thetimes.co.uk', b'1', 155, 533, '2010-02-28'),
('2936740011', 'Samaria', 'Kubek', 'pmcavey8g@google.it', b'0', 177, 113, '2013-01-19'),
('2948615923', 'Nathan', 'Attoc', 'ckidstone8h@state.tx.us', b'1', 229, 967, '2005-08-20'),
('2954833355', 'Caesar', 'Edelman', 'jties8i@cbslocal.com', b'1', 91, 503, '1997-05-12'),
('2968724555', 'Micheal', 'Walden', 'lbyers8j@who.int', b'0', 56, 630, '2017-11-03'),
('2975557826', 'Jesse', 'Jolley', 'acarmen8k@issuu.com', b'1', 199, 675, '2002-05-15'),
('2983542116', 'Eleanora', 'Demcak', 'aturpey8l@wikispaces.com', b'1', 104, 942, '2006-09-24'),
('2995224927', 'Laurella', 'Sherlock', 'cmurrigans8m@vistaprint.com', b'0', 77, 772, '2016-03-03'),
('2996950260', 'Kellyann', 'Diffley', 'slowmass8n@spotify.com', b'1', 157, 115, '1999-05-18'),
('3003628509', 'Sheffield', 'Swetland', 'dsherbrook8o@ucoz.com', b'0', 76, 727, '2002-02-06'),
('3007237944', 'Lissie', 'Bateson', 'malishoner8p@reuters.com', b'1', 146, 936, '2000-10-01'),
('3022554109', 'Darlleen', 'Trevethan', 'bcessford8q@cbsnews.com', b'1', 144, 730, '2001-11-01'),
('3045803601', 'Demetri', 'Hufton', 'fmckinty8r@ucla.edu', b'0', 123, 907, '2004-04-29'),
('3071798868', 'Che', 'Prangnell', 'lmonnoyer8s@hubpages.com', b'1', 116, 935, '1999-06-24'),
('3084921357', 'Lillis', 'Westmacott', 'hgrimolbie8t@rambler.ru', b'1', 220, 820, '2009-07-18'),
('3087416447', 'Bertrando', 'Mahoney', 'mgalland8u@epa.gov', b'1', 144, 418, '2010-12-12'),
('3097066282', 'Sibley', 'Wreak', 'cpape8v@oracle.com', b'1', 186, 84, '2007-08-23'),
('3101598487', 'Carita', 'Khidr', 'mwhytock8w@biblegateway.com', b'0', 197, 536, '2006-11-02'),
('3109125392', 'Tracie', 'Duigenan', 'gauguste8x@nymag.com', b'0', 21, 576, '2015-02-11'),
('3121137180', 'Alidia', 'Milington', 'tgarahan8y@wp.com', b'1', 178, 111, '2000-01-22'),
('3131894238', 'Salli', 'Deinert', 'ebulger8z@wix.com', b'0', 160, 545, '2008-10-15'),
('3147960135', 'Olympie', 'McCobb', 'mshade90@sina.com.cn', b'1', 9, 567, '2001-10-11'),
('3152145305', 'Rorke', 'Woollends', 'lelstub91@google.es', b'0', 116, 298, '2006-12-21'),
('3156989467', 'Valentine', 'Thecham', 'pbaron92@tripadvisor.com', b'0', 118, 54, '2005-06-25'),
('3157875614', 'Rhett', 'Deegin', 'sdunbleton93@blogger.com', b'0', 42, 568, '2004-04-07'),
('3158037154', 'Mackenzie', 'Davidescu', 'lheifer94@abc.net.au', b'0', 196, 873, '2016-06-30'),
('3158137038', 'Sauveur', 'Santori', 'amcdirmid95@loc.gov', b'0', 214, 383, '2010-07-12'),
('3207544187', 'Candace', 'Chasier', 'skubu96@npr.org', b'1', 167, 873, '2010-10-07'),
('3209114512', 'Forrest', 'L\' Estrange', 'wkippins97@printfriendly.com', b'1', 81, 18, '2006-11-11'),
('3220567508', 'Maryanna', 'Batrim', 'nduckfield98@fastcompany.com', b'1', 47, 489, '2013-10-28'),
('3223641613', 'Georgiana', 'Gonoude', 'sclitheroe99@adobe.com', b'1', 196, 210, '2009-08-08'),
('3226277734', 'Lyndsie', 'Louthe', 'jjephcott9a@walmart.com', b'1', 228, 251, '2015-06-04'),
('3227129614', 'Peggi', 'Guerrazzi', 'ameeke9b@toplist.cz', b'1', 2, 608, '2017-01-13'),
('3229351624', 'Jada', 'Bedberry', 'dlaffranconi9c@seesaa.net', b'1', 46, 217, '1998-02-13'),
('3242367881', 'Haley', 'Cummins', 'emeale9d@opensource.org', b'0', 12, 933, '2002-10-19'),
('3248004624', 'Constantin', 'O\'Dare', 'ckernar9e@webeden.co.uk', b'1', 151, 80, '2000-02-20'),
('3251157952', 'Kamilah', 'Rozalski', 'omckniely9f@hibu.com', b'0', 199, 190, '2018-07-12'),
('3252502631', 'Herta', 'Beardshall', 'rbarthelmes9g@myspace.com', b'0', 5, 227, '2008-04-12'),
('3258607600', 'Suzie', 'Clayhill', 'rfinney9h@ca.gov', b'0', 142, 637, '2016-05-16'),
('3276291315', 'Robinetta', 'Petrelluzzi', 'efabri9i@wordpress.com', b'0', 194, 215, '2005-09-27'),
('3277339521', 'Dannie', 'Radmer', 'gpoolman9j@vimeo.com', b'0', 134, 32, '2014-07-21'),
('3288834063', 'Tabbitha', 'Connerry', 'hinnes9k@merriam-webster.com', b'0', 83, 206, '2016-04-03'),
('3291803557', 'Pete', 'Joubert', 'scordrey9l@bloomberg.com', b'1', 117, 112, '2014-05-21'),
('3323372215', 'Brigida', 'Williamson', 'gstandish9m@usda.gov', b'1', 91, 78, '1998-05-04'),
('3346229892', 'Yancey', 'Antonellini', 'ablann9n@nbcnews.com', b'0', 195, 31, '2011-08-25'),
('3358923152', 'Cecily', 'Coggell', 'gloughrey9o@friendfeed.com', b'0', 118, 62, '1999-06-28'),
('3362742573', 'Bethena', 'Gidley', 'cclemoes9p@free.fr', b'1', 116, 884, '2016-04-10'),
('3364212578', 'Jenifer', 'Brister', 'mbarday9q@scribd.com', b'1', 141, 743, '2011-05-12'),
('3367903729', 'Sayre', 'Cloney', 'etulloch9r@hatena.ne.jp', b'0', 42, 204, '2004-06-19'),
('3370048051', 'Aksel', 'Jowling', 'pmeininking9s@wix.com', b'0', 64, 458, '2002-06-18'),
('3375167609', 'Filippo', 'Creagh', 'hmacconneely9t@artisteer.com', b'0', 222, 275, '2004-02-28'),
('3387208898', 'Aridatha', 'Pleasaunce', 'gcleaver9u@github.io', b'0', 138, 699, '2002-09-03'),
('3405593277', 'Brit', 'Portingale', 'wrobinet9v@jiathis.com', b'0', 10, 633, '2001-06-19'),
('3405847343', 'Batholomew', 'O\'Dee', 'mjickells9w@patch.com', b'0', 152, 234, '2011-08-10'),
('3414399597', 'Hobey', 'Bangley', 'mfairs9x@artisteer.com', b'0', 223, 288, '2000-09-12'),
('3418837895', 'Beret', 'Fortnon', 'gbaudone9y@godaddy.com', b'1', 145, 309, '1997-01-12'),
('3427666640', 'Izaak', 'Shackle', 'cbrixey9z@blogger.com', b'0', 113, 548, '2003-07-18'),
('3443082737', 'Belita', 'Fairbeard', 'cmassiea0@fda.gov', b'1', 38, 813, '2007-02-17'),
('3459072453', 'Curcio', 'State', 'spetrellia1@eventbrite.com', b'1', 224, 201, '2017-11-08'),
('3462971288', 'David', 'Jurek', 'nwauchopea2@mlb.com', b'1', 50, 691, '2015-11-19'),
('3472229329', 'Celinka', 'Houldin', 'ypeetea3@ft.com', b'1', 170, 80, '2015-05-27'),
('3510641550', 'Tamara', 'Wenban', 'wmarlowea4@facebook.com', b'0', 230, 630, '2019-05-29'),
('3527988330', 'Lucio', 'Rany', 'omcdugala5@wikispaces.com', b'0', 71, 970, '2007-11-20'),
('3540842886', 'Ed', 'Crowcher', 'hmackneya6@tripadvisor.com', b'0', 197, 311, '1999-10-09'),
('3549524020', 'Brucie', 'Heyward', 'bshapiroa7@linkedin.com', b'1', 70, 992, '1999-09-08'),
('3552057280', 'Katlin', 'Keesman', 'bzimmermeistera8@squidoo.com', b'0', 42, 337, '2015-08-02'),
('3567186597', 'Keary', 'Jenkison', 'dmcclurea9@cbsnews.com', b'1', 200, 27, '2010-05-22'),
('3569615140', 'Gerri', 'Harses', 'meringeyaa@xrea.com', b'1', 225, 134, '2008-02-02'),
('3570756512', 'Roselle', 'Warsap', 'pbowyerab@friendfeed.com', b'1', 28, 848, '2017-09-29'),
('3574380790', 'Arlyne', 'Grishukhin', 'hkensittac@smh.com.au', b'0', 83, 540, '2012-08-10'),
('3585945832', 'Mercy', 'Forri', 'rfriaryad@slideshare.net', b'0', 162, 771, '1999-02-23'),
('3590939231', 'Zedekiah', 'Dellenbach', 'cgoochae@howstuffworks.com', b'0', 175, 683, '2004-10-05'),
('3593423679', 'Edith', 'Cutchie', 'csawaf@mapquest.com', b'1', 124, 647, '2007-02-03'),
('3593598388', 'Gasper', 'Naismith', 'mvarianag@multiply.com', b'1', 43, 421, '2001-09-08'),
('3615697073', 'Uri', 'Kidston', 'fvatiniah@issuu.com', b'0', 76, 201, '2019-04-19'),
('3635880891', 'Corina', 'Borrett', 'rdorseyai@ovh.net', b'1', 137, 149, '2010-03-31'),
('3678085454', 'Galen', 'Carlino', 'iebunoluwaaj@unicef.org', b'0', 191, 242, '1997-10-11'),
('3682365561', 'Sheela', 'Rentalll', 'klockartak@scientificamerican.com', b'0', 180, 531, '2011-09-16'),
('3685138799', 'Rog', 'Marr', 'cbagbyal@is.gd', b'1', 238, 316, '2004-01-25'),
('3701371145', 'Olva', 'Kobierzycki', 'cjaffreyam@webnode.com', b'0', 102, 66, '2013-12-26'),
('3708608956', 'Mercie', 'Langeren', 'jmurricanesan@soup.io', b'1', 53, 457, '2001-03-05'),
('3714437354', 'Peggy', 'Edgcombe', 'kessebyao@imgur.com', b'1', 73, 811, '2017-07-30'),
('3717098389', 'Anatollo', 'Jacop', 'tmartelloap@rakuten.co.jp', b'1', 181, 731, '1998-06-12'),
('3736002623', 'Elana', 'Calverley', 'dgiacomoniaq@washington.edu', b'0', 211, 803, '2000-01-11'),
('3748002505', 'Carrissa', 'Wainman', 'fgarshorear@latimes.com', b'1', 51, 992, '2004-05-31'),
('3756094376', 'Nat', 'Coveney', 'szannutoas@dion.ne.jp', b'1', 148, 691, '2018-11-26'),
('3757007157', 'Ardisj', 'Brindley', 'fbernardinelliat@microsoft.com', b'0', 49, 23, '2005-12-23'),
('3758692986', 'Jabez', 'Kocher', 'marstallau@whitehouse.gov', b'1', 44, 731, '2008-02-25'),
('3769553601', 'Ericka', 'Blaycock', 'cconninghamav@wisc.edu', b'0', 39, 49, '2005-12-06'),
('3788275281', 'Sharyl', 'Rate', 'mjeppeaw@home.pl', b'0', 186, 579, '2014-09-14'),
('3791966543', 'Nicolas', 'Lafuente', 'bbradlaughax@unesco.org', b'1', 59, 918, '1997-05-09'),
('3794724459', 'Rey', 'Dackombe', 'rmctrustrieay@prnewswire.com', b'1', 81, 100, '2005-01-05'),
('3808893238', 'Winne', 'Follin', 'msandwichaz@timesonline.co.uk', b'1', 62, 276, '2019-08-13'),
('3813091774', 'Zachary', 'St Angel', 'fconaghanb0@usda.gov', b'1', 19, 934, '2003-11-11'),
('3814322928', 'Darla', 'Matterface', 'bmitchellb1@geocities.com', b'1', 28, 1000, '1997-12-30'),
('3816403390', 'Katerina', 'McGibbon', 'eduesberryb2@rambler.ru', b'0', 57, 985, '1997-01-30'),
('3819119335', 'Bobby', 'Hillett', 'ghenzeb3@wordpress.com', b'0', 101, 8, '2013-07-16'),
('3822239997', 'Perla', 'Middell', 'ngooleyb4@mtv.com', b'1', 87, 892, '2010-06-21'),
('3848537204', 'Daisy', 'Axtell', 'oclutheramb5@mit.edu', b'0', 229, 832, '2001-02-08'),
('3855485818', 'Leilah', 'Krolik', 'aolivab6@oracle.com', b'1', 21, 622, '1997-02-22'),
('3856971464', 'Gusta', 'Yerson', 'doshevlanb7@tuttocitta.it', b'1', 123, 303, '2019-02-04'),
('3866285577', 'Julie', 'Dearnaly', 'ncarasb8@bbb.org', b'1', 21, 994, '2014-12-27'),
('3870907935', 'Richy', 'Tillyer', 'mhuikerbyb9@cdbaby.com', b'0', 200, 797, '2009-08-02'),
('3871269492', 'Tani', 'MacCulloch', 'abirchenheadba@foxnews.com', b'0', 92, 338, '2000-10-15'),
('3881334828', 'Twyla', 'Laundon', 'mcavilbb@weibo.com', b'1', 67, 613, '2009-03-27'),
('3884002918', 'Brandais', 'Trude', 'bmcbrierbc@nymag.com', b'0', 235, 810, '2007-12-01'),
('3899730818', 'Carl', 'Dyers', 'pemmbd@microsoft.com', b'1', 115, 70, '2012-10-11'),
('3911413429', 'Baily', 'Hutley', 'mmckerleybe@rediff.com', b'1', 227, 147, '2017-06-20'),
('3912842903', 'Boniface', 'Stares', 'mwarmanbf@virginia.edu', b'1', 26, 970, '2019-07-21'),
('3949000295', 'Shawna', 'Santry', 'hnewlingbg@icq.com', b'1', 200, 487, '2002-04-27'),
('3978025818', 'Moira', 'Tawn', 'ggullandbh@acquirethisname.com', b'0', 180, 395, '2001-03-30'),
('3982319518', 'Sophia', 'Gives', 'ilaskeybi@nps.gov', b'1', 125, 667, '2015-01-15'),
('3989919585', 'Christoph', 'Bennington', 'mallwoodbj@cmu.edu', b'0', 128, 719, '2001-03-30'),
('3994654466', 'Mick', 'Coughan', 'kinderwickbk@mozilla.org', b'1', 174, 659, '2018-02-17'),
('3995263456', 'Bartie', 'Faragher', 'fwilmingtonbl@sakura.ne.jp', b'0', 159, 60, '2003-03-23'),
('3999420460', 'Ellie', 'Clawson', 'demlenbm@jugem.jp', b'0', 90, 220, '2006-01-10'),
('3999997309', 'Tull', 'Capper', 'htakkosbn@chicagotribune.com', b'0', 126, 349, '2009-09-06'),
('4014711960', 'Reina', 'Neil', 'aocklandbo@dagondesign.com', b'1', 228, 76, '1998-09-29'),
('4019924082', 'Mandi', 'Gerardin', 'mgaitungbp@jigsy.com', b'1', 150, 35, '2000-01-11'),
('4022823168', 'Mohandis', 'Mickan', 'dcermanbq@nature.com', b'1', 149, 249, '2005-12-28'),
('4030027900', 'Nannette', 'Ryan', 'tfitchewbr@globo.com', b'1', 89, 586, '2003-01-10'),
('4042074883', 'Colin', 'Shepherdson', 'gmcramseybs@state.tx.us', b'0', 106, 466, '2015-09-15'),
('4054452775', 'Konstantin', 'Stolle', 'codooghainebt@mediafire.com', b'1', 8, 523, '2008-07-24'),
('4062121108', 'Samaria', 'Worlock', 'dduinbletonbu@163.com', b'0', 63, 588, '2003-01-19'),
('4071191613', 'Dosi', 'Gunstone', 'lhugillbv@blogspot.com', b'0', 135, 536, '2005-02-14'),
('4075519564', 'Berky', 'Mapes', 'ksallengerbw@bloglines.com', b'1', 30, 325, '2004-10-08'),
('4076319978', 'Tedie', 'Buggs', 'igierardibx@arstechnica.com', b'0', 161, 780, '2016-02-17'),
('4080655965', 'Sheri', 'Jeannot', 'chabertby@dagondesign.com', b'1', 155, 439, '2010-03-10'),
('4095519293', 'Hale', 'McKeller', 'aeasterfieldbz@furl.net', b'1', 113, 21, '1999-02-17'),
('4108175323', 'Linoel', 'Odgaard', 'frymerc0@cyberchimps.com', b'0', 116, 245, '2008-05-16'),
('4118438026', 'Melinda', 'Passe', 'vbickerc1@de.vu', b'1', 24, 768, '2017-12-27'),
('4165116707', 'Ignace', 'Howels', 'dbrandsenc2@google.co.jp', b'0', 113, 782, '2007-12-04'),
('4171570797', 'Belvia', 'Le Noir', 'wratleyc3@arizona.edu', b'0', 134, 402, '2009-03-14'),
('4176313217', 'Ethelyn', 'Calendar', 'aheaslipc4@paginegialle.it', b'0', 53, 490, '2005-11-18'),
('4178476793', 'Rhianna', 'Kurtis', 'cchaperlingc5@cnbc.com', b'0', 220, 802, '2007-06-15'),
('4195462846', 'Arie', 'Fewtrell', 'cciccic6@jiathis.com', b'0', 236, 649, '2014-01-06'),
('4216534205', 'Erna', 'Faulks', 'lmationc7@bbb.org', b'0', 110, 472, '2007-08-27'),
('4217880535', 'Lindi', 'Thal', 'cszubertc8@de.vu', b'1', 203, 163, '2002-06-20'),
('4228641227', 'Orella', 'Fenty', 'mgatelyc9@wsj.com', b'1', 126, 889, '2006-05-27'),
('4230281708', 'Bernita', 'Grisley', 'lhuegettca@163.com', b'1', 107, 429, '2014-06-06'),
('4236893963', 'Darnell', 'Budget', 'adrissellcb@symantec.com', b'1', 76, 718, '2013-09-06'),
('4238278909', 'Jdavie', 'Sime', 'sscarmancc@ask.com', b'0', 82, 52, '2017-05-25'),
('4240026360', 'Alanna', 'Ornells', 'alembrickcd@chronoengine.com', b'1', 150, 758, '2002-09-14'),
('4248039127', 'Anissa', 'Mycroft', 'tjosuweitce@dagondesign.com', b'0', 216, 475, '1997-06-11'),
('4256890503', 'Olia', 'Scothern', 'lcoultouscf@ovh.net', b'0', 192, 869, '2004-07-09'),
('4263100925', 'Jermaine', 'Corcoran', 'lbuffeycg@edublogs.org', b'0', 182, 173, '1997-03-14'),
('4266627052', 'Adelice', 'Isakowicz', 'afairbairnch@guardian.co.uk', b'1', 138, 417, '1999-09-28'),
('4270763764', 'Joni', 'Natte', 'ddelahuntyci@fotki.com', b'0', 229, 527, '2013-05-26'),
('4272345521', 'Orel', 'Adnett', 'atongcj@imgur.com', b'1', 8, 201, '2017-12-07'),
('4282462131', 'Ivan', 'Endrighi', 'cpichefordck@plala.or.jp', b'0', 122, 932, '2002-05-10'),
('4289389855', 'Jehu', 'Kersey', 'vkynmancl@twitpic.com', b'0', 153, 12, '2009-01-13'),
('4307197273', 'Kylen', 'Dunthorn', 'zsandaycm@ameblo.jp', b'0', 89, 318, '2006-01-10'),
('4315954345', 'Chico', 'Karys', 'doggcn@hhs.gov', b'1', 179, 428, '2007-01-25'),
('4346694432', 'Hildagard', 'Leeder', 'xreapco@ox.ac.uk', b'1', 84, 485, '2010-03-24'),
('4352342411', 'Alexi', 'Unsworth', 'agarrettcp@devhub.com', b'1', 170, 665, '1997-11-20'),
('4380171547', 'Lela', 'Agett', 'ggreenwaycq@de.vu', b'0', 83, 254, '2007-09-22'),
('4382708546', 'Roth', 'Fradgley', 'kbolenscr@globo.com', b'1', 65, 619, '2006-03-20'),
('4382817535', 'Raimund', 'Girtin', 'bgulleycs@mac.com', b'1', 28, 409, '2010-11-13'),
('4410640758', 'Boycey', 'Death', 'wrumseyct@baidu.com', b'1', 203, 310, '1998-03-09'),
('4416429450', 'Lauretta', 'Bilbrey', 'kgluyascu@deliciousdays.com', b'1', 163, 688, '2000-06-12'),
('4419841715', 'Blanca', 'Silverton', 'gbourcv@intel.com', b'1', 187, 15, '2018-06-10'),
('4423037010', 'Hertha', 'Malter', 'phitzmanncw@smugmug.com', b'1', 183, 571, '2006-01-18'),
('4425110938', 'Ardra', 'Molson', 'ljakucewiczcx@homestead.com', b'0', 178, 492, '2018-08-10'),
('4426120217', 'Hildagard', 'Rustedge', 'mnyecy@oakley.com', b'0', 127, 992, '2003-10-07'),
('4436312876', 'Donny', 'Putterill', 'smanuellocz@naver.com', b'1', 58, 208, '2005-06-30'),
('4480954591', 'Darryl', 'Ganforth', 'mferd0@1688.com', b'1', 38, 660, '1997-02-06'),
('4481855494', 'Grazia', 'Cars', 'jstubbind1@opera.com', b'0', 217, 717, '2004-12-29'),
('4500506674', 'Justis', 'Thieme', 'gchessond2@reference.com', b'0', 176, 361, '2004-09-06'),
('4501433284', 'Ofella', 'Roake', 'cramalhod3@engadget.com', b'0', 126, 833, '2007-07-05'),
('4512105044', 'Jayme', 'Pollok', 'fstenetd4@networksolutions.com', b'1', 235, 333, '2010-06-01'),
('4517929320', 'Marrilee', 'Deners', 'woolahand5@independent.co.uk', b'1', 93, 847, '2002-06-13'),
('4537197471', 'Trixie', 'Morsey', 'npurchalld6@cloudflare.com', b'0', 78, 800, '2013-11-09'),
('4545093486', 'Francyne', 'Tenant', 'zshrimplingd7@deliciousdays.com', b'0', 133, 941, '2014-09-02'),
('4555889243', 'Tyson', 'Benaine', 'yriced8@godaddy.com', b'0', 8, 461, '2016-11-06'),
('4560703234', 'Davin', 'Seak', 'bmazzeyd9@fda.gov', b'0', 233, 283, '2016-05-28'),
('4563985652', 'Gina', 'Zaczek', 'cshallcrossda@reddit.com', b'0', 100, 85, '2010-06-03'),
('4580990110', 'Analiese', 'Menchenton', 'kmcdonnelldb@amazonaws.com', b'1', 186, 761, '2013-05-21'),
('4593295041', 'Brandtr', 'Dietz', 'fcraftdc@eepurl.com', b'1', 14, 642, '2014-04-07'),
('4597199360', 'Lizzie', 'Treasure', 'rportedd@shinystat.com', b'1', 146, 724, '2005-06-17'),
('4607500403', 'Siffre', 'Kobsch', 'bcaldecotde@spotify.com', b'0', 163, 260, '1999-08-11'),
('4620775978', 'Noemi', 'Philippard', 'ohatliffdf@nba.com', b'1', 50, 910, '2010-08-15'),
('4627353113', 'Angelica', 'Gerren', 'jbrownliedg@mashable.com', b'1', 82, 380, '2009-09-19'),
('4628159567', 'Ced', 'Elias', 'ocroucherdh@army.mil', b'0', 124, 5, '2008-09-25'),
('4638058761', 'Claudianus', 'Simonou', 'ebuggdi@dailymail.co.uk', b'1', 204, 187, '2006-01-05'),
('4656108126', 'Melisa', 'Kitchenside', 'jdesortsdj@nyu.edu', b'1', 174, 5, '2006-11-18'),
('4658553968', 'Penelope', 'Filmer', 'rritellidk@goodreads.com', b'0', 118, 291, '2004-11-25'),
('4665002614', 'Katharyn', 'Corss', 'wbleimandl@ox.ac.uk', b'0', 87, 863, '2000-06-23'),
('4665378921', 'Sibylle', 'Reymers', 'dkeavedm@indiegogo.com', b'0', 190, 765, '1998-11-08'),
('4668578563', 'Bert', 'Caneo', 'lcopsondn@1und1.de', b'0', 155, 942, '2005-07-28'),
('4709203535', 'Gabriele', 'Dowson', 'cpreecedo@msu.edu', b'0', 184, 78, '2006-04-13'),
('4711673624', 'Glen', 'Barnsley', 'ezappeldp@examiner.com', b'1', 71, 834, '2000-11-11'),
('4712059677', 'Ryann', 'Barrington', 'cdanielutdq@bloomberg.com', b'0', 194, 251, '2009-06-05'),
('4714283630', 'Orella', 'Kneller', 'adalgettydr@oakley.com', b'1', 87, 152, '2004-09-08'),
('4720741911', 'Quent', 'Striker', 'emurdieds@icio.us', b'1', 213, 202, '2013-05-30'),
('4728472002', 'Rozalie', 'Hammett', 'swhybornedt@walmart.com', b'0', 65, 363, '2011-07-14'),
('4760875537', 'Tressa', 'Britzius', 'slongdondu@cnbc.com', b'0', 37, 587, '2011-03-16'),
('4769804291', 'Teodoro', 'Ewens', 'ocrosendv@forbes.com', b'0', 173, 309, '1998-02-11'),
('4793997697', 'Gustave', 'Shankland', 'btonerdw@yelp.com', b'0', 240, 185, '2006-02-04'),
('4795436989', 'Roberta', 'Legging', 'welpheedx@angelfire.com', b'0', 32, 399, '1997-12-16'),
('4860086740', 'Luther', 'Bertolaccini', 'kwildingdy@ycombinator.com', b'0', 10, 715, '1999-03-12'),
('4868756228', 'Elsie', 'Brogini', 'kbrosedz@youtu.be', b'1', 79, 701, '2001-06-27'),
('4874403169', 'Arlene', 'Vasyutochkin', 'rjoslinge0@webnode.com', b'1', 192, 877, '2005-02-26'),
('4912991717', 'Heall', 'Haeslier', 'bmulvihille1@smh.com.au', b'1', 202, 331, '2017-09-22'),
('4916582054', 'Binky', 'Kearford', 'jlaine2@wordpress.com', b'0', 96, 466, '2005-12-31'),
('4924921201', 'Mano', 'Eccles', 'ushallcrasse3@cloudflare.com', b'0', 132, 931, '2016-04-10'),
('4937729281', 'Rania', 'Errigo', 'jwesthofere4@dropbox.com', b'0', 35, 119, '2000-07-15'),
('4942148213', 'Frasco', 'Espadate', 'pconneelye5@twitpic.com', b'1', 25, 155, '2014-01-21'),
('4954772533', 'Errick', 'McIlmurray', 'gkeepinge6@gravatar.com', b'1', 240, 157, '2001-04-29'),
('4981567288', 'Barris', 'Keeri', 'kenstone7@w3.org', b'0', 47, 750, '2007-09-18'),
('4985165241', 'Gasparo', 'Minot', 'ltollee8@tripod.com', b'0', 43, 976, '2014-01-18'),
('5005157676', 'Janeczka', 'Hexum', 'gbouttelle9@mapquest.com', b'1', 200, 718, '2006-05-27'),
('5010779007', 'Leeann', 'O\'Hanley', 'mmcguckinea@statcounter.com', b'0', 166, 20, '2005-02-28'),
('5012248060', 'Stephannie', 'Hayth', 'tpalombieb@ihg.com', b'1', 128, 412, '2016-01-22'),
('5013670695', 'Zared', 'Dawidowitsch', 'aavenec@instagram.com', b'1', 32, 556, '2010-04-02'),
('5016492036', 'Baxie', 'Vasilyevski', 'claxed@cbc.ca', b'1', 42, 79, '2004-10-12'),
('5023940120', 'Cobbie', 'Woodrup', 'ajacobssonee@shareasale.com', b'1', 238, 644, '2015-03-31'),
('5024273637', 'Nathaniel', 'Lannon', 'cmargaretef@w3.org', b'0', 161, 762, '1998-06-23'),
('5035651833', 'Albina', 'Cottrell', 'slagdeeg@miitbeian.gov.cn', b'1', 55, 503, '2011-03-07'),
('5039108760', 'Barnie', 'Lillie', 'mdenziloeeh@dedecms.com', b'0', 15, 956, '2014-08-27'),
('5055936151', 'Kelvin', 'Errey', 'csoffeei@163.com', b'0', 24, 522, '2007-05-08'),
('5056811014', 'Georgette', 'Shalcras', 'alathleiffej@so-net.ne.jp', b'1', 89, 175, '2010-10-21'),
('5058561226', 'Zorana', 'Trenaman', 'lsawerek@com.com', b'1', 94, 549, '2003-02-03'),
('5088653992', 'Brandise', 'Gabriely', 'rastletel@state.tx.us', b'1', 125, 201, '2008-07-29'),
('5102521928', 'Kris', 'Trimmell', 'hplaideem@geocities.jp', b'1', 182, 593, '2012-01-26'),
('5107932326', 'Mayor', 'Crisp', 'nmicklemen@ucoz.com', b'0', 212, 786, '2017-09-28'),
('5134938562', 'Nero', 'Crass', 'jrevilleeo@e-recht24.de', b'0', 53, 927, '2016-01-09'),
('5136737863', 'Tricia', 'Boakes', 'fbattailleep@jugem.jp', b'1', 155, 46, '2005-05-11'),
('5140554857', 'Ashley', 'Baddeley', 'amapseq@infoseek.co.jp', b'0', 232, 142, '2013-01-04'),
('5159814620', 'Candis', 'Fairholm', 'gheasemaner@mozilla.com', b'0', 135, 197, '2007-11-20'),
('5173472176', 'Christye', 'Jeffries', 'mfateleyes@hao123.com', b'1', 196, 414, '2012-09-17'),
('5221102025', 'Wadsworth', 'Aspinall', 'irapaet@arstechnica.com', b'0', 46, 579, '2017-01-04'),
('5221858214', 'Derek', 'Feyer', 'dewleseu@cyberchimps.com', b'0', 159, 138, '2011-02-17'),
('5228932596', 'Camel', 'Veronique', 'tgumbleyev@goodreads.com', b'1', 188, 126, '2013-12-24'),
('5229174569', 'Cheri', 'Stansfield', 'kbartalettiew@google.it', b'0', 170, 78, '2016-07-16'),
('5244555830', 'Raimundo', 'Lilliman', 'aeilerex@marketwatch.com', b'1', 233, 58, '2014-11-02'),
('5250161224', 'Valli', 'Stearn', 'amosleyey@tiny.cc', b'1', 103, 131, '2003-06-28'),
('5251854510', 'Darbee', 'Rann', 'khenriquetez@pbs.org', b'1', 90, 221, '2000-01-13'),
('5257237320', 'Clem', 'Angeli', 'ckebbellf0@discuz.net', b'0', 117, 408, '1998-01-21'),
('5267484847', 'Raff', 'Prior', 'tdheninf1@npr.org', b'1', 96, 731, '2010-05-24'),
('5286235243', 'Harlen', 'Wareham', 'kmemoryf2@thetimes.co.uk', b'1', 220, 463, '1997-12-28'),
('5294850304', 'Arlana', 'Magwood', 'ssavegef3@cloudflare.com', b'0', 41, 764, '2002-05-23'),
('5296056596', 'Rocky', 'Caccavella', 'rbreslauf4@163.com', b'0', 17, 208, '2004-06-22'),
('5309969468', 'Durant', 'Gameson', 'ckleslf5@wikia.com', b'1', 126, 631, '2011-12-29'),
('5313585695', 'Tersina', 'Humbee', 'fpetraschf6@who.int', b'0', 31, 443, '2013-10-21'),
('5321882738', 'Rufe', 'Thicking', 'cechalief7@hexun.com', b'1', 188, 818, '2000-05-04'),
('5326584599', 'Kin', 'Mundell', 'efernihoughf8@yale.edu', b'1', 6, 98, '2017-03-16'),
('5344351853', 'Sydelle', 'Epsly', 'fhyndsonf9@discuz.net', b'0', 95, 241, '2016-06-23'),
('5362606859', 'Christal', 'Davidy', 'aarraultfa@state.tx.us', b'1', 131, 854, '2000-06-16');
INSERT INTO `persona` (`PersonaCodigo`, `PersonaNombre`, `PersonaApellido`, `PersonaCorreo`, `PersonaSexo`, `PersonaPais`, `PersonaAutenticacion`, `PersonaFechaNacimiento`) VALUES
('5374486113', 'Micky', 'Lamplough', 'pbeazeyfb@photobucket.com', b'0', 33, 284, '1999-07-22'),
('5386569497', 'Alvera', 'Hazlegrove', 'fbedinfc@slashdot.org', b'0', 39, 218, '2003-03-30'),
('5392485599', 'Randee', 'Capinetti', 'mdemitrifd@ovh.net', b'1', 122, 697, '2008-06-13'),
('5395118671', 'Kial', 'Broddle', 'mschoenfischfe@sitemeter.com', b'1', 145, 620, '2014-09-25'),
('5397583144', 'Preston', 'Prescote', 'fkernerff@quantcast.com', b'0', 9, 681, '2008-11-14'),
('5399929080', 'Vincenz', 'Goomes', 'wwinyardfg@amazon.co.jp', b'1', 65, 166, '2015-07-28'),
('5418219470', 'Pearline', 'Troutbeck', 'gdysertfh@nationalgeographic.com', b'0', 4, 274, '2004-10-03'),
('5423043138', 'Herta', 'Black', 'rhelbeckfi@smugmug.com', b'0', 56, 571, '2013-12-24'),
('5423888656', 'Dorelle', 'Cuzen', 'thatlifffj@webnode.com', b'1', 17, 268, '1999-01-16'),
('5426640234', 'Sheppard', 'Bagby', 'ppuzeyfk@qq.com', b'1', 15, 447, '2001-05-30'),
('5438726864', 'Kiley', 'Meaddowcroft', 'crushworthfl@livejournal.com', b'0', 13, 492, '2011-08-20'),
('5459533155', 'Issiah', 'Costock', 'waggusfm@about.me', b'1', 233, 851, '2019-02-18'),
('5465572178', 'Ilario', 'Wilfinger', 'ebraundfn@cisco.com', b'1', 211, 61, '2002-03-06'),
('5481370988', 'Carroll', 'Acland', 'smardlingfo@mac.com', b'1', 221, 383, '2008-04-14'),
('5487831063', 'Kristoffer', 'Buddles', 'ajakubovitchfp@who.int', b'0', 93, 717, '1998-06-13'),
('5510556575', 'Johnathan', 'Kirrens', 'pgoldsonfq@unesco.org', b'0', 165, 238, '1997-11-22'),
('5515909447', 'Adriaens', 'Cowe', 'hclinkfr@ebay.com', b'0', 85, 477, '2011-12-17'),
('5522593029', 'Rubetta', 'Shekle', 'ggergelyfs@jimdo.com', b'0', 189, 473, '2005-12-15'),
('5543380636', 'Daffie', 'Mewe', 'gfairyft@trellian.com', b'1', 222, 120, '2017-10-18'),
('5546273891', 'Sharity', 'Woller', 'mbushnellfu@rambler.ru', b'1', 81, 510, '2014-08-31'),
('5564840440', 'Moore', 'Bodiam', 'dhaugerfv@nhs.uk', b'0', 124, 253, '2016-12-15'),
('5575910041', 'Tanitansy', 'Leyrroyd', 'dmcanellyefw@altervista.org', b'0', 167, 101, '2017-07-25'),
('5580288957', 'Carce', 'Paxman', 'hcraykfx@yandex.ru', b'0', 62, 909, '2016-06-06'),
('5610340017', 'Rhonda', 'Delahunty', 'cfransonify@telegraph.co.uk', b'1', 194, 253, '2009-06-18'),
('5627639708', 'Ariela', 'Mackneis', 'kmurcottfz@apache.org', b'1', 116, 276, '2003-04-12'),
('5634911575', 'Gan', 'Adanez', 'afarnillg0@dion.ne.jp', b'0', 77, 145, '2006-11-24'),
('5655469833', 'Charmaine', 'Larmour', 'dburgoineg1@macromedia.com', b'0', 84, 65, '2006-07-09'),
('5658075811', 'Constancy', 'Burrell', 'klansdaleg2@newyorker.com', b'0', 41, 640, '2016-12-08'),
('5686831938', 'Kendre', 'Spiteri', 'boolahang3@arstechnica.com', b'0', 19, 268, '2015-10-13'),
('5695275038', 'Alexa', 'Manuello', 'gpennycookg4@list-manage.com', b'0', 182, 806, '1998-04-21'),
('5696555356', 'Corinne', 'Stockney', 'cdenzeyg5@about.com', b'1', 169, 782, '2001-04-07'),
('5702850408', 'Buddie', 'Camelin', 'mwickmanng6@ow.ly', b'1', 123, 651, '1998-08-14'),
('5721125936', 'Brian', 'Tothacot', 'tlowryg7@example.com', b'0', 238, 962, '2006-12-15'),
('5726393114', 'Arluene', 'Portlock', 'kpawelg8@usa.gov', b'1', 5, 656, '2001-12-05'),
('5755498717', 'Viviyan', 'Berzen', 'mplesterg9@unc.edu', b'0', 19, 158, '2010-05-21'),
('5760641455', 'Nikaniki', 'Burcher', 'dgardenerga@domainmarket.com', b'0', 86, 526, '1999-11-30'),
('5779977643', 'Louis', 'Sasser', 'gasquithgb@princeton.edu', b'0', 221, 845, '1996-12-25'),
('5787556620', 'Alexei', 'Restorick', 'stemplargc@wisc.edu', b'1', 147, 196, '2010-04-03'),
('5801416066', 'Winslow', 'Doick', 'stomovicgd@delicious.com', b'1', 60, 137, '2015-10-09'),
('5817275425', 'Bekki', 'Archell', 'dbirckmannge@examiner.com', b'0', 95, 76, '2002-01-18'),
('5820564391', 'Aprilette', 'Leggate', 'cpollingtongf@gnu.org', b'0', 153, 359, '1999-05-20'),
('5841054868', 'Charlie', 'Rounding', 'tstachinigg@webeden.co.uk', b'1', 107, 793, '2017-04-04'),
('5850070042', 'Quincey', 'Philpotts', 'bberthgh@wikipedia.org', b'1', 172, 108, '1996-12-12'),
('5853238071', 'Jephthah', 'Whitsey', 'aellissengi@globo.com', b'0', 40, 51, '2000-06-08'),
('5861251729', 'Dedra', 'Wyer', 'nlingwoodgj@yolasite.com', b'0', 146, 372, '1997-04-28'),
('5868160300', 'Tuck', 'Bannester', 'crichtergk@tamu.edu', b'1', 200, 95, '1998-08-24'),
('5881336978', 'Norma', 'Rickards', 'dhoolaghangl@blogs.com', b'1', 13, 320, '2000-03-19'),
('5925176681', 'Kinna', 'O\'Rowane', 'cklouzgm@noaa.gov', b'0', 36, 781, '2008-09-25'),
('5943915569', 'Rosy', 'Rodliff', 'ielgramgn@squarespace.com', b'0', 134, 663, '2001-03-04'),
('5947150224', 'Murvyn', 'Clementi', 'afarransgo@baidu.com', b'0', 207, 667, '2006-08-14'),
('5976800287', 'Bernhard', 'Bode', 'mjacobovitzgp@prlog.org', b'1', 50, 271, '1999-02-18'),
('5984018384', 'Killy', 'Smalley', 'bmaylinggq@nature.com', b'0', 97, 56, '2015-02-22'),
('5986223369', 'Callida', 'Huncoot', 'wdukesburygr@netlog.com', b'1', 196, 474, '1999-06-05'),
('6004660609', 'Vale', 'Farny', 'fgathercolegs@bloomberg.com', b'1', 238, 853, '2006-06-14'),
('6007105176', 'Saraann', 'Tapenden', 'mearlegt@cbsnews.com', b'1', 64, 742, '1998-02-18'),
('6028667326', 'Tani', 'Edinburgh', 'acellonegu@seattletimes.com', b'1', 22, 322, '2004-06-15'),
('6028806757', 'Aimil', 'Izatson', 'lbaressgv@squidoo.com', b'0', 170, 510, '2006-05-08'),
('6042274119', 'Nance', 'Gainsbury', 'jfouchergw@state.gov', b'0', 108, 21, '2018-09-25'),
('6045413516', 'Fraze', 'Trahair', 'cjollimangx@163.com', b'0', 217, 782, '2004-06-05'),
('6084573455', 'Donella', 'Collecott', 'hjonesgy@domainmarket.com', b'1', 44, 191, '2005-01-22'),
('6088410579', 'Alexandros', 'Peaurt', 'pscneidergz@alibaba.com', b'1', 81, 964, '2008-08-08'),
('6104312099', 'Susan', 'Jeremiah', 'lmcevoyh0@lulu.com', b'0', 150, 665, '2011-08-17'),
('6117589237', 'Chris', 'Figures', 'sbuntenh1@cmu.edu', b'1', 161, 832, '2012-11-30'),
('6121338465', 'Raleigh', 'Elliff', 'afleetwoodh2@japanpost.jp', b'0', 112, 885, '2007-05-04'),
('6131643633', 'Amalie', 'Valance', 'bchrestienh3@cargocollective.com', b'0', 29, 60, '2004-10-17'),
('6132372423', 'Julianne', 'Vasilchenko', 'rdiggh4@ovh.net', b'1', 93, 458, '2010-08-15'),
('6141855352', 'Becka', 'McLoughlin', 'fearpeh5@amazon.co.uk', b'1', 105, 333, '2006-05-25'),
('6162717284', 'Jordon', 'Veivers', 'ladeneth6@lycos.com', b'0', 207, 964, '2001-10-26'),
('6168532454', 'Ebba', 'Chataignier', 'kgreweh7@ebay.co.uk', b'0', 65, 552, '1998-11-04'),
('6168933311', 'Seumas', 'McNab', 'astradlingh8@skype.com', b'0', 214, 768, '2017-08-22'),
('6186270687', 'Corny', 'Lantaff', 'tmcbradyh9@harvard.edu', b'1', 239, 257, '2018-03-10'),
('6186733532', 'Geralda', 'Kettlestringes', 'egallymoreha@gizmodo.com', b'0', 127, 465, '2008-01-14'),
('6204331029', 'Joelie', 'Rockwell', 'rjosipovitzhb@wsj.com', b'1', 73, 208, '2004-03-03'),
('6215289088', 'Morly', 'Priestley', 'bbassonhc@dion.ne.jp', b'0', 148, 624, '1996-09-13'),
('6218628826', 'Benedict', 'Orrah', 'dalderwickhd@soup.io', b'1', 215, 524, '2005-11-12'),
('6228426392', 'Kanya', 'Philipart', 'nmatthessenhe@house.gov', b'1', 114, 801, '2004-01-16'),
('6241827908', 'Rich', 'Heggman', 'ctwiddlehf@ted.com', b'0', 161, 332, '2008-06-29'),
('6253952946', 'Lucio', 'Glazyer', 'bmacshirriehg@usnews.com', b'0', 145, 88, '2011-01-06'),
('6257862806', 'Lowe', 'Fedynski', 'tnibleyhh@altervista.org', b'1', 158, 166, '2012-09-23'),
('6267825235', 'George', 'Escot', 'kjoontjeshi@answers.com', b'1', 13, 852, '1999-10-14'),
('6274591413', 'Danette', 'Nuzzi', 'mlabarrehj@istockphoto.com', b'1', 149, 725, '1999-01-10'),
('6274973892', 'Erv', 'Heazel', 'zoloshinhk@nature.com', b'0', 37, 822, '2000-06-29'),
('6286961089', 'Vanya', 'Merrigans', 'clindhl@g.co', b'0', 109, 299, '2011-01-19'),
('6290511097', 'Nancee', 'Krabbe', 'olehuquethm@sohu.com', b'0', 239, 363, '2015-03-12'),
('6290693224', 'Moise', 'McDavitt', 'gspriggshn@bloglovin.com', b'1', 72, 977, '2005-09-01'),
('6295365658', 'Marylinda', 'Fairrie', 'pferrandezho@taobao.com', b'0', 202, 135, '2018-12-05'),
('6327793270', 'Gib', 'Goshawk', 'abeaumenthp@cbc.ca', b'0', 64, 392, '2004-08-14'),
('6328392144', 'Grayce', 'Pocknoll', 'cseillerhq@ebay.com', b'0', 74, 167, '2013-01-20'),
('6329106409', 'Neil', 'Elen', 'dstotherhr@aol.com', b'1', 206, 885, '2018-09-10'),
('6370737230', 'Georgetta', 'Dufour', 'kgilmourhs@wikispaces.com', b'0', 42, 39, '1997-07-24'),
('6376708014', 'Guglielmo', 'Leadstone', 'srandellht@plala.or.jp', b'1', 65, 18, '2017-03-11'),
('6377255861', 'Prissie', 'Carling', 'lsowerbuttshu@blogspot.com', b'0', 33, 350, '1998-02-14'),
('6408250943', 'Rickert', 'Cawthry', 'pcoalburnhv@alexa.com', b'0', 150, 38, '2005-12-16'),
('6412091267', 'Adelice', 'Yu', 'sutridgehw@cornell.edu', b'1', 234, 615, '2000-03-04'),
('6413342392', 'Tommi', 'Clayworth', 'jbreckellhx@163.com', b'1', 147, 718, '2010-04-03'),
('6417136568', 'Remington', 'Murgatroyd', 'udevanneyhy@goo.ne.jp', b'0', 163, 778, '2007-07-06'),
('6420387508', 'Joshua', 'Lumox', 'dsnelgarhz@about.me', b'1', 80, 624, '1998-05-21'),
('6431881175', 'Lina', 'Bennet', 'smaceuri0@tuttocitta.it', b'0', 238, 582, '2003-01-13'),
('6436130620', 'Shanna', 'Workman', 'dpeacei1@istockphoto.com', b'0', 116, 104, '2016-08-04'),
('6439532382', 'Lawton', 'Angier', 'asapsedi2@amazon.com', b'0', 45, 381, '2010-06-15'),
('6461703684', 'Penni', 'Farrant', 'ngiacomettii3@studiopress.com', b'1', 26, 724, '2005-01-18'),
('6466782847', 'Liza', 'Statton', 'hskoughmani4@usda.gov', b'1', 72, 687, '2002-06-12'),
('6478519437', 'Shayne', 'Jedrzejewski', 'tgrindelli5@vkontakte.ru', b'1', 16, 412, '1997-05-23'),
('6485944732', 'Emmey', 'Houlridge', 'eriddingtoni6@upenn.edu', b'0', 149, 591, '2015-06-13'),
('6490477289', 'Justinian', 'Robinette', 'mpassiei7@arstechnica.com', b'0', 226, 425, '2004-01-06'),
('6522761193', 'Birch', 'Gabotti', 'aroartyi8@prnewswire.com', b'1', 145, 324, '2017-07-28'),
('6524359575', 'Pacorro', 'Forman', 'asavilli9@jalbum.net', b'1', 132, 385, '1999-03-12'),
('6525727903', 'Aldis', 'Jaynes', 'gchappelowia@nytimes.com', b'1', 18, 260, '2004-06-04'),
('6527276630', 'Raimundo', 'Stute', 'ncosbyib@ihg.com', b'1', 30, 366, '2018-12-24'),
('6538701626', 'Barnard', 'Treves', 'sknowlingic@virginia.edu', b'1', 240, 247, '2019-04-11'),
('6568549099', 'Ezekiel', 'Durbridge', 'claurandid@phoca.cz', b'0', 170, 222, '2010-06-02'),
('6580547895', 'Wynnie', 'Ploughwright', 'msimmonsie@senate.gov', b'1', 117, 375, '2003-12-12'),
('6583461098', 'Bernarr', 'Bettington', 'norgillif@github.com', b'1', 80, 71, '2007-07-18'),
('6612510972', 'Costa', 'Chaffe', 'selbourneig@pcworld.com', b'0', 165, 364, '2017-04-17'),
('6617000679', 'Obadias', 'Gilbee', 'dflyeih@hp.com', b'1', 235, 958, '2014-06-10'),
('6622142808', 'Ulrich', 'Bourhill', 'dmassimiii@businesswire.com', b'0', 179, 673, '2019-02-06'),
('6640345135', 'Tyrus', 'Tottle', 'fferrersij@ehow.com', b'1', 181, 355, '2010-10-19'),
('6645513689', 'Katy', 'Danielut', 'arebillardik@delicious.com', b'1', 217, 798, '2017-08-10'),
('6669853639', 'Horatio', 'Paolo', 'hwortonil@spiegel.de', b'0', 84, 208, '2001-02-22'),
('6671810100', 'Clevey', 'Dillintone', 'sgilchriestim@gov.uk', b'1', 40, 546, '2001-09-25'),
('6711434527', 'Jackie', 'Sarsons', 'abaylayin@istockphoto.com', b'1', 101, 812, '1997-05-24'),
('6723984607', 'Iain', 'Feast', 'mcronshawio@squidoo.com', b'0', 97, 287, '2010-05-09'),
('6732147083', 'Margette', 'Winkless', 'cmetschkeip@wikia.com', b'0', 40, 524, '2017-06-02'),
('6733995509', 'Julienne', 'O\'Shee', 'aleprovostiq@tinyurl.com', b'0', 93, 904, '2015-11-30'),
('6740136609', 'Vita', 'Gettins', 'emerredyir@admin.ch', b'0', 4, 151, '2011-08-15'),
('6740875095', 'Annadiana', 'Ferro', 'csemeniukis@alibaba.com', b'1', 173, 486, '2019-02-16'),
('6745963995', 'Eda', 'Oxby', 'cshewenit@wisc.edu', b'1', 116, 851, '2011-04-24'),
('6746879257', 'Chickie', 'Ballister', 'rbarhimsiu@ebay.com', b'0', 178, 112, '2001-04-29'),
('6773399565', 'Kamila', 'Etchells', 'twilflingiv@reverbnation.com', b'1', 185, 619, '2000-07-10'),
('6781037786', 'Conn', 'Kilsby', 'rclowneyiw@lycos.com', b'1', 43, 928, '1998-09-15'),
('6787098201', 'Sonya', 'Boot', 'mlundieix@columbia.edu', b'0', 163, 538, '2013-05-16'),
('6812046758', 'Miof mela', 'Matthewson', 'blennoxiy@amazon.de', b'0', 57, 434, '2002-01-12'),
('6820468866', 'Sayer', 'Banbrick', 'vennewiz@deliciousdays.com', b'1', 39, 873, '2010-07-03'),
('6822351192', 'Ariana', 'Smallcombe', 'tjoaoj0@google.pl', b'0', 237, 176, '1999-10-02'),
('6852646466', 'Zsazsa', 'Odde', 'lredfearnj1@about.me', b'0', 95, 278, '1999-08-13'),
('6874881194', 'Farrell', 'Heistermann', 'jbenettellij2@hc360.com', b'0', 28, 269, '2006-03-26'),
('6879620698', 'Remy', 'Libbis', 'mstlouisj3@dmoz.org', b'1', 214, 562, '2014-05-04'),
('6904455601', 'Noby', 'Hounsome', 'rgammelj4@washingtonpost.com', b'0', 123, 321, '1999-12-12'),
('6907434479', 'Thorpe', 'Sinnie', 'uburnsellj5@shinystat.com', b'0', 196, 598, '2000-07-27'),
('6914094487', 'Darnell', 'Capehorn', 'rtarpeyj6@google.com', b'1', 108, 853, '2003-02-18'),
('6914871531', 'Arliene', 'Gosden', 'mguierrej7@a8.net', b'1', 188, 751, '2000-07-13'),
('6918242836', 'Gabriel', 'Flawn', 'ageikiej8@webeden.co.uk', b'0', 39, 45, '2003-07-03'),
('6937378516', 'Gonzalo', 'Sinyard', 'jwortsj9@bbc.co.uk', b'1', 204, 468, '2012-11-28'),
('6954496502', 'Drusy', 'Jerome', 'hundrellja@skype.com', b'1', 115, 772, '2016-04-22'),
('6957420461', 'Stormy', 'Gorry', 'bberndsenjb@salon.com', b'1', 187, 870, '2010-01-12'),
('6957866017', 'Griff', 'McKimm', 'rcratejc@marketwatch.com', b'0', 138, 866, '1999-12-28'),
('6970857574', 'Dennet', 'Brotherheed', 'rgladtbachjd@sitemeter.com', b'0', 184, 521, '2015-10-18'),
('6971459920', 'Susanne', 'Garrioch', 'tgouinlockje@github.com', b'0', 110, 418, '2014-07-17'),
('6982245875', 'Ian', 'McFarlan', 'daddsjf@adobe.com', b'0', 180, 703, '2018-01-22'),
('6984971136', 'Cahra', 'Ivanyushin', 'dgerrensjg@examiner.com', b'1', 139, 911, '2004-10-06'),
('7003439563', 'Yance', 'Kield', 'chenaughanjh@amazon.com', b'0', 26, 769, '2000-01-18'),
('7003825772', 'Jean', 'Summerbell', 'tkroppji@freewebs.com', b'0', 86, 113, '2019-01-19'),
('7019290807', 'Annemarie', 'De Ferrari', 'jcampanajj@epa.gov', b'1', 169, 940, '2000-10-10'),
('7030815133', 'Rochell', 'Altham', 'dmcclochjk@printfriendly.com', b'0', 97, 286, '2007-03-24'),
('7044731482', 'Haily', 'Hearley', 'ecurmjl@sciencedirect.com', b'1', 38, 971, '1997-07-22'),
('7050293423', 'Lorne', 'Cullon', 'dhoyjm@telegraph.co.uk', b'0', 82, 855, '2016-03-04'),
('7064051619', 'Lizzie', 'Chevins', 'zoverstonejn@noaa.gov', b'0', 89, 487, '2004-05-09'),
('7068859352', 'Edgard', 'Pomphrey', 'arangalljo@pen.io', b'1', 83, 392, '2019-06-21'),
('7074766295', 'Aveline', 'Bazelle', 'smckeeversjp@fc2.com', b'0', 38, 771, '2017-10-08'),
('7097334940', 'Gnni', 'Gritsunov', 'jvuittonjq@mac.com', b'1', 10, 758, '2010-05-13'),
('7102917601', 'Dannel', 'Billing', 'mmiddlemissjr@hexun.com', b'1', 106, 275, '2001-08-13'),
('7103920406', 'Darline', 'Skase', 'lbaudyjs@wix.com', b'0', 152, 297, '2015-10-12'),
('7113896188', 'Cathleen', 'Gilfoyle', 'ndullardjt@123-reg.co.uk', b'1', 142, 768, '1998-07-31'),
('7124969458', 'Elita', 'Habden', 'aschermeju@vistaprint.com', b'0', 45, 494, '2010-07-23'),
('7130615549', 'Hyatt', 'Boar', 'ntusonjv@sun.com', b'0', 21, 264, '2004-01-13'),
('7130685565', 'Charmane', 'Pascho', 'mgorsjw@tuttocitta.it', b'0', 221, 129, '2017-01-10'),
('7140313918', 'Christie', 'Atthowe', 'afranciscojx@mashable.com', b'0', 222, 546, '2018-10-21'),
('7155894954', 'Minetta', 'Kitt', 'kcathraejy@sohu.com', b'1', 9, 333, '1998-04-30'),
('7161416912', 'Gabi', 'Luetkemeyers', 'lburttjz@reference.com', b'0', 144, 195, '2019-05-19'),
('7173068146', 'Cayla', 'Brezlaw', 'bairetonk0@engadget.com', b'1', 73, 771, '2016-12-27'),
('7178683561', 'Ingemar', 'Hambers', 'pbeedonk1@ox.ac.uk', b'1', 160, 280, '2017-03-26'),
('7179472132', 'Katy', 'Beardsell', 'jdowsingk2@constantcontact.com', b'1', 207, 909, '2018-02-09'),
('7184132344', 'Dory', 'Adelberg', 'rdodimeadk3@wiley.com', b'1', 48, 951, '2006-10-13'),
('7187382124', 'Risa', 'Collinwood', 'tiannik4@goodreads.com', b'0', 147, 82, '2006-11-19'),
('7189408681', 'Alphonse', 'Breydin', 'sbarrablek5@cmu.edu', b'0', 78, 821, '2001-04-23'),
('7199756655', 'Charity', 'Tirkin', 'epichank6@yolasite.com', b'0', 60, 858, '2009-12-14'),
('7201717924', 'Boniface', 'Berntsson', 'fduckerink7@psu.edu', b'0', 14, 424, '2016-07-29'),
('7212146326', 'Cesya', 'Adelsberg', 'zravenshawk8@cbc.ca', b'1', 130, 516, '2016-08-14'),
('7248328147', 'Janet', 'Swyre', 'gstallank9@hao123.com', b'1', 22, 156, '2004-06-19'),
('7255803588', 'Randi', 'Bust', 'ohargreaveska@un.org', b'0', 58, 689, '2014-03-20'),
('7261738148', 'Adair', 'Kinane', 'bwandlesskb@redcross.org', b'0', 46, 14, '2014-10-10'),
('7287511011', 'Obediah', 'Hayball', 'jgaynorkc@google.co.uk', b'1', 95, 643, '2010-07-30'),
('7297115660', 'Daffy', 'Leadley', 'pgravellkd@last.fm', b'0', 3, 608, '2003-04-20'),
('7302577743', 'Onfre', 'Chaffyn', 'bnerneyke@google.pl', b'1', 115, 19, '2014-02-07'),
('7322859745', 'Sibel', 'Arnett', 'ldimsdalekf@census.gov', b'0', 204, 964, '2007-03-25'),
('7323915750', 'Octavia', 'Tissiman', 'mmcneakg@ehow.com', b'0', 46, 207, '2010-03-13'),
('7325274329', 'Midge', 'Roomes', 'akoomarkh@tripadvisor.com', b'1', 156, 979, '2009-10-18'),
('7332170396', 'Scott', 'Krol', 'bgravestonki@webs.com', b'0', 88, 807, '2001-03-03'),
('7339566123', 'Mandi', 'Smullin', 'atrenearkj@topsy.com', b'0', 148, 150, '2006-10-26'),
('7340950721', 'Ned', 'Beslier', 'bcracekk@friendfeed.com', b'0', 187, 717, '2014-03-24'),
('7351883393', 'Eloisa', 'McGarry', 'pcolletkl@google.pl', b'0', 121, 820, '2008-10-06'),
('7361156132', 'Abran', 'Bigrigg', 'mbroinlichkm@hugedomains.com', b'0', 188, 318, '2017-11-11'),
('7367044332', 'Jock', 'Drawmer', 'hprobertkn@cloudflare.com', b'1', 78, 87, '2016-07-27'),
('7368788380', 'Tirrell', 'Keenor', 'dbougheyko@hubpages.com', b'1', 17, 436, '1998-04-14'),
('7376508667', 'Michelina', 'Hillen', 'hstudartkp@uol.com.br', b'1', 210, 377, '1997-04-16'),
('7386087764', 'Felike', 'Willgress', 'gfetherstonkq@omniture.com', b'0', 133, 717, '2006-03-24'),
('7392972152', 'Sherline', 'Pasley', 'mlamkinkr@hhs.gov', b'1', 171, 926, '2003-06-04'),
('7398708922', 'Kyle', 'Farthing', 'cseagoks@ted.com', b'0', 147, 101, '2009-02-19'),
('7423743484', 'Wake', 'Bloomfield', 'jmordecaikt@hao123.com', b'1', 83, 685, '2016-08-21'),
('7440707289', 'Jillana', 'Croad', 'chousinku@google.es', b'1', 16, 380, '1997-09-16'),
('7448400569', 'Jo ann', 'Greenroyd', 'mdunlopkv@tinypic.com', b'1', 144, 342, '2006-08-02'),
('7472360306', 'Miguel', 'Rapkins', 'raleksickw@indiegogo.com', b'0', 176, 784, '1998-09-05'),
('7474403251', 'Gretta', 'Keatley', 'gscrogginskx@amazon.com', b'1', 171, 15, '1998-06-26'),
('7483455306', 'Karrie', 'Demicoli', 'mcloptonky@psu.edu', b'0', 116, 335, '2009-01-21'),
('7490960712', 'Marybeth', 'Pease', 'simlackekz@europa.eu', b'0', 183, 426, '2010-07-19'),
('7495886504', 'Gage', 'Stuke', 'iminchil0@constantcontact.com', b'1', 146, 132, '1997-10-10'),
('7497789365', 'Luelle', 'Lyal', 'jvallancel1@independent.co.uk', b'1', 58, 663, '2010-04-18'),
('7510970942', 'Georgie', 'Tosspell', 'bdowerl2@google.co.jp', b'1', 217, 854, '2011-04-06'),
('7512782438', 'Korrie', 'Morland', 'rterransl3@squarespace.com', b'1', 4, 234, '1997-10-13'),
('7512839245', 'Gene', 'Ducaen', 'emiroyl4@mail.ru', b'0', 4, 962, '2016-03-28'),
('7518988217', 'Madelaine', 'Mattielli', 'bdiehnl5@blogs.com', b'1', 168, 769, '2017-11-10'),
('7523935071', 'Lorenzo', 'Stanman', 'cpennigarl6@seattletimes.com', b'0', 46, 683, '1997-10-09'),
('7527075361', 'Em', 'Humphrey', 'cjeenesl7@dailymotion.com', b'1', 219, 978, '2016-06-02'),
('7527795808', 'Willi', 'Clilverd', 'ldadgel8@twitter.com', b'0', 19, 26, '1999-04-14'),
('7531924572', 'Pam', 'Bydaway', 'kgyverl9@liveinternet.ru', b'1', 25, 899, '2004-12-02'),
('7546765829', 'Manolo', 'Cotes', 'nbunnellla@amazon.de', b'0', 64, 991, '2000-03-01'),
('7557058601', 'Koralle', 'Sidwell', 'mwindlelb@earthlink.net', b'0', 113, 540, '2002-05-30'),
('7557961260', 'Stafani', 'Wise', 'tmasurellc@paginegialle.it', b'0', 149, 321, '2014-09-20'),
('7589923771', 'Cassius', 'Sprigging', 'csaturleyld@comsenz.com', b'1', 106, 797, '1999-06-01'),
('7607215642', 'Dewitt', 'Felstead', 'cfothergillle@cornell.edu', b'0', 103, 375, '2019-07-21'),
('7609121629', 'Laurie', 'Normanville', 'ncrosdilllf@weebly.com', b'1', 1, 772, '2000-06-27'),
('7610454749', 'Revkah', 'Skey', 'nlanhamlg@photobucket.com', b'0', 33, 985, '1997-09-01'),
('7619376561', 'Miguela', 'Girth', 'cmackinderlh@xinhuanet.com', b'1', 141, 665, '2010-03-16'),
('7638142099', 'Gerome', 'Filyukov', 'rkibbyli@blinklist.com', b'0', 89, 342, '2015-04-03'),
('7644412784', 'Costa', 'Simonsson', 'egrigslj@nydailynews.com', b'0', 75, 822, '2002-06-18'),
('7651094041', 'Aurie', 'Stredder', 'jszachniewiczlk@bbb.org', b'1', 177, 246, '2002-10-21'),
('7652996824', 'Roby', 'Hammill', 'bscothronll@craigslist.org', b'1', 43, 490, '2000-01-03'),
('7683911552', 'Witty', 'covino', 'nfairclothlm@skyrock.com', b'1', 214, 361, '2012-11-27'),
('7695975808', 'Gregorius', 'Sacaze', 'ralmonln@imgur.com', b'0', 85, 73, '2012-05-22'),
('7722187910', 'Roosevelt', 'Hinemoor', 'epetracchilo@wired.com', b'0', 41, 258, '2000-07-14'),
('7726801212', 'Ame', 'Woodburne', 'cwillingamlp@de.vu', b'1', 157, 545, '1998-06-19'),
('7732434962', 'Gregor', 'Greenhead', 'dhedlestonelq@slideshare.net', b'0', 9, 446, '2007-09-17'),
('7740420968', 'Amalle', 'Hugill', 'rmunseylr@prlog.org', b'0', 26, 239, '2008-06-15'),
('7759205026', 'Loy', 'Webberley', 'nferronls@csmonitor.com', b'1', 213, 321, '2016-02-21'),
('7761193315', 'Karin', 'Levensky', 'bbaulchlt@nbcnews.com', b'0', 114, 866, '2003-04-09'),
('7768735106', 'Alberik', 'Undy', 'aeneferlu@moonfruit.com', b'1', 44, 848, '2007-11-19'),
('7778439475', 'Carena', 'Lante', 'sfranzelinilv@miibeian.gov.cn', b'1', 12, 529, '2016-02-20'),
('7781772118', 'Alvina', 'Halversen', 'lrabierlw@sun.com', b'0', 50, 659, '2014-09-08'),
('7797588779', 'Micaela', 'Bools', 'bbilbeelx@fotki.com', b'1', 179, 737, '2012-09-30'),
('7807992964', 'Derick', 'Sneath', 'gyudely@whitehouse.gov', b'0', 160, 933, '2009-04-03'),
('7812103517', 'Meghann', 'Hamments', 'gcastagnolz@smugmug.com', b'1', 42, 538, '2009-09-15'),
('7812738954', 'Inigo', 'Beevers', 'gmacglorym0@sciencedirect.com', b'1', 16, 13, '2014-04-05'),
('7824474364', 'Cecelia', 'Starzaker', 'vpentycostm1@is.gd', b'0', 234, 782, '2006-03-23'),
('7826784268', 'Ario', 'Brettel', 'jpendleburym2@typepad.com', b'1', 103, 331, '2006-06-20'),
('7913819600', 'August', 'Jorczyk', 'jbreakwellm3@arstechnica.com', b'1', 41, 648, '2012-08-27'),
('7916175446', 'Demeter', 'Haskew', 'jferruzzim4@huffingtonpost.com', b'1', 199, 325, '2002-04-13'),
('7917777135', 'Aeriela', 'Woodham', 'oprobym5@tamu.edu', b'0', 94, 7, '2010-08-21'),
('7937718876', 'Briggs', 'Wickwar', 'tdunstallm6@redcross.org', b'0', 15, 32, '2011-06-11'),
('7939859622', 'Con', 'Brookwell', 'rmacardm7@abc.net.au', b'0', 1, 97, '2014-08-29'),
('7953610408', 'Kellsie', 'Hatfull', 'asnapem8@fema.gov', b'0', 56, 812, '2010-12-12'),
('7981801779', 'Shalne', 'Van der Spohr', 'dcrushm9@goo.gl', b'0', 16, 518, '2008-06-12'),
('8000201367', 'Mathew', 'Onions', 'udanielczykma@cam.ac.uk', b'0', 21, 836, '2008-10-05'),
('8000699930', 'Meghan', 'Faires', 'wshimwellmb@omniture.com', b'1', 197, 456, '1997-11-08'),
('8012412197', 'Chickie', 'Goldine', 'dwallasmc@flickr.com', b'1', 117, 809, '2018-10-16'),
('8031395318', 'Giorgia', 'Janca', 'eburgmd@goodreads.com', b'0', 105, 249, '2016-12-31'),
('8034216838', 'Virgilio', 'Geffe', 'dlingme@google.ru', b'1', 17, 141, '2015-05-02'),
('8035087741', 'Mariska', 'Benneyworth', 'jcadlockmf@istockphoto.com', b'1', 34, 725, '1998-10-15'),
('8045130099', 'Dannye', 'Trappe', 'fwethmg@usa.gov', b'1', 191, 958, '2003-01-19'),
('8049392418', 'Jamison', 'Donoghue', 'bmactrustriemh@edublogs.org', b'0', 87, 68, '1996-12-03'),
('8059182183', 'Analise', 'Kennham', 'cambroginimi@twitter.com', b'1', 207, 77, '1998-12-15'),
('8067964596', 'Mari', 'Pedracci', 'tlowriemj@goo.gl', b'0', 100, 465, '2005-04-29'),
('8080428229', 'Randie', 'Thombleson', 'bbourgourdmk@ox.ac.uk', b'0', 97, 695, '2016-10-30'),
('8085225935', 'Marcelia', 'Skough', 'gharesnapeml@cbc.ca', b'0', 31, 392, '2002-06-17'),
('8086826329', 'Shanon', 'Boar', 'rpesticciomm@google.co.jp', b'0', 194, 768, '2019-04-21'),
('8110091594', 'Davidde', 'Julien', 'krussomn@hexun.com', b'1', 224, 876, '1996-11-29'),
('8112363787', 'Zebedee', 'Benzing', 'omonkhousemo@patch.com', b'0', 161, 238, '2008-09-06'),
('8125008631', 'Georgeanna', 'Crain', 'cjarrattmp@europa.eu', b'0', 226, 480, '2004-01-30'),
('8132187170', 'Siouxie', 'Espinet', 'gkiljanmq@diigo.com', b'1', 141, 575, '2001-12-28'),
('8134365854', 'Cthrine', 'Vecard', 'twindrossmr@topsy.com', b'1', 42, 121, '2002-11-15'),
('8140463421', 'Berna', 'Goghin', 'glillfordms@sina.com.cn', b'0', 120, 450, '1997-05-22'),
('8151438588', 'Nil', 'Meletti', 'atowemt@dmoz.org', b'0', 166, 548, '2005-04-26'),
('8153065054', 'Marjory', 'Duigan', 'fcossingtonmu@columbia.edu', b'0', 90, 565, '2008-07-12'),
('8156098621', 'Bernette', 'Hernik', 'cshildrickmv@mediafire.com', b'1', 15, 459, '1999-07-03'),
('8164699124', 'Kelsy', 'Kop', 'nwarrillowmw@prweb.com', b'1', 186, 689, '2010-06-06'),
('8168879877', 'Wittie', 'Jaxon', 'sfallonmx@posterous.com', b'0', 71, 12, '1997-12-23'),
('8182169983', 'Chalmers', 'Christall', 'kwhytockmy@ycombinator.com', b'1', 130, 230, '1996-10-19'),
('8194386839', 'Cleo', 'Janks', 'lmuffordmz@hatena.ne.jp', b'0', 42, 318, '2019-08-04'),
('8196009342', 'Cyb', 'Hurnell', 'iarnaudin0@51.la', b'0', 28, 247, '2002-02-16'),
('8212672713', 'Carri', 'Mosconi', 'amillikenn1@feedburner.com', b'1', 213, 959, '2006-10-13'),
('8243529941', 'Lane', 'Glauber', 'rvonbrookn2@google.it', b'0', 48, 364, '2011-09-19'),
('8254522731', 'Mamie', 'Cawson', 'acathesyedn3@paypal.com', b'0', 116, 409, '2017-01-15'),
('8262539219', 'Meade', 'Thynne', 'mbaylessn4@spotify.com', b'0', 233, 433, '2009-10-19'),
('8269034310', 'Torey', 'Purdom', 'mskittlen5@blogtalkradio.com', b'1', 149, 83, '1998-07-19'),
('8271116660', 'Kimberley', 'Aikett', 'ajeannaudn6@purevolume.com', b'0', 196, 163, '2007-05-06'),
('8282891989', 'Purcell', 'Amor', 'asimysonn7@geocities.jp', b'1', 163, 336, '2017-09-23'),
('8291167299', 'Caldwell', 'Start', 'eandersonn8@usnews.com', b'0', 61, 233, '2013-09-30'),
('8300678013', 'Corrianne', 'Cornwell', 'tsanchisn9@icq.com', b'0', 58, 820, '2002-05-02'),
('8331131737', 'Hastie', 'Perutto', 'eledwitchna@sun.com', b'1', 108, 534, '2004-11-07'),
('8364163855', 'Vernen', 'Peatt', 'tmatthessennb@php.net', b'0', 227, 360, '2017-07-22'),
('8377119470', 'Sergei', 'Pensom', 'blennoxnc@phpbb.com', b'0', 91, 723, '1997-03-21'),
('8385098454', 'Stanwood', 'Dri', 'jsaynd@taobao.com', b'1', 215, 462, '2000-09-29'),
('8391340501', 'Frederica', 'Bischof', 'dswateridgene@illinois.edu', b'1', 3, 724, '2016-04-15'),
('8394750973', 'Lisetta', 'Rabbitt', 'dliccardonf@theatlantic.com', b'1', 147, 618, '2007-09-04'),
('8410248751', 'Travers', 'Goodred', 'wcolquyteng@storify.com', b'0', 169, 327, '2015-12-18'),
('8410538314', 'Amaleta', 'Huby', 'aklampnh@hud.gov', b'0', 79, 306, '2011-09-06'),
('8416803499', 'Annabelle', 'McElrath', 'jsharrockni@google.fr', b'1', 232, 974, '2015-05-25'),
('8453013892', 'Web', 'Ahrendsen', 'ebolgarnj@soup.io', b'0', 236, 633, '2010-09-25'),
('8453880332', 'Jonell', 'Mattiato', 'ksoutherellnk@mapquest.com', b'1', 78, 971, '2009-02-12'),
('8462276956', 'Elenore', 'Burehill', 'lyerbynl@npr.org', b'1', 87, 260, '2002-06-03'),
('8469748130', 'Keefe', 'Frean', 'blaugheranenm@vk.com', b'1', 37, 766, '2009-09-06'),
('8492990861', 'Elwin', 'Laverack', 'jdyblenn@uiuc.edu', b'1', 182, 514, '2011-01-05'),
('8500602988', 'Umeko', 'Baitman', 'mbowdlerno@bizjournals.com', b'1', 208, 48, '2003-08-17'),
('8502817312', 'Aubine', 'Cornford', 'alogsdalenp@skyrock.com', b'1', 188, 923, '2017-10-19'),
('8522165746', 'Zahara', 'Wandrack', 'otidburynq@fda.gov', b'0', 89, 229, '2019-06-16'),
('8538329192', 'Tam', 'Bloan', 'mhandscombnr@ucoz.com', b'0', 61, 293, '2012-05-05'),
('8545509605', 'Murial', 'Pennini', 'rbenjefieldns@cnbc.com', b'0', 67, 37, '2004-09-13'),
('8557141535', 'Hartwell', 'Dysert', 'acullivannt@ning.com', b'0', 75, 115, '2015-11-01'),
('8568360527', 'Kiri', 'Djordjevic', 'jharrymannu@newyorker.com', b'1', 76, 780, '2001-03-30'),
('8569495824', 'Antonetta', 'Joye', 'kapthorpenv@instagram.com', b'1', 82, 280, '2008-04-18'),
('8574782323', 'Romeo', 'Crose', 'truggierinw@last.fm', b'1', 190, 215, '2009-07-12'),
('8628481125', 'Clerissa', 'Kender', 'tyeolandnx@sbwire.com', b'0', 150, 796, '2009-07-18'),
('8631146122', 'Rutledge', 'Clutton', 'lhatchetteny@tinypic.com', b'1', 185, 213, '2018-09-29'),
('8632682312', 'Evelyn', 'McOmish', 'fmarietnz@wisc.edu', b'1', 192, 428, '2006-06-13'),
('8637995193', 'Terrel', 'Axelbee', 'bpomfreyo0@icq.com', b'0', 107, 907, '2012-06-26'),
('8654029549', 'Viole', 'Songust', 'balastairo1@free.fr', b'0', 46, 784, '1998-12-20'),
('8660939660', 'Olympia', 'Wandrich', 'kwallingo2@tmall.com', b'0', 127, 588, '2008-07-01'),
('8664201897', 'Shepperd', 'Hendrich', 'owynetto3@google.it', b'0', 70, 501, '1997-02-09'),
('8665347006', 'Amby', 'Kingsworth', 'gmacdonougho4@ucoz.ru', b'1', 213, 837, '2001-10-22'),
('8678109353', 'Cherida', 'Dowdam', 'abromfieldo5@google.com.hk', b'0', 192, 565, '2004-05-22'),
('8686201840', 'Rosemonde', 'Winckles', 'pshowlero6@webs.com', b'0', 88, 340, '2009-05-10'),
('8723972478', 'Colman', 'Quail', 'kpilcho7@ibm.com', b'1', 187, 264, '2014-06-12'),
('8735946530', 'Gib', 'Dudbridge', 'jprisleyo8@discovery.com', b'1', 81, 64, '2003-02-26'),
('8746387689', 'Loree', 'Trahearn', 'ecullabineo9@china.com.cn', b'1', 69, 948, '1997-02-07'),
('8755703748', 'Illa', 'Shortin', 'rbollinoa@miitbeian.gov.cn', b'0', 180, 854, '2011-10-16'),
('8777089662', 'Vere', 'Altimas', 'doverallob@etsy.com', b'1', 82, 955, '1997-01-15'),
('8780239099', 'Theressa', 'Shutler', 'clowselyoc@vkontakte.ru', b'1', 169, 99, '2010-10-05'),
('8809147125', 'Kriste', 'Persian', 'rlamanbyod@goo.gl', b'0', 209, 620, '2004-11-11'),
('8809899051', 'Demetria', 'Skeleton', 'hjenneroe@bandcamp.com', b'1', 93, 135, '2013-10-21'),
('8814518605', 'Ado', 'Vasin', 'dmoorcraftof@gov.uk', b'1', 181, 406, '2019-04-06'),
('8835052970', 'Derick', 'Magne', 'hbannisterog@symantec.com', b'0', 210, 814, '2014-12-13'),
('8835135491', 'Marcelia', 'Fudge', 'pantrackoh@whitehouse.gov', b'0', 25, 111, '2016-02-16'),
('8839454860', 'Cherey', 'Cowpertwait', 'bmcdonoughoi@twitpic.com', b'1', 158, 779, '2002-05-21'),
('8851881685', 'Siffre', 'Millwall', 'cfewingsoj@usnews.com', b'0', 168, 234, '2001-10-06'),
('8875160544', 'Aurelea', 'Newlands', 'fimlawok@wired.com', b'0', 230, 347, '2006-05-10'),
('8881946473', 'Rudyard', 'Ludovici', 'dcarnowol@addtoany.com', b'1', 150, 483, '1998-02-05'),
('8883380759', 'Franky', 'Stendall', 'ghessentalerom@ucoz.com', b'1', 136, 57, '2005-02-02'),
('8890516019', 'Ilene', 'Riteley', 'ccraiseon@thetimes.co.uk', b'0', 217, 813, '2008-08-30'),
('8897744024', 'Leroy', 'Bedin', 'ablabyoo@theglobeandmail.com', b'1', 151, 572, '2001-05-27'),
('8897759310', 'Halimeda', 'Aberdalgy', 'ldwellingop@woothemes.com', b'0', 13, 737, '2016-01-31'),
('8915900178', 'Dahlia', 'Brizell', 'wpietranekoq@altervista.org', b'0', 127, 601, '2015-01-04'),
('8935260150', 'Miguela', 'Arnaez', 'sureyor@microsoft.com', b'0', 50, 404, '2014-09-27'),
('8937489937', 'Giana', 'Cornfield', 'rconnellos@imdb.com', b'1', 209, 939, '2012-01-24'),
('8951100032', 'Zenia', 'Heineking', 'byeatesot@msn.com', b'1', 35, 339, '1996-09-15'),
('8951190869', 'Lorita', 'Doick', 'lmcveeou@spotify.com', b'0', 29, 579, '2015-10-04'),
('8973934714', 'Bridie', 'Schall', 'ahasteov@house.gov', b'1', 125, 790, '2002-02-25'),
('8974519475', 'Sammie', 'Hurdman', 'dgeistbeckow@bbb.org', b'1', 227, 936, '2008-04-04'),
('8985345204', 'Vin', 'Phant', 'sabsalomox@tiny.cc', b'0', 230, 710, '2001-01-25'),
('9011956191', 'Lamont', 'Prover', 'bgrayshonoy@va.gov', b'1', 72, 747, '1998-11-03'),
('9016129696', 'Sheryl', 'Atthow', 'ypinnereoz@g.co', b'1', 164, 693, '2011-11-14'),
('9032516226', 'Tandy', 'Beszant', 'ajollyp0@1688.com', b'1', 132, 120, '2001-07-28'),
('9033614290', 'Latrena', 'Owttrim', 'chowp1@purevolume.com', b'0', 169, 498, '2013-06-26'),
('9038278741', 'Mallorie', 'Reams', 'tburrasp2@paypal.com', b'0', 21, 404, '2009-11-16'),
('9042953180', 'Leilah', 'Bonnar', 'wgarveyp3@1688.com', b'1', 128, 605, '2010-07-18'),
('9044696254', 'Merilee', 'Lamkin', 'dzupop4@weebly.com', b'0', 14, 300, '2017-08-16'),
('9062552450', 'Mark', 'Leary', 'cspringp5@ucla.edu', b'0', 176, 495, '2017-07-24'),
('9067076408', 'Ev', 'Davern', 'vjakovp6@elpais.com', b'0', 196, 469, '2001-07-26'),
('9069702854', 'Amalia', 'Twelftree', 'dgayforthp7@google.fr', b'1', 182, 214, '2004-12-22'),
('9080193908', 'Lindsey', 'Rockliffe', 'tmehaffeyp8@baidu.com', b'1', 236, 393, '1997-06-30'),
('9080199217', 'Samara', 'Gosney', 'nbranneyp9@bravesites.com', b'1', 70, 994, '2007-12-04'),
('9081276441', 'Zia', 'Reece', 'htobiaspa@google.cn', b'0', 81, 208, '1998-05-09'),
('9101742749', 'Marian', 'Eddicott', 'plelliottpb@stumbleupon.com', b'0', 240, 135, '2000-11-12'),
('9111484182', 'Des', 'Iori', 'bgrabehampc@stanford.edu', b'1', 240, 450, '2005-03-21'),
('9118876192', 'Darin', 'Harme', 'hvescopd@auda.org.au', b'0', 51, 256, '2013-02-01'),
('9124855489', 'Enrika', 'Ruske', 'ncanferpe@dedecms.com', b'0', 86, 430, '2017-06-15'),
('9136805092', 'Cointon', 'Jeaves', 'gkeydenpf@free.fr', b'0', 12, 684, '2018-07-01'),
('9141306902', 'Armin', 'Mockford', 'tgrichukhinpg@infoseek.co.jp', b'1', 144, 761, '2000-12-25'),
('9141372001', 'Diena', 'Gernier', 'sfahrenbacherph@phpbb.com', b'0', 102, 305, '2016-03-19'),
('9158297383', 'Kata', 'Lineham', 'htimmonspi@whitehouse.gov', b'1', 157, 191, '2009-11-14'),
('9160167408', 'Reeta', 'Shilston', 'jdauberpj@fastcompany.com', b'1', 134, 126, '2014-07-20'),
('9167343835', 'Leonard', 'Edler', 'preddecliffepk@mac.com', b'0', 215, 257, '2001-12-31'),
('9193959625', 'Chance', 'Fallon', 'qrestorickpl@istockphoto.com', b'0', 165, 459, '2004-06-07'),
('9200173362', 'Reynold', 'Coston', 'lkelledypm@go.com', b'1', 39, 178, '2006-03-19'),
('9203405999', 'Tobi', 'Stanex', 'ilarrosapn@t-online.de', b'1', 213, 800, '2008-01-19'),
('9229001479', 'Grayce', 'Skivington', 'jhellenpo@chicagotribune.com', b'1', 214, 474, '2012-01-03'),
('9235132157', 'Linus', 'Ebbutt', 'sbowellpp@examiner.com', b'0', 28, 592, '2013-05-22'),
('9243069436', 'Ann', 'Birchill', 'jadriennepq@istockphoto.com', b'1', 82, 950, '2011-02-19'),
('9246570072', 'Templeton', 'Mauser', 'edabelspr@etsy.com', b'1', 162, 82, '2005-08-24'),
('9259634366', 'Sherilyn', 'Daubney', 'dmaclachlanps@miitbeian.gov.cn', b'1', 171, 336, '2006-01-04'),
('9260710038', 'Enrico', 'Dailey', 'amajurypt@unblog.fr', b'0', 161, 361, '2017-05-04'),
('9272905671', 'Durante', 'Lindenstrauss', 'edecreuzepu@live.com', b'0', 113, 955, '2018-04-04'),
('9279944301', 'Thea', 'Janodet', 'bashmentpv@simplemachines.org', b'0', 31, 131, '2016-06-01'),
('9285980250', 'Monah', 'Mort', 'cmckeurtanpw@shinystat.com', b'0', 107, 884, '2006-07-23'),
('9305535416', 'Marijn', 'Victoria', 'jmckerleypx@dyndns.org', b'1', 109, 399, '2000-09-12'),
('9335732035', 'Roseanne', 'Grinyov', 'akennellypy@studiopress.com', b'1', 55, 595, '2014-04-07'),
('9354001270', 'Massimo', 'Milesop', 'bshillabearepz@angelfire.com', b'1', 153, 305, '2012-06-02'),
('9360744472', 'Roch', 'Padbery', 'aleevesq0@ask.com', b'1', 40, 645, '1996-10-09'),
('9367962075', 'Wynnie', 'Gilhoolie', 'msappq1@webeden.co.uk', b'0', 41, 456, '2004-06-16'),
('9372509669', 'Bernie', 'Brookfield', 'rdustingq2@gov.uk', b'0', 73, 144, '1999-05-15'),
('9386129405', 'Aldin', 'Stolte', 'sduddyq3@marriott.com', b'0', 177, 456, '1997-04-06'),
('9393925241', 'August', 'Leefe', 'amulchroneq4@state.gov', b'0', 21, 82, '2005-06-26'),
('9400769586', 'Raquela', 'Braunthal', 'tmitchallq5@mayoclinic.com', b'1', 121, 306, '2009-02-10'),
('9401750930', 'Olga', 'Tevelov', 'nkelloughq6@biblegateway.com', b'0', 92, 864, '2000-10-17'),
('9409362618', 'Janine', 'Mains', 'bbeakesq7@europa.eu', b'1', 37, 79, '2015-05-21'),
('9413669571', 'Emmey', 'Grinyer', 'ldelacoteq8@wired.com', b'1', 27, 346, '2004-07-02'),
('9420271995', 'Stormi', 'Phippin', 'rchallengerq9@google.com.au', b'0', 98, 645, '2001-06-24'),
('9421343427', 'Rivalee', 'Scarborough', 'jwasielewiczqa@shutterfly.com', b'0', 29, 134, '2005-10-05'),
('9429185762', 'Martelle', 'Byllam', 'mdimblebyqb@toplist.cz', b'1', 64, 106, '1996-12-26'),
('9438432305', 'Trumann', 'Hiley', 'bwalklotqc@weibo.com', b'0', 164, 708, '2000-08-22'),
('9452004526', 'Rosalie', 'Deek', 'jglasperqd@wunderground.com', b'1', 142, 947, '1997-12-12'),
('9461831706', 'Hayward', 'Wholesworth', 'mdurberqe@tinyurl.com', b'0', 111, 275, '2017-08-23'),
('9509756986', 'Meghan', 'Hagard', 'tdelafoyqf@unc.edu', b'1', 207, 730, '2015-01-09'),
('9517302429', 'Devy', 'Rahill', 'rlucianoqg@mediafire.com', b'0', 68, 148, '2004-12-03'),
('9522570756', 'Rhona', 'Greenhaugh', 'swallbridgeqh@slideshare.net', b'0', 65, 818, '2013-07-20'),
('9535651873', 'Timmy', 'Cavaney', 'koneillqi@ovh.net', b'1', 222, 293, '2003-12-09'),
('9539657808', 'Tally', 'Harriss', 'pmcelmurrayqj@friendfeed.com', b'0', 197, 369, '2013-07-18'),
('9545991952', 'Justin', 'Lalevee', 'bfawkesqk@java.com', b'0', 135, 171, '2019-08-06'),
('9547065962', 'Falito', 'Dulin', 'jpodsql@hubpages.com', b'1', 193, 580, '2018-05-05'),
('9564201079', 'Lelah', 'Stain', 'echevinqm@yellowpages.com', b'0', 221, 948, '2009-04-13'),
('9568200899', 'Leoine', 'Hesser', 'amatteiniqn@nymag.com', b'1', 95, 667, '2014-08-13'),
('9588534590', 'Bertina', 'Fruser', 'ycutcheeqo@privacy.gov.au', b'0', 211, 386, '2010-05-28'),
('9590706094', 'Lukas', 'Timmermann', 'wodoqp@jiathis.com', b'0', 18, 880, '2004-10-23'),
('9616032071', 'Fran', 'Dowle', 'fspeareqq@jigsy.com', b'0', 154, 861, '2007-09-21'),
('9629155713', 'Mikey', 'Kittel', 'eblessedqr@bing.com', b'1', 76, 902, '2005-07-23'),
('9648839479', 'Hew', 'Djakovic', 'jsundinqs@squarespace.com', b'0', 52, 484, '2007-04-29'),
('9656756049', 'Nellie', 'Dorro', 'tmurielqt@shareasale.com', b'0', 91, 381, '2006-08-15'),
('9661749548', 'Onfre', 'Elven', 'mreenqu@smh.com.au', b'0', 67, 149, '1999-06-08'),
('9662282231', 'Adi', 'Jorissen', 'oroslenqv@mac.com', b'0', 57, 483, '2016-04-03'),
('9662911415', 'Pepe', 'Stiles', 'lraitqw@dailymotion.com', b'0', 2, 532, '2009-03-15'),
('9664256942', 'Marty', 'Keough', 'mgrogerqx@webnode.com', b'1', 216, 104, '2008-11-23'),
('9671449324', 'Catherina', 'Merkle', 'sdaviesqy@usda.gov', b'1', 40, 358, '2007-01-22'),
('9699852821', 'Darryl', 'Sunnucks', 'fsporesqz@jiathis.com', b'0', 213, 36, '2015-06-15'),
('9711522676', 'Cristy', 'Le Noire', 'cwhiteheadr0@cnet.com', b'1', 203, 264, '2019-02-09'),
('9729177972', 'Sibyl', 'Beardall', 'ejacobovitzr1@yandex.ru', b'1', 206, 301, '2006-10-05'),
('9747967322', 'Christoper', 'Beese', 'lbassr2@bizjournals.com', b'1', 118, 457, '2016-04-18'),
('9757998959', 'Elisha', 'Lenaghen', 'abaudaccir3@1und1.de', b'1', 222, 422, '2014-10-19'),
('9797096600', 'Mela', 'Schanke', 'gfabryr4@youku.com', b'0', 72, 252, '1999-02-06'),
('9798193313', 'Nicola', 'Matanin', 'kgarveyr5@ibm.com', b'0', 201, 748, '2000-01-10'),
('9803512775', 'Heywood', 'Bernardini', 'amcilennar6@gnu.org', b'1', 95, 771, '2000-05-28'),
('9804229865', 'Drusy', 'Joincey', 'ghundalr7@intel.com', b'1', 144, 738, '2014-12-30'),
('9812033716', 'Goddart', 'Sturm', 'hmadiganr8@uiuc.edu', b'0', 62, 969, '2007-05-23'),
('9819732969', 'Tremayne', 'Powter', 'dbochr9@digg.com', b'0', 63, 231, '1997-07-23'),
('9834740095', 'Deonne', 'Orrobin', 'gbarnardra@samsung.com', b'1', 163, 236, '2014-12-13'),
('9842605661', 'Dorry', 'Cawker', 'mhebdenrb@baidu.com', b'1', 75, 472, '2012-12-26'),
('9849954127', 'Pernell', 'Hedman', 'csiselandrc@merriam-webster.com', b'1', 102, 962, '2008-09-18'),
('9856574720', 'Brit', 'Maria', 'rjuckesrd@microsoft.com', b'1', 53, 413, '1998-10-03'),
('9881996099', 'Rozanna', 'Espinho', 'gcastardre@ehow.com', b'1', 140, 276, '2019-04-21'),
('9905183684', 'Rudyard', 'Worvell', 'ckaliszrf@home.pl', b'0', 188, 209, '2009-10-26'),
('9908422156', 'Tadeas', 'Osan', 'jphilpottsrg@list-manage.com', b'0', 27, 684, '2016-09-18'),
('9910872362', 'Chas', 'Caizley', 'lbowlerrh@intel.com', b'1', 111, 793, '1997-02-05'),
('9920484609', 'Bertrando', 'Yuryichev', 'lbuschri@elegantthemes.com', b'0', 119, 801, '2015-09-04'),
('9933620643', 'Rosaleen', 'Eaden', 'jmaytumrj@shinystat.com', b'0', 158, 409, '1999-06-09'),
('9936920454', 'Demetri', 'Walcher', 'cmcbriderk@shop-pro.jp', b'1', 190, 693, '2016-12-03'),
('9944824527', 'Forester', 'Chaytor', 'emoaklerrl@cocolog-nifty.com', b'1', 162, 602, '2003-10-07'),
('9956580809', 'Kath', 'Le Strange', 'gstainsrm@npr.org', b'1', 40, 38, '1996-12-15'),
('9960317041', 'Kari', 'Higginbottam', 'ulemarchantrn@nationalgeographic.com', b'0', 199, 788, '2002-07-07'),
('9965491607', 'North', 'Winterton', 'bgummoero@merriam-webster.com', b'1', 229, 623, '2004-11-29'),
('9978723191', 'Diann', 'Raper', 'kcluerrp@yandex.ru', b'0', 2, 507, '2017-11-04'),
('9991757482', 'Marcelline', 'Pinney', 'jdevriesrq@chicagotribune.com', b'1', 62, 175, '2004-04-30'),
('9992075738', 'Yelena', 'Copes', 'cchilderr@tinypic.com', b'0', 133, 153, '2014-03-04'),
('9992075739', 'Pablo', 'Yerena', 'pabloyerena@gmail.com', b'0', 2, 1002, '1996-12-01');

-- --------------------------------------------------------

--
-- Estructura de tabla para la tabla `plantillaexamencabecera`
--

DROP TABLE IF EXISTS `plantillaexamencabecera`;
CREATE TABLE IF NOT EXISTS `plantillaexamencabecera` (
                                                         `idPlantillaExamenCabecera` char(10) NOT NULL,
                                                         `Docente` char(10) DEFAULT NULL,
                                                         `CursoExamen` int(11) DEFAULT NULL,
                                                         `TipoExamen` int(11) DEFAULT NULL,
                                                         `TotalPreguntas` int(11) DEFAULT NULL,
                                                         PRIMARY KEY (`idPlantillaExamenCabecera`),
                                                         KEY `FK_PLANTILLAEXAMENCABECERA_DOCENTE` (`Docente`),
                                                         KEY `FK_PLANTILLAEXAMENCABECERA_CURSOEXAMEN` (`CursoExamen`),
                                                         KEY `FK_PLANTILLAEXAMENCABECERA_TIPOEXAMEN` (`TipoExamen`)
) ENGINE=InnoDB DEFAULT CHARSET=latin1;

--
-- Volcado de datos para la tabla `plantillaexamencabecera`
--

INSERT INTO `plantillaexamencabecera` (`idPlantillaExamenCabecera`, `Docente`, `CursoExamen`, `TipoExamen`, `TotalPreguntas`) VALUES
('EXA01-8036', '8160-ATR24', 7, 5, 10),
('EXA03-0920', '7869-MMO55', 7, 8, 60),
('EXA03-8189', '6232-FEC98', 1, 4, 50),
('EXA04-0233', '3644-TFS62', 5, 1, 20),
('EXA05-8573', '5375-VAD86', 7, 5, 30),
('EXA06-7597', '0096-JQN35', 7, 9, 30),
('EXA07-2789', '9463-GBV67', 5, 1, 50),
('EXA08-6113', '9983-PGL53', 10, 6, 20),
('EXA09-8063', '8695-TWR13', 9, 1, 50),
('EXA09-8740', '4056-OBL83', 8, 1, 20),
('EXA11-8799', '4932-IAZ07', 7, 2, 30),
('EXA15-8867', '5595-VAD39', 5, 3, 30),
('EXA16-7030', '3114-NYI61', 5, 10, 20),
('EXA17-1904', '3274-ARH67', 4, 5, 60),
('EXA17-9636', '7311-WOW91', 4, 10, 50),
('EXA19-0448', '2734-LZR80', 9, 6, 50),
('EXA19-6729', '3573-EZX42', 5, 8, 10),
('EXA20-9135', '8628-MZE59', 9, 3, 10),
('EXA22-8138', '2734-LZR80', 5, 2, 10),
('EXA22-8626', '0559-HIT37', 1, 5, 50),
('EXA23-7998', '6789-SBS34', 3, 3, 20),
('EXA24-0546', '7938-PKU96', 9, 7, 20),
('EXA24-6095', '4774-ROF43', 4, 9, 60),
('EXA26-4379', '9329-YAZ10', 4, 2, 30),
('EXA26-8101', '7519-RKU91', 7, 7, 20),
('EXA27-5326', '5153-FAA58', 9, 4, 30),
('EXA28-9086', '3191-JPP61', 6, 3, 10),
('EXA28-9815', '2209-VCU55', 3, 4, 20),
('EXA33-3459', '2887-UFG00', 5, 1, 20),
('EXA34-9188', '8577-DVI53', 8, 7, 60),
('EXA35-0788', '9219-WVU01', 5, 8, 20),
('EXA35-2914', '9677-GGZ65', 5, 10, 30),
('EXA36-8291', '3183-HRH28', 5, 7, 30),
('EXA39-3666', '4665-FPZ75', 1, 7, 10),
('EXA39-8452', '5889-NBV64', 2, 9, 30),
('EXA40-7273', '0273-DDZ13', 8, 7, 10),
('EXA40-7951', '6697-TMP15', 8, 4, 10),
('EXA41-0555', '1916-KEL87', 1, 7, 30),
('EXA46-3726', '3573-EZX42', 1, 7, 50),
('EXA47-1815', '6993-XKN04', 2, 7, 60),
('EXA47-3940', '9385-QAD56', 6, 8, 60),
('EXA47-4243', '5696-MSC02', 3, 6, 30),
('EXA48-0701', '0282-EXX43', 4, 5, 30),
('EXA48-5872', '2439-VDH19', 2, 10, 50),
('EXA49-1210', '6306-INE95', 2, 4, 50),
('EXA51-3644', '3254-MPZ71', 4, 4, 50),
('EXA52-0019', '4873-TGY84', 1, 10, 60),
('EXA52-1366', '2200-UIH29', 2, 7, 30),
('EXA55-4817', '9405-DVG93', 4, 4, 10),
('EXA56-5355', '7417-QKY79', 2, 10, 50),
('EXA56-5876', '4873-TGY84', 7, 1, 60),
('EXA57-0781', '5709-TID69', 4, 4, 50),
('EXA58-4595', '4173-PNB30', 7, 5, 60),
('EXA58-9026', '3928-KJS86', 7, 1, 20),
('EXA59-4690', '1904-YFF26', 9, 10, 10),
('EXA59-7941', '3049-NPB73', 1, 2, 50),
('EXA60-3435', '4154-SJN34', 1, 2, 10),
('EXA60-4920', '4873-TGY84', 6, 8, 60),
('EXA60-5095', '3254-MPZ71', 8, 2, 30),
('EXA61-8424', '6194-ZMK77', 1, 3, 60),
('EXA62-3847', '4193-NUA58', 7, 5, 50),
('EXA64-6678', '7742-NFG53', 2, 4, 10),
('EXA64-9787', '7311-ULY28', 10, 3, 20),
('EXA67-4545', '8360-QHA71', 10, 1, 30),
('EXA67-8418', '6351-FHQ60', 9, 7, 20),
('EXA67-9066', '3587-EHA48', 1, 1, 60),
('EXA68-1087', '6823-TSV31', 1, 3, 20),
('EXA68-3237', '9054-JGG64', 8, 5, 50),
('EXA72-6268', '5428-DKM24', 7, 6, 20),
('EXA73-7434', '0724-TXT42', 1, 1, 50),
('EXA75-2934', '9248-VJF03', 2, 7, 30),
('EXA75-8968', '1195-AVJ47', 6, 8, 20),
('EXA77-1454', '0008-JZL01', 10, 3, 60),
('EXA77-3796', '0853-EQX31', 9, 4, 50),
('EXA77-6044', '9175-PVX28', 7, 9, 20),
('EXA77-6699', '6630-ZRO37', 8, 5, 30),
('EXA78-8798', '6993-XKN04', 4, 3, 20),
('EXA79-2069', '9769-DKC52', 10, 9, 60),
('EXA79-8473', '6747-MBT99', 1, 7, 10),
('EXA82-0110', '3308-HLA96', 4, 5, 50),
('EXA82-2851', '2209-VCU55', 7, 5, 20),
('EXA83-0667', '3758-RIM19', 8, 9, 50),
('EXA83-1362', '9196-WYY88', 1, 1, 60),
('EXA83-2070', '4009-ZRN78', 5, 2, 50),
('EXA84-1006', '8187-OPJ35', 3, 5, 20),
('EXA85-1076', '6168-BRJ65', 1, 1, 50),
('EXA86-2925', '4830-ONP50', 6, 1, 60),
('EXA86-4723', '9175-PVX28', 3, 2, 60),
('EXA88-3823', '9370-RZQ67', 10, 7, 30),
('EXA88-9900', '6263-YDM98', 5, 3, 10),
('EXA89-8852', '3644-TFS62', 3, 3, 30),
('EXA90-4387', '0410-PLK31', 5, 9, 50),
('EXA92-2449', '5152-ERK11', 6, 10, 60),
('EXA95-5718', '5779-ONE59', 2, 10, 50),
('EXA95-9354', '0864-MKI72', 1, 9, 60),
('EXA96-2801', '7447-LBH93', 10, 2, 10),
('EXA96-6088', '5307-WZA27', 7, 7, 50),
('EXA97-4930', '9196-WYY88', 1, 3, 20),
('EXA99-4153', '4468-JRR34', 2, 9, 50),
('EXA99-7030', '5779-ONE59', 10, 10, 10);

-- --------------------------------------------------------

--
-- Estructura de tabla para la tabla `plantillaexamenopcion`
--

DROP TABLE IF EXISTS `plantillaexamenopcion`;
CREATE TABLE IF NOT EXISTS `plantillaexamenopcion` (
                                                       `idPlatillaExamenOpcion` char(10) NOT NULL,
                                                       `PlatillaExamenCabeceraPEO` char(10) NOT NULL,
                                                       `PlatillaExamenPregunta` char(10) NOT NULL,
                                                       `OpcionDescripcion` text DEFAULT NULL,
                                                       PRIMARY KEY (`idPlatillaExamenOpcion`,`PlatillaExamenCabeceraPEO`,`PlatillaExamenPregunta`),
                                                       KEY `FK_PLANTILLAEXAMENOPCION_PLANTILLAEXAMENPREGUNTA` (`PlatillaExamenCabeceraPEO`,`PlatillaExamenPregunta`)
) ENGINE=InnoDB DEFAULT CHARSET=latin1;

--
-- Volcado de datos para la tabla `plantillaexamenopcion`
--

INSERT INTO `plantillaexamenopcion` (`idPlatillaExamenOpcion`, `PlatillaExamenCabeceraPEO`, `PlatillaExamenPregunta`, `OpcionDescripcion`) VALUES
('OP002-TD11', 'EXA79-8473', 'PRE30-R244', 'Seldom'),
('OP009-HS91', 'EXA67-8418', 'PRE99-Y744', 'Seldom'),
('OP014-TQ67', 'EXA60-3435', 'PRE12-F220', 'Weekly'),
('OP015-KV92', 'EXA07-2789', 'PRE11-B547', 'Yearly'),
('OP016-CX49', 'EXA39-3666', 'PRE41-X163', 'Seldom'),
('OP018-QB37', 'EXA96-2801', 'PRE28-D211', 'Never'),
('OP019-DS96', 'EXA77-6044', 'PRE96-L940', 'Daily'),
('OP019-GJ12', 'EXA27-5326', 'PRE74-V016', 'Once'),
('OP022-UR10', 'EXA79-8473', 'PRE30-R244', 'Monthly'),
('OP032-CN21', 'EXA61-8424', 'PRE22-C945', 'Once'),
('OP036-CZ03', 'EXA95-9354', 'PRE52-B056', 'Often'),
('OP038-OX27', 'EXA40-7273', 'PRE15-K069', 'Yearly'),
('OP039-ID86', 'EXA99-7030', 'PRE29-L414', 'Seldom'),
('OP040-BM52', 'EXA58-9026', 'PRE60-D319', 'Once'),
('OP040-NC53', 'EXA83-1362', 'PRE65-G261', 'Seldom'),
('OP041-SF44', 'EXA79-8473', 'PRE30-R244', 'Seldom'),
('OP044-CZ99', 'EXA23-7998', 'PRE96-R239', 'Seldom'),
('OP045-AW93', 'EXA41-0555', 'PRE00-Y387', 'Monthly'),
('OP052-BM39', 'EXA24-6095', 'PRE90-H807', 'Seldom'),
('OP054-UT32', 'EXA33-3459', 'PRE26-U458', 'Once'),
('OP055-HG21', 'EXA86-4723', 'PRE50-W644', 'Monthly'),
('OP064-FY10', 'EXA59-7941', 'PRE85-O887', 'Seldom'),
('OP064-QW78', 'EXA07-2789', 'PRE53-K074', 'Often'),
('OP065-VA42', 'EXA03-8189', 'PRE56-U260', 'Yearly'),
('OP067-RF76', 'EXA82-2851', 'PRE36-B774', 'Once'),
('OP068-AS23', 'EXA22-8626', 'PRE74-B014', 'Yearly'),
('OP070-VF20', 'EXA03-8189', 'PRE37-C162', 'Yearly'),
('OP072-ML07', 'EXA95-9354', 'PRE71-Q730', 'Yearly'),
('OP073-GU98', 'EXA39-8452', 'PRE57-B642', 'Monthly'),
('OP074-GX73', 'EXA79-2069', 'PRE94-Z332', 'Often'),
('OP075-CZ32', 'EXA60-5095', 'PRE34-I437', 'Seldom'),
('OP075-KZ96', 'EXA75-2934', 'PRE52-K753', 'Once'),
('OP077-VG72', 'EXA33-3459', 'PRE12-G675', 'Yearly'),
('OP079-RT58', 'EXA82-2851', 'PRE36-B774', 'Monthly'),
('OP081-PD55', 'EXA96-2801', 'PRE11-T185', 'Seldom'),
('OP087-TC97', 'EXA95-9354', 'PRE15-S102', 'Often'),
('OP088-KH78', 'EXA77-3796', 'PRE33-C274', 'Often'),
('OP088-QF62', 'EXA86-4723', 'PRE50-W644', 'Once'),
('OP090-RH61', 'EXA33-3459', 'PRE12-G675', 'Weekly'),
('OP093-SG86', 'EXA46-3726', 'PRE40-M772', 'Often'),
('OP095-NA73', 'EXA95-9354', 'PRE04-C142', 'Yearly'),
('OP098-RP24', 'EXA99-7030', 'PRE46-O634', 'Weekly'),
('OP098-WM84', 'EXA03-0920', 'PRE03-L627', 'Daily'),
('OP100-WY92', 'EXA95-9354', 'PRE04-C142', 'Never'),
('OP102-BL04', 'EXA17-9636', 'PRE06-R484', 'Weekly'),
('OP105-RT73', 'EXA09-8063', 'PRE68-I105', 'Once'),
('OP105-TH13', 'EXA23-7998', 'PRE31-D818', 'Seldom'),
('OP106-GT59', 'EXA83-1362', 'PRE54-P735', 'Never'),
('OP106-QS14', 'EXA46-3726', 'PRE65-D321', 'Often'),
('OP106-SU34', 'EXA67-9066', 'PRE96-U137', 'Often'),
('OP107-KS27', 'EXA17-9636', 'PRE06-R484', 'Yearly'),
('OP114-HO23', 'EXA73-7434', 'PRE62-D851', 'Never'),
('OP116-IS69', 'EXA51-3644', 'PRE47-N605', 'Daily'),
('OP121-FW65', 'EXA95-5718', 'PRE95-J387', 'Yearly'),
('OP123-EE75', 'EXA96-6088', 'PRE37-L213', 'Daily'),
('OP125-AV43', 'EXA75-8968', 'PRE28-N984', 'Yearly'),
('OP126-LJ49', 'EXA51-3644', 'PRE47-N605', 'Often'),
('OP128-RI19', 'EXA22-8626', 'PRE97-D014', 'Yearly'),
('OP130-OU22', 'EXA40-7273', 'PRE62-W742', 'Weekly'),
('OP132-NX74', 'EXA82-2851', 'PRE36-B774', 'Often'),
('OP137-TT44', 'EXA97-4930', 'PRE58-X030', 'Never'),
('OP139-VV67', 'EXA26-8101', 'PRE13-K434', 'Once'),
('OP142-IB91', 'EXA15-8867', 'PRE61-W467', 'Often'),
('OP148-OV05', 'EXA86-4723', 'PRE50-W644', 'Yearly'),
('OP148-ZE94', 'EXA77-3796', 'PRE33-C274', 'Seldom'),
('OP150-YE18', 'EXA68-1087', 'PRE34-Z874', 'Monthly'),
('OP151-AK37', 'EXA48-0701', 'PRE43-Q354', 'Monthly'),
('OP151-OH11', 'EXA22-8626', 'PRE74-B014', 'Often'),
('OP153-QY66', 'EXA09-8063', 'PRE68-I105', 'Daily'),
('OP160-YG64', 'EXA82-2851', 'PRE36-B774', 'Daily'),
('OP161-NQ39', 'EXA68-1087', 'PRE60-F431', 'Weekly'),
('OP161-RP33', 'EXA48-5872', 'PRE49-K824', 'Monthly'),
('OP164-CC58', 'EXA34-9188', 'PRE39-P647', 'Never'),
('OP165-VI31', 'EXA33-3459', 'PRE12-G675', 'Often'),
('OP165-XA98', 'EXA96-2801', 'PRE11-T185', 'Once'),
('OP169-CS38', 'EXA41-0555', 'PRE83-B032', 'Once'),
('OP170-NM83', 'EXA47-1815', 'PRE13-K529', 'Monthly'),
('OP170-YL63', 'EXA86-2925', 'PRE97-Z747', 'Seldom'),
('OP173-AP41', 'EXA79-2069', 'PRE92-S673', 'Seldom'),
('OP173-CC41', 'EXA86-2925', 'PRE97-Z747', 'Weekly'),
('OP174-BO46', 'EXA75-2934', 'PRE12-D079', 'Weekly'),
('OP179-CD97', 'EXA75-8968', 'PRE31-T586', 'Daily'),
('OP179-LF63', 'EXA17-9636', 'PRE06-R484', 'Seldom'),
('OP186-EJ74', 'EXA68-1087', 'PRE60-F431', 'Yearly'),
('OP188-MM18', 'EXA09-8063', 'PRE68-I105', 'Once'),
('OP191-ER00', 'EXA96-2801', 'PRE28-D211', 'Never'),
('OP191-YY07', 'EXA95-9354', 'PRE98-Y168', 'Never'),
('OP192-RM44', 'EXA83-1362', 'PRE17-D252', 'Daily'),
('OP193-WN01', 'EXA97-4930', 'PRE58-X030', 'Once'),
('OP194-DS93', 'EXA75-8968', 'PRE31-T586', 'Often'),
('OP196-BZ82', 'EXA24-6095', 'PRE90-H807', 'Seldom'),
('OP197-FZ52', 'EXA90-4387', 'PRE08-R806', 'Seldom'),
('OP198-QZ30', 'EXA95-9354', 'PRE52-B056', 'Once'),
('OP200-QT08', 'EXA48-5872', 'PRE84-E336', 'Daily'),
('OP200-XO42', 'EXA95-9354', 'PRE15-S102', 'Once'),
('OP201-KT06', 'EXA95-9354', 'PRE15-S102', 'Seldom'),
('OP202-KK55', 'EXA60-5095', 'PRE34-I437', 'Never'),
('OP203-AV64', 'EXA24-0546', 'PRE50-B593', 'Never'),
('OP204-TP45', 'EXA96-2801', 'PRE28-D211', 'Weekly'),
('OP210-IN14', 'EXA23-7998', 'PRE96-R239', 'Never'),
('OP210-ZL23', 'EXA95-9354', 'PRE78-V663', 'Once'),
('OP211-KN41', 'EXA15-8867', 'PRE61-W467', 'Daily'),
('OP212-EE24', 'EXA28-9815', 'PRE86-F779', 'Never'),
('OP222-KD20', 'EXA83-1362', 'PRE54-P735', 'Daily'),
('OP222-YN04', 'EXA07-2789', 'PRE11-B547', 'Yearly'),
('OP223-BV75', 'EXA48-0701', 'PRE43-Q354', 'Often'),
('OP225-ZE06', 'EXA77-3796', 'PRE33-C274', 'Once'),
('OP226-GO77', 'EXA95-9354', 'PRE71-Q730', 'Often'),
('OP228-MY50', 'EXA47-1815', 'PRE13-K529', 'Often'),
('OP229-SZ15', 'EXA77-6044', 'PRE96-L940', 'Yearly'),
('OP231-TL85', 'EXA03-8189', 'PRE56-U260', 'Yearly'),
('OP233-CA63', 'EXA77-6044', 'PRE48-N405', 'Often'),
('OP233-HI52', 'EXA17-9636', 'PRE06-R484', 'Weekly'),
('OP233-XF51', 'EXA27-5326', 'PRE74-V016', 'Seldom'),
('OP235-XP11', 'EXA92-2449', 'PRE77-M100', 'Yearly'),
('OP237-HS05', 'EXA75-8968', 'PRE28-N984', 'Once'),
('OP238-TR68', 'EXA47-4243', 'PRE10-M801', 'Daily'),
('OP248-MO93', 'EXA75-2934', 'PRE74-A181', 'Seldom'),
('OP248-TM70', 'EXA86-4723', 'PRE50-W644', 'Seldom'),
('OP250-PG00', 'EXA03-8189', 'PRE18-Q480', 'Seldom'),
('OP254-UK31', 'EXA47-4243', 'PRE10-M801', 'Daily'),
('OP255-IB63', 'EXA95-9354', 'PRE78-V663', 'Never'),
('OP255-NR20', 'EXA41-0555', 'PRE00-Y387', 'Seldom'),
('OP257-SY06', 'EXA03-0920', 'PRE03-L627', 'Yearly'),
('OP257-VE23', 'EXA86-4723', 'PRE50-W644', 'Daily'),
('OP258-QW89', 'EXA40-7273', 'PRE15-K069', 'Weekly'),
('OP264-IB93', 'EXA19-6729', 'PRE10-J187', 'Seldom'),
('OP268-WL77', 'EXA99-7030', 'PRE29-L414', 'Yearly'),
('OP269-II68', 'EXA96-2801', 'PRE11-T185', 'Yearly'),
('OP270-VP97', 'EXA26-8101', 'PRE13-K434', 'Monthly'),
('OP274-TZ91', 'EXA60-5095', 'PRE34-I437', 'Yearly'),
('OP276-IG58', 'EXA03-8189', 'PRE18-Q480', 'Once'),
('OP277-KN37', 'EXA24-6095', 'PRE90-H807', 'Never'),
('OP278-MN67', 'EXA90-4387', 'PRE08-R806', 'Yearly'),
('OP280-EQ20', 'EXA03-8189', 'PRE56-U260', 'Weekly'),
('OP283-EJ83', 'EXA47-1815', 'PRE13-K529', 'Weekly'),
('OP283-RN64', 'EXA17-1904', 'PRE49-M743', 'Weekly'),
('OP283-UL12', 'EXA03-8189', 'PRE95-N211', 'Daily'),
('OP285-SO95', 'EXA60-3435', 'PRE89-S065', 'Seldom'),
('OP286-KB25', 'EXA03-8189', 'PRE56-U260', 'Never'),
('OP286-RD91', 'EXA95-5718', 'PRE95-J387', 'Yearly'),
('OP289-FJ35', 'EXA83-1362', 'PRE65-G261', 'Never'),
('OP290-QG46', 'EXA07-2789', 'PRE11-B547', 'Often'),
('OP302-TA10', 'EXA92-2449', 'PRE43-D770', 'Yearly'),
('OP302-WK64', 'EXA62-3847', 'PRE84-H566', 'Weekly'),
('OP305-TI61', 'EXA22-8138', 'PRE32-S289', 'Seldom'),
('OP309-WL75', 'EXA03-8189', 'PRE56-U260', 'Monthly'),
('OP315-AB53', 'EXA95-9354', 'PRE98-Y168', 'Monthly'),
('OP318-RV17', 'EXA23-7998', 'PRE31-D818', 'Once'),
('OP320-HJ11', 'EXA24-6095', 'PRE88-Q090', 'Seldom'),
('OP320-QX53', 'EXA83-1362', 'PRE54-P735', 'Seldom'),
('OP323-RA50', 'EXA96-6088', 'PRE37-L213', 'Often'),
('OP329-ZF49', 'EXA96-2801', 'PRE88-N556', 'Daily'),
('OP336-JV81', 'EXA60-3435', 'PRE89-S065', 'Often'),
('OP338-EB53', 'EXA77-6044', 'PRE96-L940', 'Weekly'),
('OP338-WG96', 'EXA99-7030', 'PRE29-L414', 'Once'),
('OP339-FU57', 'EXA24-0546', 'PRE50-B593', 'Daily'),
('OP339-XD85', 'EXA05-8573', 'PRE57-V212', 'Once'),
('OP342-IK40', 'EXA58-4595', 'PRE66-U581', 'Seldom'),
('OP343-CG65', 'EXA83-1362', 'PRE65-G261', 'Seldom'),
('OP345-IT84', 'EXA60-3435', 'PRE89-S065', 'Yearly'),
('OP345-OG53', 'EXA58-4595', 'PRE66-U581', 'Daily'),
('OP346-JJ88', 'EXA24-6095', 'PRE88-Q090', 'Often'),
('OP347-MW36', 'EXA46-3726', 'PRE40-M772', 'Once'),
('OP350-BJ72', 'EXA86-2925', 'PRE97-Z747', 'Weekly'),
('OP350-MT14', 'EXA73-7434', 'PRE62-D851', 'Never'),
('OP352-SP99', 'EXA33-3459', 'PRE12-G675', 'Daily'),
('OP353-ZO41', 'EXA68-1087', 'PRE03-W951', 'Yearly'),
('OP354-IZ65', 'EXA67-8418', 'PRE99-Y744', 'Weekly'),
('OP356-UB77', 'EXA75-2934', 'PRE74-A181', 'Yearly'),
('OP357-RP73', 'EXA47-1815', 'PRE13-K529', 'Weekly'),
('OP358-BA34', 'EXA58-9026', 'PRE60-D319', 'Daily'),
('OP359-UC03', 'EXA68-1087', 'PRE03-W951', 'Weekly'),
('OP359-VJ68', 'EXA48-5872', 'PRE49-K824', 'Never'),
('OP360-KQ68', 'EXA95-9354', 'PRE15-S102', 'Monthly'),
('OP362-ZB71', 'EXA23-7998', 'PRE31-D818', 'Monthly'),
('OP363-AV48', 'EXA75-2934', 'PRE74-A181', 'Weekly'),
('OP364-HI92', 'EXA19-6729', 'PRE10-J187', 'Monthly'),
('OP365-LL18', 'EXA64-9787', 'PRE48-N789', 'Daily'),
('OP370-WD47', 'EXA39-8452', 'PRE57-B642', 'Monthly'),
('OP371-DK21', 'EXA03-0920', 'PRE03-L627', 'Monthly'),
('OP371-FJ72', 'EXA40-7273', 'PRE62-W742', 'Monthly'),
('OP372-WJ49', 'EXA73-7434', 'PRE62-D851', 'Often'),
('OP378-YG16', 'EXA67-9066', 'PRE96-U137', 'Monthly'),
('OP381-IT53', 'EXA22-8138', 'PRE32-S289', 'Seldom'),
('OP382-MA22', 'EXA48-5872', 'PRE49-K824', 'Often'),
('OP384-QW63', 'EXA95-9354', 'PRE04-C142', 'Once'),
('OP393-WS93', 'EXA77-6044', 'PRE48-N405', 'Seldom'),
('OP394-SB98', 'EXA23-7998', 'PRE31-D818', 'Often'),
('OP401-CZ46', 'EXA60-3435', 'PRE12-F220', 'Once'),
('OP402-AL97', 'EXA46-3726', 'PRE63-O817', 'Often'),
('OP405-RY45', 'EXA56-5355', 'PRE02-W125', 'Yearly'),
('OP409-MQ75', 'EXA83-1362', 'PRE17-D252', 'Never'),
('OP411-LH84', 'EXA92-2449', 'PRE43-D770', 'Yearly'),
('OP413-US10', 'EXA03-8189', 'PRE95-N211', 'Daily'),
('OP417-GW55', 'EXA46-3726', 'PRE65-D321', 'Once'),
('OP421-MP64', 'EXA39-3666', 'PRE41-X163', 'Never'),
('OP422-SA42', 'EXA95-9354', 'PRE71-Q730', 'Seldom'),
('OP426-EG75', 'EXA83-1362', 'PRE54-P735', 'Yearly'),
('OP427-JO30', 'EXA62-3847', 'PRE84-H566', 'Monthly'),
('OP428-VQ55', 'EXA46-3726', 'PRE65-D321', 'Yearly'),
('OP431-OO31', 'EXA34-9188', 'PRE39-P647', 'Never'),
('OP434-TP17', 'EXA85-1076', 'PRE77-F709', 'Daily'),
('OP436-CK31', 'EXA92-2449', 'PRE77-M100', 'Yearly'),
('OP439-IB15', 'EXA22-8626', 'PRE97-D014', 'Yearly'),
('OP440-IL27', 'EXA61-8424', 'PRE22-C945', 'Monthly'),
('OP446-AS18', 'EXA24-0546', 'PRE50-B593', 'Seldom'),
('OP449-BS96', 'EXA47-1815', 'PRE13-K529', 'Monthly'),
('OP452-LS84', 'EXA97-4930', 'PRE58-X030', 'Once'),
('OP454-ZA07', 'EXA41-0555', 'PRE00-Y387', 'Seldom'),
('OP462-BO00', 'EXA41-0555', 'PRE83-B032', 'Weekly'),
('OP462-FN71', 'EXA68-1087', 'PRE34-Z874', 'Monthly'),
('OP464-ZC32', 'EXA95-9354', 'PRE78-V663', 'Seldom'),
('OP465-HW81', 'EXA77-6044', 'PRE48-N405', 'Never'),
('OP466-JR78', 'EXA33-3459', 'PRE02-H371', 'Seldom'),
('OP473-NZ54', 'EXA83-1362', 'PRE54-P735', 'Monthly'),
('OP479-FV55', 'EXA86-2925', 'PRE97-Z747', 'Monthly'),
('OP481-YZ99', 'EXA79-2069', 'PRE94-Z332', 'Yearly'),
('OP482-HK91', 'EXA09-8063', 'PRE68-I105', 'Never'),
('OP482-KI82', 'EXA46-3726', 'PRE63-O817', 'Daily'),
('OP483-IT12', 'EXA92-2449', 'PRE77-M100', 'Often'),
('OP483-VD39', 'EXA51-3644', 'PRE47-N605', 'Daily'),
('OP488-VF20', 'EXA24-0546', 'PRE50-B593', 'Never'),
('OP491-ED20', 'EXA08-6113', 'PRE32-C200', 'Weekly'),
('OP494-DU86', 'EXA48-5872', 'PRE84-E336', 'Often'),
('OP495-WB36', 'EXA03-0920', 'PRE03-L627', 'Weekly'),
('OP496-MG06', 'EXA79-2069', 'PRE94-Z332', 'Seldom'),
('OP499-JO48', 'EXA23-7998', 'PRE96-R239', 'Never'),
('OP502-BB76', 'EXA46-3726', 'PRE63-O817', 'Seldom'),
('OP504-KW25', 'EXA59-7941', 'PRE85-O887', 'Monthly'),
('OP506-HN33', 'EXA62-3847', 'PRE84-H566', 'Once'),
('OP506-TZ84', 'EXA92-2449', 'PRE43-D770', 'Seldom'),
('OP508-PJ95', 'EXA26-8101', 'PRE13-K434', 'Daily'),
('OP508-RP12', 'EXA27-5326', 'PRE74-V016', 'Yearly'),
('OP509-JD79', 'EXA85-1076', 'PRE77-F709', 'Daily'),
('OP510-NC91', 'EXA33-3459', 'PRE02-H371', 'Never'),
('OP512-ID70', 'EXA83-1362', 'PRE17-D252', 'Never'),
('OP516-VX26', 'EXA22-8626', 'PRE74-B014', 'Seldom'),
('OP517-MH73', 'EXA40-7273', 'PRE62-W742', 'Monthly'),
('OP518-HO80', 'EXA03-8189', 'PRE18-Q480', 'Never'),
('OP519-WB52', 'EXA28-9815', 'PRE86-F779', 'Seldom'),
('OP519-YQ46', 'EXA33-3459', 'PRE26-U458', 'Monthly'),
('OP520-KK18', 'EXA67-9066', 'PRE96-U137', 'Never'),
('OP521-ZN19', 'EXA19-6729', 'PRE10-J187', 'Weekly'),
('OP522-YB32', 'EXA39-3666', 'PRE41-X163', 'Monthly'),
('OP524-UA11', 'EXA23-7998', 'PRE31-D818', 'Yearly'),
('OP525-XI93', 'EXA79-2069', 'PRE92-S673', 'Daily'),
('OP526-ZJ06', 'EXA75-2934', 'PRE52-K753', 'Never'),
('OP527-BV86', 'EXA75-2934', 'PRE12-D079', 'Daily'),
('OP528-BK74', 'EXA47-4243', 'PRE10-M801', 'Yearly'),
('OP529-QI52', 'EXA07-2789', 'PRE11-B547', 'Often'),
('OP529-SW05', 'EXA58-9026', 'PRE60-D319', 'Never'),
('OP529-XP15', 'EXA22-8626', 'PRE97-D014', 'Seldom'),
('OP530-WS48', 'EXA17-1904', 'PRE49-M743', 'Monthly'),
('OP532-IB16', 'EXA75-2934', 'PRE52-K753', 'Monthly'),
('OP532-MI33', 'EXA95-9354', 'PRE52-B056', 'Yearly'),
('OP533-HB09', 'EXA68-1087', 'PRE34-Z874', 'Once'),
('OP535-WU19', 'EXA34-9188', 'PRE39-P647', 'Often'),
('OP537-AI34', 'EXA03-0920', 'PRE03-L627', 'Often'),
('OP537-YA92', 'EXA07-2789', 'PRE11-B547', 'Monthly'),
('OP538-XL34', 'EXA75-8968', 'PRE31-T586', 'Once'),
('OP540-YW65', 'EXA39-8452', 'PRE57-B642', 'Never'),
('OP542-LW97', 'EXA48-5872', 'PRE84-E336', 'Often'),
('OP544-BL47', 'EXA17-1904', 'PRE49-M743', 'Monthly'),
('OP545-RJ04', 'EXA77-3796', 'PRE33-C274', 'Weekly'),
('OP546-KZ94', 'EXA17-1904', 'PRE49-M743', 'Weekly'),
('OP546-RO81', 'EXA85-1076', 'PRE77-F709', 'Yearly'),
('OP548-KV89', 'EXA56-5876', 'PRE01-G612', 'Often'),
('OP550-GV90', 'EXA24-6095', 'PRE88-Q090', 'Monthly'),
('OP553-WO30', 'EXA64-9787', 'PRE48-N789', 'Never'),
('OP555-KU97', 'EXA60-5095', 'PRE34-I437', 'Never'),
('OP555-ME90', 'EXA67-8418', 'PRE99-Y744', 'Yearly'),
('OP560-CO36', 'EXA99-7030', 'PRE46-O634', 'Weekly'),
('OP561-GJ08', 'EXA48-5872', 'PRE84-E336', 'Weekly'),
('OP561-JL11', 'EXA92-2449', 'PRE77-M100', 'Often'),
('OP561-TG60', 'EXA24-6095', 'PRE88-Q090', 'Weekly'),
('OP562-GO36', 'EXA73-7434', 'PRE62-D851', 'Seldom'),
('OP562-SC47', 'EXA03-8189', 'PRE37-C162', 'Often'),
('OP564-RE01', 'EXA56-5355', 'PRE02-W125', 'Daily'),
('OP565-PL98', 'EXA58-4595', 'PRE66-U581', 'Daily'),
('OP567-LJ27', 'EXA68-1087', 'PRE20-G733', 'Yearly'),
('OP570-QT90', 'EXA95-9354', 'PRE71-Q730', 'Never'),
('OP572-EV69', 'EXA03-8189', 'PRE18-Q480', 'Weekly'),
('OP575-GR27', 'EXA56-5876', 'PRE01-G612', 'Daily'),
('OP576-ZN70', 'EXA77-6044', 'PRE96-L940', 'Once'),
('OP580-OO96', 'EXA59-7941', 'PRE23-V464', 'Weekly'),
('OP582-TS95', 'EXA41-0555', 'PRE83-B032', 'Weekly'),
('OP582-UW32', 'EXA59-7941', 'PRE85-O887', 'Weekly'),
('OP584-HM12', 'EXA95-5718', 'PRE95-J387', 'Monthly'),
('OP584-IH38', 'EXA33-3459', 'PRE02-H371', 'Often'),
('OP585-ZD62', 'EXA40-7273', 'PRE62-W742', 'Weekly'),
('OP587-OD26', 'EXA83-1362', 'PRE17-D252', 'Weekly'),
('OP592-DG50', 'EXA19-6729', 'PRE10-J187', 'Daily'),
('OP592-GZ99', 'EXA83-1362', 'PRE65-G261', 'Often'),
('OP592-KA80', 'EXA15-8867', 'PRE61-W467', 'Monthly'),
('OP593-JD73', 'EXA46-3726', 'PRE65-D321', 'Never'),
('OP599-EB10', 'EXA40-7273', 'PRE15-K069', 'Monthly'),
('OP599-JQ35', 'EXA75-8968', 'PRE28-N984', 'Seldom'),
('OP600-PZ92', 'EXA99-7030', 'PRE46-O634', 'Often'),
('OP607-CC88', 'EXA47-4243', 'PRE10-M801', 'Often'),
('OP607-ET03', 'EXA86-2925', 'PRE97-Z747', 'Yearly'),
('OP607-IP83', 'EXA56-5876', 'PRE01-G612', 'Seldom'),
('OP609-LX08', 'EXA75-2934', 'PRE74-A181', 'Never'),
('OP609-PO22', 'EXA62-3847', 'PRE84-H566', 'Yearly'),
('OP612-JQ57', 'EXA22-8138', 'PRE32-S289', 'Weekly'),
('OP612-KN64', 'EXA48-5872', 'PRE49-K824', 'Yearly'),
('OP612-SK96', 'EXA97-4930', 'PRE58-X030', 'Never'),
('OP613-VZ89', 'EXA75-8968', 'PRE31-T586', 'Often'),
('OP614-RV06', 'EXA75-2934', 'PRE12-D079', 'Often'),
('OP615-DN32', 'EXA41-0555', 'PRE00-Y387', 'Never'),
('OP617-HK39', 'EXA60-3435', 'PRE89-S065', 'Weekly'),
('OP621-TY90', 'EXA51-3644', 'PRE47-N605', 'Once'),
('OP628-SB24', 'EXA46-3726', 'PRE40-M772', 'Once'),
('OP629-GV43', 'EXA07-2789', 'PRE53-K074', 'Seldom'),
('OP629-MU80', 'EXA03-8189', 'PRE18-Q480', 'Yearly'),
('OP631-OD32', 'EXA08-6113', 'PRE32-C200', 'Once'),
('OP631-YL19', 'EXA95-9354', 'PRE04-C142', 'Daily'),
('OP632-AF05', 'EXA34-9188', 'PRE39-P647', 'Once'),
('OP633-IP41', 'EXA79-2069', 'PRE92-S673', 'Once'),
('OP633-TH41', 'EXA95-9354', 'PRE52-B056', 'Seldom'),
('OP633-VQ90', 'EXA64-9787', 'PRE48-N789', 'Once'),
('OP634-YL77', 'EXA73-7434', 'PRE62-D851', 'Often'),
('OP635-DG91', 'EXA48-5872', 'PRE84-E336', 'Weekly'),
('OP635-KE35', 'EXA56-5876', 'PRE01-G612', 'Seldom'),
('OP635-ME18', 'EXA33-3459', 'PRE02-H371', 'Yearly'),
('OP637-KY39', 'EXA07-2789', 'PRE53-K074', 'Yearly'),
('OP639-DL42', 'EXA28-9815', 'PRE86-F779', 'Weekly'),
('OP641-HF52', 'EXA33-3459', 'PRE02-H371', 'Once'),
('OP643-XD75', 'EXA85-1076', 'PRE77-F709', 'Once'),
('OP644-MF45', 'EXA33-3459', 'PRE26-U458', 'Often'),
('OP645-SW76', 'EXA96-2801', 'PRE11-T185', 'Once'),
('OP653-OF85', 'EXA46-3726', 'PRE40-M772', 'Often'),
('OP654-EM07', 'EXA03-8189', 'PRE95-N211', 'Often'),
('OP656-YP65', 'EXA07-2789', 'PRE53-K074', 'Seldom'),
('OP658-DQ22', 'EXA56-5876', 'PRE01-G612', 'Often'),
('OP658-DQ66', 'EXA26-8101', 'PRE13-K434', 'Seldom'),
('OP659-AM52', 'EXA58-4595', 'PRE66-U581', 'Weekly'),
('OP660-VI68', 'EXA17-9636', 'PRE06-R484', 'Monthly'),
('OP661-LV55', 'EXA61-8424', 'PRE22-C945', 'Weekly'),
('OP662-DQ96', 'EXA24-0546', 'PRE50-B593', 'Monthly'),
('OP662-YP07', 'EXA33-3459', 'PRE26-U458', 'Seldom'),
('OP664-JL99', 'EXA59-7941', 'PRE23-V464', 'Never'),
('OP665-UL44', 'EXA95-9354', 'PRE52-B056', 'Seldom'),
('OP665-UP84', 'EXA68-1087', 'PRE20-G733', 'Never'),
('OP666-VM97', 'EXA28-9815', 'PRE86-F779', 'Yearly'),
('OP667-LL27', 'EXA64-9787', 'PRE48-N789', 'Yearly'),
('OP669-AU61', 'EXA79-2069', 'PRE92-S673', 'Daily'),
('OP672-NY06', 'EXA75-2934', 'PRE12-D079', 'Once'),
('OP675-AK00', 'EXA05-8573', 'PRE57-V212', 'Daily'),
('OP675-VP20', 'EXA39-8452', 'PRE57-B642', 'Seldom'),
('OP678-BJ96', 'EXA95-9354', 'PRE04-C142', 'Daily'),
('OP681-FF10', 'EXA92-2449', 'PRE43-D770', 'Yearly'),
('OP683-JI50', 'EXA60-3435', 'PRE89-S065', 'Weekly'),
('OP685-FZ55', 'EXA05-8573', 'PRE57-V212', 'Daily'),
('OP688-UM04', 'EXA96-6088', 'PRE37-L213', 'Yearly'),
('OP690-QL16', 'EXA03-8189', 'PRE37-C162', 'Weekly'),
('OP694-IS53', 'EXA22-8626', 'PRE74-B014', 'Monthly'),
('OP694-TE34', 'EXA79-8473', 'PRE30-R244', 'Yearly'),
('OP696-VG10', 'EXA96-2801', 'PRE88-N556', 'Seldom'),
('OP698-JJ42', 'EXA96-2801', 'PRE28-D211', 'Never'),
('OP702-SJ65', 'EXA48-0701', 'PRE43-Q354', 'Weekly'),
('OP709-JU44', 'EXA95-9354', 'PRE98-Y168', 'Monthly'),
('OP709-LV02', 'EXA96-2801', 'PRE28-D211', 'Weekly'),
('OP709-RG75', 'EXA22-8626', 'PRE97-D014', 'Weekly'),
('OP712-IK31', 'EXA61-8424', 'PRE22-C945', 'Yearly'),
('OP712-JE18', 'EXA55-4817', 'PRE26-D499', 'Monthly'),
('OP712-ME66', 'EXA08-6113', 'PRE32-C200', 'Weekly'),
('OP712-TO65', 'EXA22-8626', 'PRE97-D014', 'Yearly'),
('OP712-ZT82', 'EXA67-8418', 'PRE99-Y744', 'Once'),
('OP720-LA85', 'EXA05-8573', 'PRE57-V212', 'Monthly'),
('OP721-SO26', 'EXA40-7273', 'PRE15-K069', 'Yearly'),
('OP724-BG68', 'EXA59-7941', 'PRE85-O887', 'Never'),
('OP727-RT77', 'EXA90-4387', 'PRE08-R806', 'Never'),
('OP728-II87', 'EXA59-7941', 'PRE23-V464', 'Monthly'),
('OP729-OO82', 'EXA68-1087', 'PRE20-G733', 'Daily'),
('OP729-RV06', 'EXA23-7998', 'PRE96-R239', 'Yearly'),
('OP729-TC58', 'EXA39-3666', 'PRE41-X163', 'Daily'),
('OP735-HN05', 'EXA28-9815', 'PRE86-F779', 'Never'),
('OP742-SP13', 'EXA48-5872', 'PRE49-K824', 'Weekly'),
('OP744-LK45', 'EXA55-4817', 'PRE26-D499', 'Seldom'),
('OP748-GP19', 'EXA64-9787', 'PRE48-N789', 'Never'),
('OP749-GI91', 'EXA33-3459', 'PRE20-G843', 'Once'),
('OP749-HX80', 'EXA67-9066', 'PRE96-U137', 'Never'),
('OP749-MT42', 'EXA75-2934', 'PRE12-D079', 'Never'),
('OP755-FD66', 'EXA05-8573', 'PRE57-V212', 'Weekly'),
('OP755-PZ47', 'EXA97-4930', 'PRE58-X030', 'Often'),
('OP756-CK62', 'EXA96-2801', 'PRE88-N556', 'Daily'),
('OP760-PH15', 'EXA15-8867', 'PRE61-W467', 'Weekly'),
('OP760-VW69', 'EXA33-3459', 'PRE20-G843', 'Once'),
('OP761-TH57', 'EXA59-7941', 'PRE23-V464', 'Weekly'),
('OP762-HT41', 'EXA39-8452', 'PRE57-B642', 'Weekly'),
('OP762-RH47', 'EXA33-3459', 'PRE20-G843', 'Monthly'),
('OP763-BE93', 'EXA82-2851', 'PRE36-B774', 'Often'),
('OP765-AP90', 'EXA60-3435', 'PRE12-F220', 'Yearly'),
('OP765-DC93', 'EXA46-3726', 'PRE63-O817', 'Weekly'),
('OP765-QZ23', 'EXA95-9354', 'PRE15-S102', 'Seldom'),
('OP765-TY62', 'EXA48-0701', 'PRE43-Q354', 'Once'),
('OP766-QE10', 'EXA15-8867', 'PRE61-W467', 'Seldom'),
('OP768-XS96', 'EXA77-6044', 'PRE48-N405', 'Never'),
('OP771-NS45', 'EXA68-1087', 'PRE03-W951', 'Never'),
('OP772-UK07', 'EXA48-0701', 'PRE43-Q354', 'Monthly'),
('OP777-CS90', 'EXA33-3459', 'PRE20-G843', 'Daily'),
('OP778-AV95', 'EXA99-7030', 'PRE46-O634', 'Monthly'),
('OP781-BL55', 'EXA68-1087', 'PRE20-G733', 'Daily'),
('OP783-YD17', 'EXA08-6113', 'PRE32-C200', 'Once'),
('OP784-VH80', 'EXA07-2789', 'PRE53-K074', 'Seldom'),
('OP786-QL99', 'EXA03-8189', 'PRE95-N211', 'Yearly'),
('OP790-AQ46', 'EXA58-4595', 'PRE66-U581', 'Never'),
('OP793-EL61', 'EXA79-2069', 'PRE94-Z332', 'Seldom'),
('OP793-GG60', 'EXA24-6095', 'PRE88-Q090', 'Often'),
('OP796-GI62', 'EXA68-1087', 'PRE34-Z874', 'Seldom'),
('OP799-KN70', 'EXA41-0555', 'PRE83-B032', 'Often'),
('OP801-AC42', 'EXA03-8189', 'PRE37-C162', 'Once'),
('OP802-NK25', 'EXA58-9026', 'PRE60-D319', 'Often'),
('OP802-WP93', 'EXA95-9354', 'PRE78-V663', 'Often'),
('OP810-EJ43', 'EXA08-6113', 'PRE32-C200', 'Weekly'),
('OP811-HQ34', 'EXA40-7273', 'PRE62-W742', 'Seldom'),
('OP811-QO42', 'EXA27-5326', 'PRE74-V016', 'Often'),
('OP815-IP14', 'EXA75-8968', 'PRE28-N984', 'Never'),
('OP816-MA62', 'EXA55-4817', 'PRE26-D499', 'Weekly'),
('OP816-ZK73', 'EXA59-7941', 'PRE85-O887', 'Daily'),
('OP817-FJ09', 'EXA60-3435', 'PRE12-F220', 'Yearly'),
('OP818-EG68', 'EXA68-1087', 'PRE60-F431', 'Once'),
('OP820-BJ12', 'EXA96-2801', 'PRE11-T185', 'Monthly'),
('OP821-PT63', 'EXA41-0555', 'PRE83-B032', 'Once'),
('OP825-JJ91', 'EXA23-7998', 'PRE96-R239', 'Seldom'),
('OP832-AG67', 'EXA75-2934', 'PRE52-K753', 'Never'),
('OP835-TJ33', 'EXA17-1904', 'PRE49-M743', 'Seldom'),
('OP836-JN48', 'EXA79-2069', 'PRE92-S673', 'Often'),
('OP836-WJ00', 'EXA95-9354', 'PRE71-Q730', 'Yearly'),
('OP838-OY09', 'EXA99-7030', 'PRE29-L414', 'Daily'),
('OP842-YN69', 'EXA95-9354', 'PRE98-Y168', 'Seldom'),
('OP848-VN36', 'EXA83-1362', 'PRE17-D252', 'Once'),
('OP851-XQ08', 'EXA83-1362', 'PRE65-G261', 'Once'),
('OP853-RP41', 'EXA68-1087', 'PRE20-G733', 'Once'),
('OP853-TB72', 'EXA39-3666', 'PRE41-X163', 'Monthly'),
('OP857-DW70', 'EXA22-8626', 'PRE74-B014', 'Monthly'),
('OP859-NW97', 'EXA77-3796', 'PRE33-C274', 'Weekly'),
('OP861-BW87', 'EXA47-4243', 'PRE10-M801', 'Weekly'),
('OP867-CF40', 'EXA95-5718', 'PRE95-J387', 'Monthly'),
('OP872-GP33', 'EXA79-2069', 'PRE94-Z332', 'Never'),
('OP872-IH26', 'EXA09-8063', 'PRE68-I105', 'Never'),
('OP882-UJ24', 'EXA95-9354', 'PRE78-V663', 'Often'),
('OP885-AT03', 'EXA75-8968', 'PRE31-T586', 'Often'),
('OP899-AT32', 'EXA51-3644', 'PRE47-N605', 'Once'),
('OP899-XY08', 'EXA68-1087', 'PRE03-W951', 'Monthly'),
('OP900-LU85', 'EXA03-8189', 'PRE95-N211', 'Monthly'),
('OP903-KN10', 'EXA03-8189', 'PRE37-C162', 'Daily'),
('OP903-UV94', 'EXA96-2801', 'PRE88-N556', 'Never'),
('OP910-XH53', 'EXA59-7941', 'PRE23-V464', 'Weekly'),
('OP911-SE74', 'EXA75-8968', 'PRE28-N984', 'Often'),
('OP911-WQ80', 'EXA85-1076', 'PRE77-F709', 'Yearly'),
('OP911-YJ64', 'EXA77-6044', 'PRE96-L940', 'Yearly'),
('OP914-PF98', 'EXA34-9188', 'PRE39-P647', 'Daily'),
('OP914-SW13', 'EXA92-2449', 'PRE43-D770', 'Monthly'),
('OP915-AM21', 'EXA24-6095', 'PRE90-H807', 'Never'),
('OP915-QY55', 'EXA26-8101', 'PRE13-K434', 'Weekly'),
('OP917-DH41', 'EXA90-4387', 'PRE08-R806', 'Often'),
('OP921-RC39', 'EXA33-3459', 'PRE12-G675', 'Seldom'),
('OP921-UC79', 'EXA61-8424', 'PRE22-C945', 'Monthly'),
('OP921-YZ45', 'EXA99-7030', 'PRE46-O634', 'Once'),
('OP922-BI36', 'EXA55-4817', 'PRE26-D499', 'Seldom'),
('OP922-QC99', 'EXA55-4817', 'PRE26-D499', 'Yearly'),
('OP924-XD13', 'EXA67-8418', 'PRE99-Y744', 'Yearly'),
('OP925-UA39', 'EXA60-3435', 'PRE12-F220', 'Often'),
('OP928-CV03', 'EXA96-6088', 'PRE37-L213', 'Seldom'),
('OP929-IE38', 'EXA96-2801', 'PRE88-N556', 'Monthly'),
('OP931-JX01', 'EXA96-6088', 'PRE37-L213', 'Never'),
('OP932-HX80', 'EXA67-9066', 'PRE96-U137', 'Daily'),
('OP932-ZQ40', 'EXA77-6044', 'PRE48-N405', 'Once'),
('OP934-DD99', 'EXA33-3459', 'PRE20-G843', 'Monthly'),
('OP935-GR55', 'EXA95-5718', 'PRE95-J387', 'Monthly'),
('OP947-BU07', 'EXA92-2449', 'PRE77-M100', 'Seldom'),
('OP948-JN96', 'EXA19-6729', 'PRE10-J187', 'Seldom'),
('OP949-VV63', 'EXA68-1087', 'PRE03-W951', 'Monthly'),
('OP949-XX98', 'EXA46-3726', 'PRE40-M772', 'Once'),
('OP952-OE73', 'EXA68-1087', 'PRE34-Z874', 'Monthly'),
('OP952-XB88', 'EXA58-9026', 'PRE60-D319', 'Weekly'),
('OP952-YS96', 'EXA75-2934', 'PRE52-K753', 'Yearly'),
('OP953-CU75', 'EXA41-0555', 'PRE00-Y387', 'Yearly'),
('OP953-DD95', 'EXA46-3726', 'PRE65-D321', 'Often'),
('OP954-RM48', 'EXA68-1087', 'PRE60-F431', 'Yearly'),
('OP956-EL10', 'EXA68-1087', 'PRE60-F431', 'Never'),
('OP956-FR50', 'EXA99-7030', 'PRE29-L414', 'Never'),
('OP957-ZW39', 'EXA27-5326', 'PRE74-V016', 'Daily'),
('OP961-CC22', 'EXA40-7273', 'PRE15-K069', 'Weekly'),
('OP961-RY26', 'EXA60-5095', 'PRE34-I437', 'Seldom'),
('OP964-KZ29', 'EXA56-5355', 'PRE02-W125', 'Seldom'),
('OP967-MN30', 'EXA33-3459', 'PRE26-U458', 'Once'),
('OP970-XU23', 'EXA79-8473', 'PRE30-R244', 'Weekly'),
('OP978-IT54', 'EXA22-8138', 'PRE32-S289', 'Seldom'),
('OP985-KV82', 'EXA90-4387', 'PRE08-R806', 'Monthly'),
('OP985-PQ00', 'EXA22-8138', 'PRE32-S289', 'Often'),
('OP989-AW83', 'EXA95-9354', 'PRE98-Y168', 'Yearly'),
('OP989-EY32', 'EXA75-2934', 'PRE74-A181', 'Often'),
('OP995-PB34', 'EXA24-6095', 'PRE90-H807', 'Seldom'),
('OP996-TI91', 'EXA46-3726', 'PRE63-O817', 'Yearly'),
('OP998-GI84', 'EXA62-3847', 'PRE84-H566', 'Yearly'),
('OP999-OF44', 'EXA56-5355', 'PRE02-W125', 'Seldom'),
('OP999-YF99', 'EXA56-5355', 'PRE02-W125', 'Never');

-- --------------------------------------------------------

--
-- Estructura de tabla para la tabla `plantillaexamenpregunta`
--

DROP TABLE IF EXISTS `plantillaexamenpregunta`;
CREATE TABLE IF NOT EXISTS `plantillaexamenpregunta` (
                                                         `idPlantillaExamenPregunta` char(10) NOT NULL,
                                                         `PlantillaExamenCabeceraPEP` char(10) NOT NULL,
                                                         `TemaPregunta` int(11) DEFAULT NULL,
                                                         `PreguntaTexto` text NOT NULL,
                                                         `OpcionCorrecta` char(10) DEFAULT NULL,
                                                         PRIMARY KEY (`idPlantillaExamenPregunta`,`PlantillaExamenCabeceraPEP`),
                                                         KEY `FK_PLATILLAEXAMENPREGUNTA_PLANTILLAEXAMENCABECERA` (`PlantillaExamenCabeceraPEP`),
                                                         KEY `FK_PLANTILLAEXAMENPREGUNTA_TEMAEXAMENPREGUNTA` (`TemaPregunta`)
) ENGINE=InnoDB DEFAULT CHARSET=latin1;

--
-- Volcado de datos para la tabla `plantillaexamenpregunta`
--

INSERT INTO `plantillaexamenpregunta` (`idPlantillaExamenPregunta`, `PlantillaExamenCabeceraPEP`, `TemaPregunta`, `PreguntaTexto`, `OpcionCorrecta`) VALUES
('PRE00-Y387', 'EXA41-0555', 10, 'Other specified disorders of amniotic fluid and membranes, unspecified trimester, fetus 5', 'OP454-ZA07'),
('PRE01-G612', 'EXA56-5876', 6, 'Drug-induced chronic gout, left hand, with tophus (tophi)', 'OP548-KV89'),
('PRE02-H371', 'EXA33-3459', 7, 'Laceration without foreign body of unspecified hand', 'OP510-NC91'),
('PRE02-W125', 'EXA56-5355', 3, 'Other bursal cyst, unspecified wrist', 'OP964-KZ29'),
('PRE03-L627', 'EXA03-0920', 8, 'Aphakia, right eye', 'OP371-DK21'),
('PRE03-W951', 'EXA68-1087', 3, 'Encounter for supervision of normal first pregnancy, first trimester', 'OP353-ZO41'),
('PRE04-C142', 'EXA95-9354', 3, 'Moderate laceration of head of pancreas', 'OP095-NA73'),
('PRE06-R484', 'EXA17-9636', 9, 'Other acquired deformities of right foot', 'OP102-BL04'),
('PRE08-R806', 'EXA90-4387', 1, 'Underdosing of hemostatic drugs, sequela', 'OP197-FZ52'),
('PRE10-J187', 'EXA19-6729', 10, 'Corrosion of first degree of unspecified toe(s) (nail), sequela', 'OP948-JN96'),
('PRE10-M801', 'EXA47-4243', 10, 'Other vasculitis limited to the skin', 'OP238-TR68'),
('PRE11-B547', 'EXA07-2789', 7, 'Other complications specific to multiple gestation, unspecified trimester', 'OP015-KV92'),
('PRE11-T185', 'EXA96-2801', 5, 'Excessive menstruation at puberty', 'OP820-BJ12'),
('PRE12-D079', 'EXA75-2934', 8, 'Congenital malformation of upper alimentary tract, unspecified', 'OP672-NY06'),
('PRE12-F220', 'EXA60-3435', 9, 'Displaced comminuted fracture of shaft of right tibia, subsequent encounter for open fracture type I or II with routine healing', 'OP014-TQ67'),
('PRE12-G675', 'EXA33-3459', 8, 'Withdrawal symptoms from therapeutic use of drugs in newborn', 'OP165-VI31'),
('PRE13-K434', 'EXA26-8101', 1, 'Mosquito-borne viral encephalitis, unspecified', 'OP139-VV67'),
('PRE13-K529', 'EXA47-1815', 9, 'Insect bite (nonvenomous), unspecified ankle, subsequent encounter', 'OP449-BS96'),
('PRE15-K069', 'EXA40-7273', 1, 'Unspecified occupant of heavy transport vehicle injured in collision with other motor vehicles in nontraffic accident', 'OP038-OX27'),
('PRE15-S102', 'EXA95-9354', 8, 'Gonococcal pharyngitis', 'OP200-XO42'),
('PRE17-D252', 'EXA83-1362', 6, 'Insect bite (nonvenomous) of unspecified ear, sequela', 'OP192-RM44'),
('PRE18-Q480', 'EXA03-8189', 5, 'Pressure ulcer of ankle', 'OP250-PG00'),
('PRE20-G733', 'EXA68-1087', 7, 'Incarcerated fracture (avulsion) of medial epicondyle of left humerus', 'OP567-LJ27'),
('PRE20-G843', 'EXA33-3459', 1, 'Asphyxiation due to smothering under another person\'s body (in bed), undetermined', 'OP934-DD99'),
('PRE22-C945', 'EXA61-8424', 2, 'Simple chronic conjunctivitis, right eye', 'OP661-LV55'),
('PRE23-V464', 'EXA59-7941', 5, 'Personal history of mental and behavioral disorders', 'OP761-TH57'),
('PRE26-D499', 'EXA55-4817', 9, 'Contusion and laceration of cerebrum, unspecified, with loss of consciousness of any duration with death due to brain injury prior to regaining consciousness, sequela', 'OP712-JE18'),
('PRE26-U458', 'EXA33-3459', 5, 'Nondisplaced fracture of lateral condyle of left tibia, subsequent encounter for open fracture type I or II with nonunion', 'OP054-UT32'),
('PRE28-D211', 'EXA96-2801', 9, 'Unspecified fracture of lower end of unspecified ulna, subsequent encounter for open fracture type IIIA, IIIB, or IIIC with nonunion', 'OP018-QB37'),
('PRE28-N984', 'EXA75-8968', 9, 'Non-pressure chronic ulcer of unspecified part of unspecified lower leg with fat layer exposed', 'OP237-HS05'),
('PRE29-L414', 'EXA99-7030', 3, 'Displaced fracture of lateral condyle of right femur, subsequent encounter for closed fracture with malunion', 'OP268-WL77'),
('PRE30-R244', 'EXA79-8473', 7, 'Periprosthetic fracture around internal prosthetic right ankle joint, initial encounter', 'OP002-TD11'),
('PRE31-D818', 'EXA23-7998', 7, 'Spondyloepiphyseal dysplasia', 'OP394-SB98'),
('PRE31-T586', 'EXA75-8968', 1, 'Cerebral infarction due to embolism of right anterior cerebral artery', 'OP613-VZ89'),
('PRE32-C200', 'EXA08-6113', 3, 'Unspecified sprain of right index finger, sequela', 'OP810-EJ43'),
('PRE32-S289', 'EXA22-8138', 6, 'Displaced fracture of posterior process of right talus, initial encounter for open fracture', 'OP305-TI61'),
('PRE33-C274', 'EXA77-3796', 9, 'Other disorders of pancreatic internal secretion', 'OP545-RJ04'),
('PRE34-I437', 'EXA60-5095', 7, 'Nondisplaced fracture of greater trochanter of left femur, subsequent encounter for closed fracture with malunion', 'OP274-TZ91'),
('PRE34-Z874', 'EXA68-1087', 4, 'Maternal care for known or suspected placental insufficiency, third trimester, fetus 3', 'OP462-FN71'),
('PRE36-B774', 'EXA82-2851', 8, 'Poisoning by antidotes and chelating agents, intentional self-harm, subsequent encounter', 'OP132-NX74'),
('PRE37-C162', 'EXA03-8189', 4, 'Fracture of unspecified phalanx of other finger, subsequent encounter for fracture with routine healing', 'OP070-VF20'),
('PRE37-L213', 'EXA96-6088', 1, 'Foreign body granuloma of soft tissue, not elsewhere classified, unspecified shoulder', 'OP928-CV03'),
('PRE39-P647', 'EXA34-9188', 9, 'Melena', 'OP164-CC58'),
('PRE40-M772', 'EXA46-3726', 7, 'Exposure to flames in controlled fire, not in building or structure, subsequent encounter', 'OP093-SG86'),
('PRE41-X163', 'EXA39-3666', 1, 'Carbuncle of left lower limb', 'OP421-MP64'),
('PRE43-D770', 'EXA92-2449', 8, 'Nondisplaced fracture of medial condyle of unspecified tibia, subsequent encounter for open fracture type IIIA, IIIB, or IIIC with routine healing', 'OP302-TA10'),
('PRE43-Q354', 'EXA48-0701', 10, 'Foreign body granuloma of soft tissue, not elsewhere classified, hand', 'OP702-SJ65'),
('PRE46-O634', 'EXA99-7030', 5, 'Displaced fracture of lateral malleolus of left fibula, sequela', 'OP778-AV95'),
('PRE47-N605', 'EXA51-3644', 10, 'Unspecified fracture of skull, subsequent encounter for fracture with delayed healing', 'OP899-AT32'),
('PRE48-N405', 'EXA77-6044', 3, 'Adverse effect of glucocorticoids and synthetic analogues', 'OP233-CA63'),
('PRE48-N789', 'EXA64-9787', 3, 'Other fish poisoning, intentional self-harm, initial encounter', 'OP365-LL18'),
('PRE49-K824', 'EXA48-5872', 7, 'Perforation due to foreign body accidentally left in body following kidney dialysis, initial encounter', 'OP161-RP33'),
('PRE49-M743', 'EXA17-1904', 8, 'Animal-rider injured in collision with railway train or railway vehicle, subsequent encounter', 'OP546-KZ94'),
('PRE50-B593', 'EXA24-0546', 3, 'Panlobular emphysema', 'OP203-AV64'),
('PRE50-W644', 'EXA86-4723', 5, 'Traumatic subdural hemorrhage without loss of consciousness, sequela', 'OP148-OV05'),
('PRE52-B056', 'EXA95-9354', 3, 'Nondisplaced fracture of fifth metatarsal bone, unspecified foot, subsequent encounter for fracture with routine healing', 'OP532-MI33'),
('PRE52-K753', 'EXA75-2934', 1, 'Abnormal histological findings in specimens from female genital organs', 'OP075-KZ96'),
('PRE53-K074', 'EXA07-2789', 9, 'Other secondary chronic gout, unspecified hip', 'OP637-KY39'),
('PRE54-P735', 'EXA83-1362', 4, 'Unspecified focal traumatic brain injury with loss of consciousness of 31 minutes to 59 minutes', 'OP320-QX53'),
('PRE56-U260', 'EXA03-8189', 9, 'Nondisplaced fracture of proximal third of navicular [scaphoid] bone of unspecified wrist, subsequent encounter for fracture with routine healing', 'OP231-TL85'),
('PRE57-B642', 'EXA39-8452', 4, 'Burn of second degree of right thumb (nail)', 'OP675-VP20'),
('PRE57-V212', 'EXA05-8573', 3, 'Acquired absence of left ankle', 'OP720-LA85'),
('PRE58-X030', 'EXA97-4930', 2, 'Mandibular hypoplasia', 'OP193-WN01'),
('PRE60-D319', 'EXA58-9026', 3, 'Nondisplaced fracture of acromial process, unspecified shoulder, initial encounter for open fracture', 'OP802-NK25'),
('PRE60-F431', 'EXA68-1087', 7, 'Burn of first degree of left thumb (nail), sequela', 'OP818-EG68'),
('PRE61-W467', 'EXA15-8867', 8, 'Valgus deformity, not elsewhere classified, ankle', 'OP760-PH15'),
('PRE62-D851', 'EXA73-7434', 9, 'Hypertrophy of bone, right ulna', 'OP634-YL77'),
('PRE62-W742', 'EXA40-7273', 10, 'Laceration with foreign body, unspecified knee, initial encounter', 'OP371-FJ72'),
('PRE63-O817', 'EXA46-3726', 3, 'Breakdown (mechanical) of cardiac pulse generator (battery)', 'OP402-AL97'),
('PRE65-D321', 'EXA46-3726', 8, 'Unspecified dislocation of left thumb, sequela', 'OP417-GW55'),
('PRE65-G261', 'EXA83-1362', 1, 'Fall into other water striking bottom causing drowning and submersion, initial encounter', 'OP592-GZ99'),
('PRE66-U581', 'EXA58-4595', 10, 'Lead-induced chronic gout, hip', 'OP345-OG53'),
('PRE68-I105', 'EXA09-8063', 6, 'Drug-induced chronic gout, left elbow', 'OP872-IH26'),
('PRE71-Q730', 'EXA95-9354', 2, 'Burn of first degree of neck, initial encounter', 'OP836-WJ00'),
('PRE74-A181', 'EXA75-2934', 6, 'Fracture of orbital floor, left side, initial encounter for open fracture', 'OP248-MO93'),
('PRE74-B014', 'EXA22-8626', 6, 'Nondisplaced comminuted fracture of shaft of radius, left arm, subsequent encounter for open fracture type IIIA, IIIB, or IIIC with routine healing', 'OP857-DW70'),
('PRE74-V016', 'EXA27-5326', 6, 'Congenital and hereditary thrombocytopenia purpura', 'OP019-GJ12'),
('PRE77-F709', 'EXA85-1076', 5, 'Pathological fracture, right hand, subsequent encounter for fracture with routine healing', 'OP911-WQ80'),
('PRE77-M100', 'EXA92-2449', 3, 'Toxic effect of venom of other African and Asian snake, undetermined', 'OP436-CK31'),
('PRE78-V663', 'EXA95-9354', 2, 'Unspecified open wound of right back wall of thorax without penetration into thoracic cavity, subsequent encounter', 'OP210-ZL23'),
('PRE83-B032', 'EXA41-0555', 8, 'Laceration of muscle(s) and tendon(s) of anterior muscle group at lower leg level, unspecified leg, sequela', 'OP799-KN70'),
('PRE84-E336', 'EXA48-5872', 7, 'Poisoning by, adverse effect of and underdosing of diagnostic agents', 'OP494-DU86'),
('PRE84-H566', 'EXA62-3847', 9, 'Corrosion of unspecified degree of male genital region, subsequent encounter', 'OP998-GI84'),
('PRE85-O887', 'EXA59-7941', 8, 'Motorcycle driver injured in collision with car, pick-up truck or van in traffic accident, sequela', 'OP816-ZK73'),
('PRE86-F779', 'EXA28-9815', 1, 'Disorders of galactose metabolism', 'OP212-EE24'),
('PRE88-N556', 'EXA96-2801', 10, 'Osteitis condensans, right hand', 'OP329-ZF49'),
('PRE88-Q090', 'EXA24-6095', 7, 'Other complications of foreign body accidentally left in body following removal of catheter or packing, initial encounter', 'OP320-HJ11'),
('PRE89-S065', 'EXA60-3435', 10, 'Nondisplaced supracondylar fracture with intracondylar extension of lower end of unspecified femur, initial encounter for closed fracture', 'OP285-SO95'),
('PRE90-H807', 'EXA24-6095', 3, 'Other specified disorders of amniotic fluid and membranes, third trimester, fetus 2', 'OP196-BZ82'),
('PRE92-S673', 'EXA79-2069', 9, 'Dislocation of C1/C2 cervical vertebrae, initial encounter', 'OP525-XI93'),
('PRE94-Z332', 'EXA79-2069', 7, 'Unspecified subluxation of left foot, subsequent encounter', 'OP496-MG06'),
('PRE95-J387', 'EXA95-5718', 4, 'Contusion of left ring finger with damage to nail, sequela', 'OP286-RD91'),
('PRE95-N211', 'EXA03-8189', 9, 'Puncture wound with foreign body of right front wall of thorax without penetration into thoracic cavity, initial encounter', 'OP786-QL99'),
('PRE96-L940', 'EXA77-6044', 10, 'Unspecified fracture of lower end of unspecified ulna, initial encounter for closed fracture', 'OP019-DS96'),
('PRE96-R239', 'EXA23-7998', 1, 'Juvenile rheumatoid arthritis with systemic onset, left hip', 'OP825-JJ91'),
('PRE96-U137', 'EXA67-9066', 7, 'Sprain of interphalangeal joint of other finger', 'OP749-HX80'),
('PRE97-D014', 'EXA22-8626', 10, 'Unspecified open wound of abdominal wall, unspecified quadrant without penetration into peritoneal cavity, sequela', 'OP128-RI19'),
('PRE97-Z747', 'EXA86-2925', 9, 'Ulnar collateral ligament sprain of left elbow, sequela', 'OP607-ET03'),
('PRE98-Y168', 'EXA95-9354', 7, 'Alcohol use, unspecified', 'OP191-YY07'),
('PRE99-Y744', 'EXA67-8418', 4, 'Unspecified occipital condyle fracture, subsequent encounter for fracture with delayed healing', 'OP555-ME90');

-- --------------------------------------------------------

--
-- Estructura de tabla para la tabla `temaexamenpregunta`
--

DROP TABLE IF EXISTS `temaexamenpregunta`;
CREATE TABLE IF NOT EXISTS `temaexamenpregunta` (
                                                    `idTemaExamenPregunta` int(11) NOT NULL AUTO_INCREMENT,
                                                    `TemaPregunta` varchar(250) NOT NULL,
                                                    PRIMARY KEY (`idTemaExamenPregunta`)
) ENGINE=InnoDB AUTO_INCREMENT=11 DEFAULT CHARSET=latin1;

--
-- Volcado de datos para la tabla `temaexamenpregunta`
--

INSERT INTO `temaexamenpregunta` (`idTemaExamenPregunta`, `TemaPregunta`) VALUES
(1, 'Herencia'),
(2, 'Algoritmos'),
(3, 'Ciencia de datos'),
(4, 'Comunicacion con le cliente'),
(5, 'data con el cliente'),
(6, 'recoleccion de datos'),
(7, 'interpretacion'),
(8, 'sociologia neutral'),
(9, 'medio ambiente sostenible'),
(10, 'colaboracion grupal');

-- --------------------------------------------------------

--
-- Estructura de tabla para la tabla `tipoexamen`
--

DROP TABLE IF EXISTS `tipoexamen`;
CREATE TABLE IF NOT EXISTS `tipoexamen` (
                                            `idTipoExamen` int(11) NOT NULL AUTO_INCREMENT,
                                            `TipoExamen` varchar(250) NOT NULL,
                                            PRIMARY KEY (`idTipoExamen`)
) ENGINE=InnoDB AUTO_INCREMENT=11 DEFAULT CHARSET=latin1;

--
-- Volcado de datos para la tabla `tipoexamen`
--

INSERT INTO `tipoexamen` (`idTipoExamen`, `TipoExamen`) VALUES
(1, 'Programacion'),
(2, 'Biologia'),
(3, 'ciencias'),
(4, 'sociales'),
(5, 'literatura'),
(6, 'Programacion'),
(7, 'Biologia'),
(8, 'ciencias'),
(9, 'sociales'),
(10, 'literatura');

--
-- Restricciones para tablas volcadas
--

--
-- Filtros para la tabla `administrador`
--
ALTER TABLE `administrador`
    ADD CONSTRAINT `FK_Administrador_Persona` FOREIGN KEY (`PersonaAdministrador`) REFERENCES `persona` (`PersonaCodigo`);

--
-- Filtros para la tabla `alumno`
--
ALTER TABLE `alumno`
    ADD CONSTRAINT `FK_Alumno_Persona` FOREIGN KEY (`PersonaAlumno`) REFERENCES `persona` (`PersonaCodigo`);

--
-- Filtros para la tabla `alumnorespuesta`
--
ALTER TABLE `alumnorespuesta`
    ADD CONSTRAINT `FK_AlmunoRespuesta_AlumnoRespuestaCabecera` FOREIGN KEY (`PlantillaExamenCabeceraAR`,`AlumnoAR`) REFERENCES `alumnorespuestacabecera` (`PlantillaExamenCabecera`, `Alumno`),
    ADD CONSTRAINT `FK_AlmunoRespuesta_PlantillaExamenPregunta` FOREIGN KEY (`PlantillaExamenPreguntaAR`,`PlantillaExamenCabeceraARPEP`) REFERENCES `plantillaexamenpregunta` (`idPlantillaExamenPregunta`, `PlantillaExamenCabeceraPEP`);

--
-- Filtros para la tabla `alumnorespuestacabecera`
--
ALTER TABLE `alumnorespuestacabecera`
    ADD CONSTRAINT `FK_AlumnoRespuestaCabecera_Alumno` FOREIGN KEY (`Alumno`) REFERENCES `alumno` (`AlumnoCodigo`),
    ADD CONSTRAINT `FK_AlumnoRespuestaCabecera_PlantillaExamenCabecera` FOREIGN KEY (`PlantillaExamenCabecera`) REFERENCES `plantillaexamencabecera` (`idPlantillaExamenCabecera`);

--
-- Filtros para la tabla `autenticacion`
--
ALTER TABLE `autenticacion`
    ADD CONSTRAINT `FK_Autenticacion_Contrato` FOREIGN KEY (`Contrato`) REFERENCES `contrato` (`ContratoCodigo`);

--
-- Filtros para la tabla `contrato`
--
ALTER TABLE `contrato`
    ADD CONSTRAINT `FK_Contrato_Empresa` FOREIGN KEY (`Empresa`) REFERENCES `empresa` (`EmpresaCodigo`);

--
-- Filtros para la tabla `docente`
--
ALTER TABLE `docente`
    ADD CONSTRAINT `FK_Docente_Persona` FOREIGN KEY (`PersonaDocente`) REFERENCES `persona` (`PersonaCodigo`);

--
-- Filtros para la tabla `empresa`
--
ALTER TABLE `empresa`
    ADD CONSTRAINT `FK_Empresa_Pais` FOREIGN KEY (`EmpresaPais`) REFERENCES `pais` (`PaisCodigo`);

--
-- Filtros para la tabla `persona`
--
ALTER TABLE `persona`
    ADD CONSTRAINT `FK_Persona_Autenticacion` FOREIGN KEY (`PersonaAutenticacion`) REFERENCES `autenticacion` (`AutenticacionCodigo`),
    ADD CONSTRAINT `FK_Persona_Pais` FOREIGN KEY (`PersonaPais`) REFERENCES `pais` (`PaisCodigo`);

--
-- Filtros para la tabla `plantillaexamencabecera`
--
ALTER TABLE `plantillaexamencabecera`
    ADD CONSTRAINT `FK_PLANTILLAEXAMENCABECERA_CURSOEXAMEN` FOREIGN KEY (`CursoExamen`) REFERENCES `cursoexamen` (`idCursoExamen`),
    ADD CONSTRAINT `FK_PLANTILLAEXAMENCABECERA_DOCENTE` FOREIGN KEY (`Docente`) REFERENCES `docente` (`DocenteCodigo`),
    ADD CONSTRAINT `FK_PLANTILLAEXAMENCABECERA_TIPOEXAMEN` FOREIGN KEY (`TipoExamen`) REFERENCES `tipoexamen` (`idTipoExamen`);

--
-- Filtros para la tabla `plantillaexamenopcion`
--
ALTER TABLE `plantillaexamenopcion`
    ADD CONSTRAINT `FK_PLANTILLAEXAMENOPCION_PLANTILLAEXAMENPREGUNTA` FOREIGN KEY (`PlatillaExamenCabeceraPEO`,`PlatillaExamenPregunta`) REFERENCES `plantillaexamenpregunta` (`PlantillaExamenCabeceraPEP`, `idPlantillaExamenPregunta`);

--
-- Filtros para la tabla `plantillaexamenpregunta`
--
ALTER TABLE `plantillaexamenpregunta`
    ADD CONSTRAINT `FK_PLANTILLAEXAMENPREGUNTA_TEMAEXAMENPREGUNTA` FOREIGN KEY (`TemaPregunta`) REFERENCES `temaexamenpregunta` (`idTemaExamenPregunta`),
    ADD CONSTRAINT `FK_PLATILLAEXAMENPREGUNTA_PLANTILLAEXAMENCABECERA` FOREIGN KEY (`PlantillaExamenCabeceraPEP`) REFERENCES `plantillaexamencabecera` (`idPlantillaExamenCabecera`);
COMMIT;

/*!40101 SET CHARACTER_SET_CLIENT=@OLD_CHARACTER_SET_CLIENT */;
/*!40101 SET CHARACTER_SET_RESULTS=@OLD_CHARACTER_SET_RESULTS */;
/*!40101 SET COLLATION_CONNECTION=@OLD_COLLATION_CONNECTION */;
